-- phpMyAdmin SQL Dump
-- version 4.2.7.1
-- http://www.phpmyadmin.net
--
-- Host: localhost
-- Generation Time: Aug 20, 2018 at 02:12 AM
-- Server version: 5.7.21-log
-- PHP Version: 5.4.31

SET SQL_MODE = "NO_AUTO_VALUE_ON_ZERO";
SET time_zone = "+00:00";


/*!40101 SET @OLD_CHARACTER_SET_CLIENT=@@CHARACTER_SET_CLIENT */;
/*!40101 SET @OLD_CHARACTER_SET_RESULTS=@@CHARACTER_SET_RESULTS */;
/*!40101 SET @OLD_COLLATION_CONNECTION=@@COLLATION_CONNECTION */;
/*!40101 SET NAMES utf8 */;

--
-- Database: `transport`
--

-- --------------------------------------------------------

--
-- Table structure for table `associatedwith`
--

CREATE TABLE IF NOT EXISTS `associatedwith` (
  `DNo` int(11) NOT NULL,
  `ParkingAreaID` int(11) NOT NULL,
  `VicinityNo` int(11) DEFAULT NULL
) ENGINE=InnoDB DEFAULT CHARSET=latin1;

--
-- Dumping data for table `associatedwith`
--

INSERT INTO `associatedwith` (`DNo`, `ParkingAreaID`, `VicinityNo`) VALUES
(1, 1, 11),
(1, 2, 6),
(1, 3, 5),
(1, 4, 4),
(1, 5, 2),
(1, 6, 1),
(1, 7, 3),
(1, 8, 7),
(1, 9, 8),
(1, 10, 10),
(1, 11, 0),
(1, 12, 0),
(2, 1, 10),
(2, 2, 9),
(2, 3, 8),
(2, 4, 5),
(2, 5, 6),
(2, 6, 7),
(2, 7, 4),
(2, 8, 3),
(2, 9, 1),
(2, 10, 2),
(2, 11, 0),
(2, 12, 0),
(3, 1, 10),
(3, 2, 4),
(3, 3, 3),
(3, 4, 2),
(3, 5, 5),
(3, 6, 6),
(3, 7, 1),
(3, 8, 7),
(3, 9, 8),
(3, 10, 9),
(3, 11, 0),
(3, 12, 0),
(4, 1, 1),
(4, 2, 2),
(4, 3, 3),
(4, 4, 4),
(4, 5, 5),
(4, 6, 10),
(4, 7, 9),
(4, 8, 8),
(4, 9, 7),
(4, 10, 6),
(4, 11, 0),
(4, 12, 0),
(5, 1, 7),
(5, 2, 3),
(5, 3, 1),
(5, 4, 2),
(5, 5, 4),
(5, 6, 5),
(5, 7, 6),
(5, 8, 8),
(5, 9, 9),
(5, 10, 10),
(5, 11, 0),
(5, 12, 0),
(6, 1, 7),
(6, 2, 3),
(6, 3, 1),
(6, 4, 2),
(6, 5, 4),
(6, 6, 5),
(6, 7, 6),
(6, 8, 8),
(6, 9, 9),
(6, 10, 10),
(6, 11, 0),
(6, 12, 0),
(7, 1, 7),
(7, 2, 1),
(7, 3, 3),
(7, 4, 2),
(7, 5, 4),
(7, 6, 5),
(7, 7, 6),
(7, 8, 10),
(7, 9, 8),
(7, 10, 9),
(7, 11, 0),
(7, 12, 0),
(8, 1, 10),
(8, 2, 9),
(8, 3, 8),
(8, 4, 7),
(8, 5, 6),
(8, 6, 5),
(8, 7, 4),
(8, 8, 3),
(8, 9, 1),
(8, 10, 2),
(8, 11, 0),
(8, 12, 0),
(9, 1, 10),
(9, 2, 9),
(9, 3, 8),
(9, 4, 7),
(9, 5, 6),
(9, 6, 5),
(9, 7, 4),
(9, 8, 3),
(9, 9, 1),
(9, 10, 2),
(9, 11, 0),
(9, 12, 0),
(10, 1, 11),
(10, 2, 6),
(10, 3, 5),
(10, 4, 4),
(10, 5, 2),
(10, 6, 1),
(10, 7, 3),
(10, 8, 7),
(10, 9, 8),
(10, 10, 10),
(10, 11, 0),
(10, 12, 0),
(11, 1, 4),
(11, 2, 5),
(11, 3, 8),
(11, 4, 6),
(11, 5, 9),
(11, 6, 10),
(11, 7, 7),
(11, 8, 3),
(11, 9, 2),
(11, 10, 1),
(11, 11, 0),
(11, 12, 0),
(12, 1, 10),
(12, 2, 2),
(12, 3, 3),
(12, 4, 1),
(12, 5, 4),
(12, 6, 6),
(12, 7, 5),
(12, 8, 7),
(12, 9, 8),
(12, 10, 9),
(12, 11, 0),
(12, 12, 0);

-- --------------------------------------------------------

--
-- Table structure for table `bus`
--

CREATE TABLE IF NOT EXISTS `bus` (
  `BusNo` varchar(15) NOT NULL,
  `NoOfSeats` int(11) DEFAULT NULL,
  `InsuranceNo` varchar(15) DEFAULT NULL,
  `RouteNo` int(11) DEFAULT NULL,
  `Date` date NOT NULL
) ENGINE=InnoDB DEFAULT CHARSET=latin1;

--
-- Dumping data for table `bus`
--

INSERT INTO `bus` (`BusNo`, `NoOfSeats`, `InsuranceNo`, `RouteNo`, `Date`) VALUES
('KA-01-F-0111', 30, '1234567891', 5, '2018-05-01'),
('KA-01-F-0119', 30, '', 5, '2018-05-01'),
('KA-01-F-0121', 30, '1234567891', 9, '2017-07-10'),
('KA-03-E-2133', 50, 'OJPL695822', 7, '2017-07-10'),
('KA-11-A-5153', 40, 'JCTM829884', 1, '2017-07-10'),
('KA-24-H-6395', 60, 'HCQI193455', 10, '2017-07-10'),
('KA-27-I-4228', 60, 'BSTN779217', 11, '2017-07-10'),
('KA-34-F-3910', 50, 'OQMD915563', 8, '2017-07-10'),
('KA-35-J-5511', 60, 'CEUT452161', 12, '2017-07-10'),
('KA-39-D-3677', 40, 'XYCD949329', 6, '2017-07-10'),
('KA-45-C-958', 40, 'OWUQ380307', 3, '2017-07-10'),
('KA-47-G-6088', 50, 'DERO135058', 9, '2017-07-10'),
('KA-48-B-8782', 40, 'UYXW997755', 2, '2017-07-10');

-- --------------------------------------------------------

--
-- Table structure for table `department`
--

CREATE TABLE IF NOT EXISTS `department` (
  `DNo` int(11) NOT NULL,
  `DName` varchar(70) DEFAULT NULL,
  `HoDID` varchar(12) DEFAULT NULL
) ENGINE=InnoDB DEFAULT CHARSET=latin1;

--
-- Dumping data for table `department`
--

INSERT INTO `department` (`DNo`, `DName`, `HoDID`) VALUES
(1, 'Aerospace Engineering', '10T8036'),
(2, 'Biotechnology', '10T2082'),
(3, 'Chemical Engineering', '11T3312'),
(4, 'Civil Engineering', '11T1621'),
(5, 'Computer Science and Engineering', '13T6497'),
(6, 'Electrical and Electronics Engineering', '10T5639'),
(7, 'Electronics and Communication Engineering', '10T9817'),
(8, 'Electronics and Instrumentation Engineering', '10T3332'),
(9, 'Industrial Engineering and Management', '10T3067'),
(10, 'Information Science and Engineering', '11T3722'),
(11, 'Mechanical Engineering', '12T5757'),
(12, 'Telecommunication Engineering', '10T1443'),
(13, 'Office', '12N3753'),
(14, 'Transport', '10N6130');

-- --------------------------------------------------------

--
-- Table structure for table `drives`
--

CREATE TABLE IF NOT EXISTS `drives` (
  `MemberID` varchar(12) NOT NULL,
  `BusNo` varchar(15) NOT NULL,
  `DrivingDate` date NOT NULL
) ENGINE=InnoDB DEFAULT CHARSET=latin1;

--
-- Dumping data for table `drives`
--

INSERT INTO `drives` (`MemberID`, `BusNo`, `DrivingDate`) VALUES
('10N0002', 'KA-01-F-0111', '2001-05-18'),
('10N0001', 'KA-01-F-0119', '2001-05-18'),
('10N0004', 'KA-01-F-0121', '2001-05-18'),
('10N0004', 'KA-01-F-0121', '2018-05-01'),
('17N5613', 'KA-03-E-2133', '2017-07-15'),
('10N2953', 'KA-11-A-5153', '2017-07-15'),
('14N7418', 'KA-24-H-6395', '2017-07-15'),
('15N5461', 'KA-27-I-4228', '2017-07-15'),
('10N6547', 'KA-34-F-3910', '2017-07-15'),
('15N8477', 'KA-35-J-5511', '2017-07-15'),
('12N6575', 'KA-39-D-3677', '2017-07-15'),
('15N3478', 'KA-45-C-958', '2017-07-15'),
('17N1970', 'KA-47-G-6088', '2017-07-15'),
('13N3894', 'KA-48-B-8782', '2017-07-15');

-- --------------------------------------------------------

--
-- Table structure for table `enrollsfor`
--

CREATE TABLE IF NOT EXISTS `enrollsfor` (
  `MemberID` varchar(12) NOT NULL,
  `RouteNo` int(11) NOT NULL,
  `RouteSetDate` date NOT NULL,
  `StopNo` int(11) NOT NULL,
  `ReceiptNo` int(11) NOT NULL,
  `BusAmount` int(11) NOT NULL,
  `BusNo` varchar(15) NOT NULL,
  `SeatNo` int(11) NOT NULL,
  `EnrollmentDate` date DEFAULT NULL
) ENGINE=InnoDB DEFAULT CHARSET=latin1;

--
-- Dumping data for table `enrollsfor`
--

INSERT INTO `enrollsfor` (`MemberID`, `RouteNo`, `RouteSetDate`, `StopNo`, `ReceiptNo`, `BusAmount`, `BusNo`, `SeatNo`, `EnrollmentDate`) VALUES
('10N7426', 2, '2017-07-10', 2, 57967, 20500, 'KA-48-B-8782', 30, '2017-07-22'),
('10N9503', 6, '2017-07-10', 9, 14191, 21500, 'KA-39-D-3677', 6, '2017-07-22'),
('10T1443', 1, '2017-07-10', 4, 92910, 20000, 'KA-11-A-5153', 31, '2017-07-24'),
('10T2082', 1, '2017-07-10', 4, 89854, 20000, 'KA-11-A-5153', 34, '2017-07-23'),
('10T3067', 2, '2017-07-10', 8, 87355, 20500, 'KA-48-B-8782', 34, '2017-07-25'),
('10T3332', 6, '2017-07-10', 3, 38623, 21500, 'KA-39-D-3677', 32, '2017-07-23'),
('10T3483', 6, '2017-07-10', 1, 84714, 21500, 'KA-39-D-3677', 34, '2017-07-22'),
('10T3873', 1, '2017-07-10', 4, 97896, 20000, 'KA-11-A-5153', 22, '2017-07-22'),
('10T3968', 6, '2017-07-10', 9, 16751, 21500, 'KA-39-D-3677', 35, '2017-07-22'),
('10T4773', 1, '2017-07-10', 4, 78828, 20000, 'KA-11-A-5153', 25, '2017-07-24'),
('10T4790', 12, '2017-07-10', 3, 28974, 24500, 'KA-35-J-5511', 32, '2017-07-22'),
('10T5639', 7, '2017-07-10', 6, 84138, 22000, 'KA-03-E-2133', 31, '2017-07-21'),
('10T6768', 7, '2017-07-10', 1, 25729, 22000, 'KA-03-E-2133', 34, '2017-07-25'),
('10T8036', 1, '2017-07-10', 9, 60631, 20000, 'KA-11-A-5153', 32, '2017-07-24'),
('10T8692', 1, '2017-07-10', 8, 99348, 20000, 'KA-11-A-5153', 33, '2017-07-22'),
('10T9093', 10, '2017-07-10', 4, 94079, 23500, 'KA-24-H-6395', 4, '2017-07-23'),
('10T9817', 1, '2017-07-10', 8, 53626, 20000, 'KA-11-A-5153', 12, '2017-07-25'),
('11N5648', 6, '2017-07-10', 6, 46799, 21500, 'KA-39-D-3677', 19, '2017-07-25'),
('11N9501', 2, '2017-07-10', 7, 34625, 20500, 'KA-48-B-8782', 35, '2017-07-25'),
('11T1621', 1, '2017-07-10', 2, 15481, 20000, 'KA-11-A-5153', 19, '2017-07-25'),
('11T2475', 1, '2017-07-10', 1, 83879, 20000, 'KA-11-A-5153', 24, '2017-07-21'),
('11T3312', 9, '2017-07-10', 1, 64302, 23000, 'KA-47-G-6088', 34, '2017-07-21'),
('11T3442', 1, '2017-07-10', 5, 76694, 20000, 'KA-11-A-5153', 27, '2017-07-22'),
('11T3564', 12, '2017-07-10', 1, 43569, 24500, 'KA-35-J-5511', 31, '2017-07-22'),
('11T3722', 1, '2017-07-10', 6, 79081, 20000, 'KA-11-A-5153', 29, '2017-07-22'),
('11T3795', 12, '2017-07-10', 7, 45892, 24500, 'KA-35-J-5511', 33, '2017-07-22'),
('11T4371', 2, '2017-07-10', 7, 52201, 20500, 'KA-48-B-8782', 2, '2017-07-23'),
('11T4380', 2, '2017-07-10', 7, 15784, 20500, 'KA-48-B-8782', 6, '2017-07-22'),
('11T5057', 10, '2017-07-10', 9, 91809, 23500, 'KA-24-H-6395', 14, '2017-07-24'),
('11T5443', 2, '2017-07-10', 8, 90590, 20500, 'KA-48-B-8782', 24, '2017-07-25'),
('11T6036', 2, '2017-07-10', 7, 58382, 20500, 'KA-48-B-8782', 11, '2017-07-25'),
('11T7798', 2, '2017-07-10', 5, 21758, 20500, 'KA-48-B-8782', 16, '2017-07-21'),
('11T8201', 6, '2017-07-10', 3, 66788, 21500, 'KA-39-D-3677', 4, '2017-07-24'),
('11T8722', 10, '2017-07-10', 2, 62297, 23500, 'KA-24-H-6395', 6, '2017-07-24'),
('11T9088', 6, '2017-07-10', 8, 84728, 21500, 'KA-39-D-3677', 16, '2017-07-22'),
('11T9527', 10, '2017-07-10', 6, 57614, 23500, 'KA-24-H-6395', 9, '2017-07-22'),
('12N6861', 1, '2017-07-10', 4, 70944, 20000, 'KA-11-A-5153', 1, '2017-07-23'),
('12N7414', 7, '2017-07-10', 8, 27950, 22000, 'KA-03-E-2133', 5, '2017-07-25'),
('12N7722', 2, '2017-07-10', 1, 24096, 20500, 'KA-48-B-8782', 33, '2017-07-23'),
('12N7809', 3, '2017-07-10', 7, 13447, 21000, 'KA-45-C-958', 35, '2017-07-25'),
('12N8624', 7, '2017-07-10', 3, 43930, 22000, 'KA-03-E-2133', 6, '2017-07-23'),
('12T1184', 6, '2017-07-10', 6, 52023, 21500, 'KA-39-D-3677', 28, '2017-07-21'),
('12T1849', 10, '2017-07-10', 5, 62008, 23500, 'KA-24-H-6395', 34, '2017-07-22'),
('12T2553', 10, '2017-07-10', 7, 22585, 23500, 'KA-24-H-6395', 11, '2017-07-23'),
('12T3171', 2, '2017-07-10', 4, 22100, 20500, 'KA-48-B-8782', 23, '2017-07-21'),
('12T3973', 2, '2017-07-10', 5, 35864, 20500, 'KA-48-B-8782', 25, '2017-07-21'),
('12T5757', 10, '2017-07-10', 7, 67769, 23500, 'KA-24-H-6395', 15, '2017-07-23'),
('12T5926', 8, '2017-07-10', 5, 88010, 22500, 'KA-34-F-3910', 29, '2017-07-25'),
('12T7661', 9, '2017-07-10', 3, 79344, 23000, 'KA-47-G-6088', 2, '2017-07-25'),
('12T7759', 3, '2017-07-10', 2, 52077, 21000, 'KA-45-C-958', 2, '2017-07-24'),
('12T8908', 3, '2017-07-10', 8, 14498, 21000, 'KA-45-C-958', 11, '2017-07-25'),
('13N1488', 6, '2017-07-10', 4, 87805, 21500, 'KA-39-D-3677', 31, '2017-07-25'),
('13N5042', 3, '2017-07-10', 3, 29178, 21000, 'KA-45-C-958', 32, '2017-07-21'),
('13N5672', 6, '2017-07-10', 3, 72415, 21500, 'KA-39-D-3677', 33, '2017-07-21'),
('13N5726', 12, '2017-07-10', 3, 34112, 24500, 'KA-35-J-5511', 15, '2017-07-25'),
('13N8576', 3, '2017-07-10', 9, 69099, 21000, 'KA-45-C-958', 33, '2017-07-22'),
('13N9270', 7, '2017-07-10', 1, 29081, 22000, 'KA-03-E-2133', 35, '2017-07-21'),
('13N9466', 3, '2017-07-10', 8, 39012, 21000, 'KA-45-C-958', 31, '2017-07-25'),
('13T1110', 3, '2017-07-10', 4, 88392, 21000, 'KA-45-C-958', 28, '2017-07-24'),
('13T1218', 6, '2017-07-10', 4, 81639, 21500, 'KA-39-D-3677', 3, '2017-07-22'),
('13T1430', 12, '2017-07-10', 9, 20829, 24500, 'KA-35-J-5511', 3, '2017-07-21'),
('13T2030', 10, '2017-07-10', 6, 47705, 23500, 'KA-24-H-6395', 26, '2017-07-21'),
('13T3381', 6, '2017-07-10', 7, 30353, 21500, 'KA-39-D-3677', 14, '2017-07-25'),
('13T3835', 3, '2017-07-10', 2, 62309, 21000, 'KA-45-C-958', 34, '2017-07-21'),
('13T5083', 12, '2017-07-10', 8, 76547, 24500, 'KA-35-J-5511', 10, '2017-07-25'),
('13T5151', 6, '2017-07-10', 4, 98770, 21500, 'KA-39-D-3677', 26, '2017-07-23'),
('13T5152', 12, '2017-07-10', 5, 79980, 24500, 'KA-35-J-5511', 17, '2017-07-25'),
('13T5947', 7, '2017-07-10', 8, 37657, 22000, 'KA-03-E-2133', 33, '2017-07-22'),
('13T6318', 6, '2017-07-10', 1, 17359, 21500, 'KA-39-D-3677', 30, '2017-07-23'),
('13T6494', 10, '2017-07-10', 6, 61924, 23500, 'KA-24-H-6395', 31, '2017-07-24'),
('13T7207', 7, '2017-07-10', 8, 51508, 22000, 'KA-03-E-2133', 23, '2017-07-24'),
('13T8967', 7, '2017-07-10', 4, 92735, 22000, 'KA-03-E-2133', 27, '2017-07-22'),
('14N2293', 11, '2017-07-10', 8, 52137, 24000, 'KA-27-I-4228', 13, '2017-07-24'),
('14N2977', 1, '2017-07-10', 8, 46488, 20000, 'KA-11-A-5153', 35, '2017-07-25'),
('14N3631', 2, '2017-07-10', 5, 25155, 20500, 'KA-48-B-8782', 31, '2017-07-21'),
('14N6452', 10, '2017-07-10', 9, 88235, 23500, 'KA-24-H-6395', 17, '2017-07-21'),
('14N7392', 7, '2017-07-10', 4, 17953, 22000, 'KA-03-E-2133', 32, '2017-07-25'),
('14N9218', 10, '2017-07-10', 3, 24736, 23500, 'KA-24-H-6395', 7, '2017-07-22'),
('14T1711', 8, '2017-07-10', 2, 48540, 22500, 'KA-34-F-3910', 14, '2017-07-23'),
('14T2025', 8, '2017-07-10', 1, 10070, 22500, 'KA-34-F-3910', 16, '2017-07-25'),
('14T2416', 8, '2017-07-10', 5, 34834, 22500, 'KA-34-F-3910', 23, '2017-07-24'),
('14T3204', 8, '2017-07-10', 1, 74904, 22500, 'KA-34-F-3910', 24, '2017-07-22'),
('14T3359', 8, '2017-07-10', 3, 12164, 22500, 'KA-34-F-3910', 26, '2017-07-24'),
('14T4834', 9, '2017-07-10', 2, 58667, 23000, 'KA-47-G-6088', 27, '2017-07-24'),
('14T7187', 12, '2017-07-10', 6, 70079, 24500, 'KA-35-J-5511', 18, '2017-07-22'),
('14T7670', 12, '2017-07-10', 3, 26934, 24500, 'KA-35-J-5511', 24, '2017-07-24'),
('14T8501', 11, '2017-07-10', 6, 74202, 24000, 'KA-27-I-4228', 15, '2017-07-24'),
('14T8902', 11, '2017-07-10', 2, 37485, 24000, 'KA-27-I-4228', 16, '2017-07-24'),
('14T9712', 11, '2017-07-10', 2, 55408, 24000, 'KA-27-I-4228', 21, '2017-07-23'),
('15N4200', 2, '2017-07-10', 7, 38072, 20500, 'KA-48-B-8782', 14, '2017-07-23'),
('16N1436', 11, '2017-07-10', 6, 82812, 24000, 'KA-27-I-4228', 38, '2017-07-23'),
('16N4631', 2, '2017-07-10', 6, 33225, 20500, 'KA-48-B-8782', 29, '2017-07-24'),
('16T1359', 11, '2017-07-10', 1, 86715, 24000, 'KA-27-I-4228', 26, '2017-07-24'),
('16T2945', 8, '2017-07-10', 3, 37891, 22500, 'KA-34-F-3910', 32, '2017-07-24'),
('16T4086', 11, '2017-07-10', 1, 99853, 24000, 'KA-27-I-4228', 31, '2017-07-25'),
('16T5715', 8, '2017-07-10', 1, 67517, 22500, 'KA-34-F-3910', 33, '2017-07-21'),
('16T7926', 1, '2017-07-10', 7, 41837, 20000, 'KA-11-A-5153', 2, '2017-07-21'),
('17N5664', 2, '2017-07-10', 4, 15385, 20500, 'KA-48-B-8782', 32, '2017-07-24'),
('17N8772', 8, '2017-07-10', 7, 75072, 22500, 'KA-34-F-3910', 31, '2017-07-21'),
('17T3749', 9, '2017-07-10', 6, 15010, 23000, 'KA-47-G-6088', 31, '2017-07-22'),
('17T5391', 1, '2017-07-10', 1, 27760, 20000, 'KA-11-A-5153', 8, '2017-07-22'),
('1RV14AE020', 1, '2017-07-10', 6, 70316, 20000, 'KA-11-A-5153', 14, '2017-07-21'),
('1RV14AE025', 1, '2017-07-10', 6, 52700, 20000, 'KA-11-A-5153', 16, '2017-07-23'),
('1RV14AE035', 1, '2017-07-10', 6, 70099, 20000, 'KA-11-A-5153', 20, '2017-07-22'),
('1RV14AE042', 7, '2017-07-10', 6, 80529, 22000, 'KA-03-E-2133', 4, '2017-07-25'),
('1RV14AE071', 10, '2017-07-10', 6, 22652, 23500, 'KA-24-H-6395', 32, '2017-07-21'),
('1RV14AE086', 7, '2017-07-10', 6, 19073, 22000, 'KA-03-E-2133', 8, '2017-07-24'),
('1RV14AE093', 7, '2017-07-10', 6, 47378, 22000, 'KA-03-E-2133', 9, '2017-07-23'),
('1RV14BT013', 8, '2017-07-10', 6, 72175, 22500, 'KA-34-F-3910', 34, '2017-07-21'),
('1RV14BT017', 12, '2017-07-10', 6, 45297, 24500, 'KA-35-J-5511', 34, '2017-07-24'),
('1RV14BT021', 8, '2017-07-10', 6, 53156, 22500, 'KA-34-F-3910', 35, '2017-07-22'),
('1RV14BT025', 1, '2017-07-10', 6, 39144, 20000, 'KA-11-A-5153', 3, '2017-07-24'),
('1RV14BT029', 2, '2017-07-10', 6, 56512, 20500, 'KA-48-B-8782', 8, '2017-07-22'),
('1RV14BT032', 1, '2017-07-10', 6, 75712, 20000, 'KA-11-A-5153', 4, '2017-07-22'),
('1RV14BT040', 9, '2017-07-10', 6, 55230, 23000, 'KA-47-G-6088', 32, '2017-07-21'),
('1RV14BT041', 2, '2017-07-10', 6, 27936, 20500, 'KA-48-B-8782', 13, '2017-07-24'),
('1RV14BT044', 1, '2017-07-10', 6, 44619, 20000, 'KA-11-A-5153', 5, '2017-07-21'),
('1RV14BT048', 1, '2017-07-10', 6, 37901, 20000, 'KA-11-A-5153', 6, '2017-07-21'),
('1RV14BT055', 1, '2017-07-10', 6, 33721, 20000, 'KA-11-A-5153', 7, '2017-07-25'),
('1RV14BT056', 1, '2017-07-10', 6, 97831, 20000, 'KA-11-A-5153', 9, '2017-07-21'),
('1RV14BT062', 1, '2017-07-10', 6, 65374, 20000, 'KA-11-A-5153', 10, '2017-07-21'),
('1RV14BT066', 1, '2017-07-10', 6, 15039, 20000, 'KA-11-A-5153', 11, '2017-07-24'),
('1RV14BT075', 2, '2017-07-10', 6, 66423, 20500, 'KA-48-B-8782', 18, '2017-07-22'),
('1RV14BT079', 1, '2017-07-10', 6, 80179, 20000, 'KA-11-A-5153', 13, '2017-07-22'),
('1RV14BT083', 2, '2017-07-10', 6, 94269, 20500, 'KA-48-B-8782', 20, '2017-07-24'),
('1RV14BT085', 1, '2017-07-10', 6, 96526, 20000, 'KA-11-A-5153', 15, '2017-07-23'),
('1RV14BT087', 1, '2017-07-10', 6, 31853, 20000, 'KA-11-A-5153', 17, '2017-07-24'),
('1RV14BT097', 1, '2017-07-10', 6, 75548, 20000, 'KA-11-A-5153', 18, '2017-07-22'),
('1RV14CE017', 1, '2017-07-10', 6, 17331, 20000, 'KA-11-A-5153', 21, '2017-07-25'),
('1RV14CE018', 9, '2017-07-10', 6, 45405, 23000, 'KA-47-G-6088', 33, '2017-07-24'),
('1RV14CE021', 2, '2017-07-10', 6, 35627, 20500, 'KA-48-B-8782', 22, '2017-07-21'),
('1RV14CE034', 1, '2017-07-10', 6, 12339, 20000, 'KA-11-A-5153', 23, '2017-07-22'),
('1RV14CE054', 10, '2017-07-10', 6, 58597, 23500, 'KA-24-H-6395', 20, '2017-07-25'),
('1RV14CE062', 1, '2017-07-10', 6, 67751, 20000, 'KA-11-A-5153', 26, '2017-07-22'),
('1RV14CE069', 3, '2017-07-10', 6, 90669, 21000, 'KA-45-C-958', 4, '2017-07-21'),
('1RV14CE073', 10, '2017-07-10', 6, 53192, 23500, 'KA-24-H-6395', 22, '2017-07-24'),
('1RV14CE083', 9, '2017-07-10', 6, 95362, 23000, 'KA-47-G-6088', 35, '2017-07-22'),
('1RV14CE086', 1, '2017-07-10', 6, 78479, 20000, 'KA-11-A-5153', 28, '2017-07-25'),
('1RV14CE090', 1, '2017-07-10', 6, 43100, 20000, 'KA-11-A-5153', 30, '2017-07-23'),
('1RV14CE092', 2, '2017-07-10', 6, 13988, 20500, 'KA-48-B-8782', 1, '2017-07-21'),
('1RV14CE094', 12, '2017-07-10', 6, 44276, 24500, 'KA-35-J-5511', 35, '2017-07-21'),
('1RV14CH015', 10, '2017-07-10', 6, 67590, 23500, 'KA-24-H-6395', 23, '2017-07-21'),
('1RV14CH056', 2, '2017-07-10', 6, 20034, 20500, 'KA-48-B-8782', 3, '2017-07-23'),
('1RV14CH059', 2, '2017-07-10', 6, 11649, 20500, 'KA-48-B-8782', 4, '2017-07-23'),
('1RV14CH061', 2, '2017-07-10', 6, 92865, 20500, 'KA-48-B-8782', 5, '2017-07-22'),
('1RV14CH073', 2, '2017-07-10', 6, 32870, 20500, 'KA-48-B-8782', 7, '2017-07-24'),
('1RV14CH085', 3, '2017-07-10', 6, 89353, 21000, 'KA-45-C-958', 26, '2017-07-24'),
('1RV14CH086', 10, '2017-07-10', 6, 25080, 23500, 'KA-24-H-6395', 1, '2017-07-24'),
('1RV14CS015', 2, '2017-07-10', 6, 68610, 20500, 'KA-48-B-8782', 9, '2017-07-21'),
('1RV14CS019', 10, '2017-07-10', 6, 82554, 23500, 'KA-24-H-6395', 2, '2017-07-24'),
('1RV14CS020', 2, '2017-07-10', 6, 71776, 20500, 'KA-48-B-8782', 10, '2017-07-23'),
('1RV14CS028', 2, '2017-07-10', 6, 53506, 20500, 'KA-48-B-8782', 12, '2017-07-21'),
('1RV14CS036', 10, '2017-07-10', 6, 26491, 23500, 'KA-24-H-6395', 3, '2017-07-23'),
('1RV14CS038', 2, '2017-07-10', 6, 64496, 20500, 'KA-48-B-8782', 15, '2017-07-24'),
('1RV14CS040', 10, '2017-07-10', 6, 93839, 23500, 'KA-24-H-6395', 5, '2017-07-24'),
('1RV14CS046', 6, '2017-07-10', 6, 96603, 21500, 'KA-39-D-3677', 1, '2017-07-25'),
('1RV14CS058', 10, '2017-07-10', 6, 76672, 23500, 'KA-24-H-6395', 8, '2017-07-23'),
('1RV14CS061', 2, '2017-07-10', 6, 95012, 20500, 'KA-48-B-8782', 17, '2017-07-25'),
('1RV14CS069', 10, '2017-07-10', 6, 81409, 23500, 'KA-24-H-6395', 10, '2017-07-24'),
('1RV14CS080', 2, '2017-07-10', 6, 11863, 20500, 'KA-48-B-8782', 19, '2017-07-21'),
('1RV14CS089', 10, '2017-07-10', 6, 47137, 23500, 'KA-24-H-6395', 12, '2017-07-23'),
('1RV14EC013', 10, '2017-07-10', 6, 67316, 23500, 'KA-24-H-6395', 13, '2017-07-25'),
('1RV14EC023', 2, '2017-07-10', 6, 36428, 20500, 'KA-48-B-8782', 21, '2017-07-21'),
('1RV14EC036', 10, '2017-07-10', 6, 91551, 23500, 'KA-24-H-6395', 16, '2017-07-23'),
('1RV14EC042', 10, '2017-07-10', 6, 22594, 23500, 'KA-24-H-6395', 18, '2017-07-24'),
('1RV14EC068', 10, '2017-07-10', 6, 13627, 23500, 'KA-24-H-6395', 19, '2017-07-25'),
('1RV14EC081', 2, '2017-07-10', 6, 56391, 20500, 'KA-48-B-8782', 26, '2017-07-21'),
('1RV14EC084', 2, '2017-07-10', 6, 24859, 20500, 'KA-48-B-8782', 27, '2017-07-23'),
('1RV14EC091', 2, '2017-07-10', 6, 84117, 20500, 'KA-48-B-8782', 28, '2017-07-23'),
('1RV14EC097', 3, '2017-07-10', 6, 19414, 21000, 'KA-45-C-958', 1, '2017-07-25'),
('1RV14EE011', 6, '2017-07-10', 6, 37952, 21500, 'KA-39-D-3677', 5, '2017-07-22'),
('1RV14EE014', 3, '2017-07-10', 6, 54118, 21000, 'KA-45-C-958', 3, '2017-07-23'),
('1RV14EE042', 3, '2017-07-10', 6, 28151, 21000, 'KA-45-C-958', 5, '2017-07-24'),
('1RV14EE050', 10, '2017-07-10', 6, 72954, 23500, 'KA-24-H-6395', 21, '2017-07-22'),
('1RV14EE058', 3, '2017-07-10', 6, 74240, 21000, 'KA-45-C-958', 6, '2017-07-21'),
('1RV14EE060', 3, '2017-07-10', 6, 48465, 21000, 'KA-45-C-958', 7, '2017-07-22'),
('1RV14EE070', 6, '2017-07-10', 6, 41917, 21500, 'KA-39-D-3677', 8, '2017-07-24'),
('1RV14EE093', 3, '2017-07-10', 6, 97657, 21000, 'KA-45-C-958', 8, '2017-07-24'),
('1RV14EE097', 6, '2017-07-10', 6, 13867, 21500, 'KA-39-D-3677', 12, '2017-07-25'),
('1RV14EI010', 3, '2017-07-10', 6, 10084, 21000, 'KA-45-C-958', 9, '2017-07-21'),
('1RV14EI014', 3, '2017-07-10', 6, 31195, 21000, 'KA-45-C-958', 10, '2017-07-21'),
('1RV14EI017', 6, '2017-07-10', 6, 23106, 21500, 'KA-39-D-3677', 13, '2017-07-21'),
('1RV14EI032', 6, '2017-07-10', 6, 33672, 21500, 'KA-39-D-3677', 24, '2017-07-25'),
('1RV14EI033', 6, '2017-07-10', 6, 89336, 21500, 'KA-39-D-3677', 25, '2017-07-22'),
('1RV14EI042', 3, '2017-07-10', 6, 74919, 21000, 'KA-45-C-958', 12, '2017-07-23'),
('1RV14EI054', 3, '2017-07-10', 6, 35612, 21000, 'KA-45-C-958', 13, '2017-07-21'),
('1RV14EI056', 6, '2017-07-10', 6, 13405, 21500, 'KA-39-D-3677', 27, '2017-07-23'),
('1RV14EI058', 3, '2017-07-10', 6, 41986, 21000, 'KA-45-C-958', 14, '2017-07-22'),
('1RV14EI072', 3, '2017-07-10', 6, 56623, 21000, 'KA-45-C-958', 15, '2017-07-22'),
('1RV14EI087', 3, '2017-07-10', 6, 47094, 21000, 'KA-45-C-958', 16, '2017-07-23'),
('1RV14EI094', 3, '2017-07-10', 6, 59118, 21000, 'KA-45-C-958', 17, '2017-07-21'),
('1RV14EI098', 3, '2017-07-10', 6, 55689, 21000, 'KA-45-C-958', 18, '2017-07-22'),
('1RV14IEM015', 3, '2017-07-10', 6, 47471, 21000, 'KA-45-C-958', 19, '2017-07-25'),
('1RV14IEM021', 3, '2017-07-10', 6, 43388, 21000, 'KA-45-C-958', 20, '2017-07-22'),
('1RV14IEM027', 3, '2017-07-10', 6, 43951, 21000, 'KA-45-C-958', 21, '2017-07-25'),
('1RV14IEM046', 3, '2017-07-10', 6, 12773, 21000, 'KA-45-C-958', 22, '2017-07-23'),
('1RV14IEM049', 10, '2017-07-10', 6, 59050, 23500, 'KA-24-H-6395', 24, '2017-07-21'),
('1RV14IEM053', 3, '2017-07-10', 6, 80570, 21000, 'KA-45-C-958', 23, '2017-07-22'),
('1RV14IEM057', 3, '2017-07-10', 6, 60757, 21000, 'KA-45-C-958', 24, '2017-07-24'),
('1RV14IEM059', 3, '2017-07-10', 6, 89269, 21000, 'KA-45-C-958', 25, '2017-07-25'),
('1RV14IEM068', 3, '2017-07-10', 6, 92038, 21000, 'KA-45-C-958', 27, '2017-07-21'),
('1RV14IEM069', 3, '2017-07-10', 6, 91356, 21000, 'KA-45-C-958', 29, '2017-07-21'),
('1RV14IEM080', 3, '2017-07-10', 6, 71556, 21000, 'KA-45-C-958', 30, '2017-07-23'),
('1RV14IEM084', 6, '2017-07-10', 6, 30220, 21500, 'KA-39-D-3677', 2, '2017-07-21'),
('1RV14IEM085', 7, '2017-07-10', 6, 50601, 22000, 'KA-03-E-2133', 1, '2017-07-22'),
('1RV14IEM090', 10, '2017-07-10', 6, 46681, 23500, 'KA-24-H-6395', 25, '2017-07-21'),
('1RV14IEM094', 10, '2017-07-10', 6, 72936, 23500, 'KA-24-H-6395', 33, '2017-07-21'),
('1RV14IS014', 7, '2017-07-10', 6, 94754, 22000, 'KA-03-E-2133', 7, '2017-07-21'),
('1RV14IS034', 7, '2017-07-10', 6, 85747, 22000, 'KA-03-E-2133', 12, '2017-07-22'),
('1RV14IS049', 6, '2017-07-10', 6, 24141, 21500, 'KA-39-D-3677', 7, '2017-07-21'),
('1RV14IS058', 7, '2017-07-10', 6, 56035, 22000, 'KA-03-E-2133', 13, '2017-07-25'),
('1RV14IS077', 10, '2017-07-10', 6, 50947, 23500, 'KA-24-H-6395', 38, '2017-07-24'),
('1RV14IS085', 6, '2017-07-10', 6, 24338, 21500, 'KA-39-D-3677', 9, '2017-07-21'),
('1RV14IS094', 10, '2017-07-10', 6, 39056, 23500, 'KA-24-H-6395', 27, '2017-07-21'),
('1RV14ME021', 6, '2017-07-10', 6, 57483, 21500, 'KA-39-D-3677', 10, '2017-07-24'),
('1RV14ME022', 6, '2017-07-10', 6, 82004, 21500, 'KA-39-D-3677', 11, '2017-07-22'),
('1RV14ME031', 10, '2017-07-10', 6, 68489, 23500, 'KA-24-H-6395', 28, '2017-07-25'),
('1RV14ME033', 7, '2017-07-10', 6, 71579, 22000, 'KA-03-E-2133', 18, '2017-07-21'),
('1RV14ME052', 7, '2017-07-10', 6, 69837, 22000, 'KA-03-E-2133', 21, '2017-07-22'),
('1RV14ME059', 6, '2017-07-10', 6, 85809, 21500, 'KA-39-D-3677', 15, '2017-07-22'),
('1RV14ME067', 6, '2017-07-10', 6, 48497, 21500, 'KA-39-D-3677', 17, '2017-07-22'),
('1RV14ME070', 7, '2017-07-10', 6, 58108, 22000, 'KA-03-E-2133', 24, '2017-07-23'),
('1RV14ME074', 7, '2017-07-10', 6, 64249, 22000, 'KA-03-E-2133', 26, '2017-07-23'),
('1RV14ME076', 6, '2017-07-10', 6, 88456, 21500, 'KA-39-D-3677', 18, '2017-07-25'),
('1RV14ME083', 6, '2017-07-10', 6, 94892, 21500, 'KA-39-D-3677', 20, '2017-07-23'),
('1RV14ME088', 7, '2017-07-10', 6, 74211, 22000, 'KA-03-E-2133', 29, '2017-07-25'),
('1RV14ME097', 6, '2017-07-10', 6, 72006, 21500, 'KA-39-D-3677', 21, '2017-07-21'),
('1RV14TC017', 6, '2017-07-10', 6, 44412, 21500, 'KA-39-D-3677', 22, '2017-07-22'),
('1RV14TC021', 10, '2017-07-10', 6, 11941, 23500, 'KA-24-H-6395', 29, '2017-07-22'),
('1RV14TC035', 6, '2017-07-10', 6, 66162, 21500, 'KA-39-D-3677', 23, '2017-07-25'),
('1RV14TC047', 7, '2017-07-10', 6, 10559, 22000, 'KA-03-E-2133', 30, '2017-07-22'),
('1RV14TC058', 10, '2017-07-10', 6, 71585, 23500, 'KA-24-H-6395', 30, '2017-07-24'),
('1RV14TC068', 6, '2017-07-10', 6, 72406, 21500, 'KA-39-D-3677', 29, '2017-07-25'),
('1RV14TC080', 8, '2017-07-10', 6, 65249, 22500, 'KA-34-F-3910', 1, '2017-07-23'),
('1RV14TC089', 7, '2017-07-10', 6, 58136, 22000, 'KA-03-E-2133', 2, '2017-07-22'),
('1RV14TC094', 7, '2017-07-10', 6, 70971, 22000, 'KA-03-E-2133', 3, '2017-07-25'),
('1RV15AE014', 7, '2017-07-10', 7, 15723, 22000, 'KA-03-E-2133', 10, '2017-07-25'),
('1RV15AE018', 7, '2017-07-10', 7, 40874, 22000, 'KA-03-E-2133', 11, '2017-07-24'),
('1RV15AE021', 10, '2017-07-10', 7, 25734, 23500, 'KA-24-H-6395', 35, '2017-07-22'),
('1RV15AE025', 10, '2017-07-10', 7, 66869, 23500, 'KA-24-H-6395', 36, '2017-07-24'),
('1RV15AE028', 11, '2017-07-10', 7, 54034, 24000, 'KA-27-I-4228', 1, '2017-07-25'),
('1RV15AE051', 11, '2017-07-10', 7, 99223, 24000, 'KA-27-I-4228', 2, '2017-07-21'),
('1RV15BT015', 8, '2017-07-10', 7, 99189, 22500, 'KA-34-F-3910', 6, '2017-07-25'),
('1RV15BT038', 10, '2017-07-10', 7, 31208, 23500, 'KA-24-H-6395', 37, '2017-07-25'),
('1RV15BT052', 7, '2017-07-10', 7, 51511, 22000, 'KA-03-E-2133', 14, '2017-07-24'),
('1RV15BT074', 7, '2017-07-10', 7, 16978, 22000, 'KA-03-E-2133', 15, '2017-07-21'),
('1RV15BT075', 7, '2017-07-10', 7, 91674, 22000, 'KA-03-E-2133', 16, '2017-07-21'),
('1RV15BT081', 7, '2017-07-10', 7, 41141, 22000, 'KA-03-E-2133', 17, '2017-07-24'),
('1RV15BT083', 7, '2017-07-10', 7, 28995, 22000, 'KA-03-E-2133', 19, '2017-07-21'),
('1RV15BT085', 7, '2017-07-10', 7, 90461, 22000, 'KA-03-E-2133', 20, '2017-07-25'),
('1RV15BT088', 8, '2017-07-10', 7, 33895, 22500, 'KA-34-F-3910', 7, '2017-07-25'),
('1RV15BT091', 8, '2017-07-10', 7, 65577, 22500, 'KA-34-F-3910', 8, '2017-07-22'),
('1RV15BT092', 7, '2017-07-10', 7, 19245, 22000, 'KA-03-E-2133', 22, '2017-07-22'),
('1RV15BT093', 10, '2017-07-10', 7, 46927, 23500, 'KA-24-H-6395', 39, '2017-07-24'),
('1RV15BT095', 7, '2017-07-10', 7, 46720, 22000, 'KA-03-E-2133', 25, '2017-07-21'),
('1RV15BT098', 7, '2017-07-10', 7, 15573, 22000, 'KA-03-E-2133', 28, '2017-07-25'),
('1RV15BT099', 8, '2017-07-10', 7, 46630, 22500, 'KA-34-F-3910', 2, '2017-07-24'),
('1RV15CE025', 8, '2017-07-10', 7, 93842, 22500, 'KA-34-F-3910', 9, '2017-07-25'),
('1RV15CE027', 8, '2017-07-10', 7, 27227, 22500, 'KA-34-F-3910', 13, '2017-07-21'),
('1RV15CE035', 10, '2017-07-10', 7, 68813, 23500, 'KA-24-H-6395', 40, '2017-07-22'),
('1RV15CE039', 8, '2017-07-10', 7, 61627, 22500, 'KA-34-F-3910', 3, '2017-07-23'),
('1RV15CE055', 8, '2017-07-10', 7, 85418, 22500, 'KA-34-F-3910', 4, '2017-07-24'),
('1RV15CE056', 8, '2017-07-10', 7, 35011, 22500, 'KA-34-F-3910', 5, '2017-07-21'),
('1RV15CE062', 8, '2017-07-10', 7, 10767, 22500, 'KA-34-F-3910', 19, '2017-07-24'),
('1RV15CH015', 8, '2017-07-10', 7, 42890, 22500, 'KA-34-F-3910', 10, '2017-07-24'),
('1RV15CH016', 8, '2017-07-10', 7, 76058, 22500, 'KA-34-F-3910', 11, '2017-07-23'),
('1RV15CH018', 8, '2017-07-10', 7, 38664, 22500, 'KA-34-F-3910', 21, '2017-07-21'),
('1RV15CH019', 8, '2017-07-10', 7, 88318, 22500, 'KA-34-F-3910', 12, '2017-07-24'),
('1RV15CH022', 8, '2017-07-10', 7, 91469, 22500, 'KA-34-F-3910', 15, '2017-07-24'),
('1RV15CH023', 8, '2017-07-10', 7, 76363, 22500, 'KA-34-F-3910', 17, '2017-07-22'),
('1RV15CH038', 8, '2017-07-10', 7, 39353, 22500, 'KA-34-F-3910', 18, '2017-07-22'),
('1RV15CH039', 8, '2017-07-10', 7, 13906, 22500, 'KA-34-F-3910', 20, '2017-07-21'),
('1RV15CH064', 8, '2017-07-10', 7, 22316, 22500, 'KA-34-F-3910', 22, '2017-07-24'),
('1RV15CH079', 11, '2017-07-10', 7, 86567, 24000, 'KA-27-I-4228', 4, '2017-07-21'),
('1RV15CH091', 8, '2017-07-10', 7, 63361, 22500, 'KA-34-F-3910', 28, '2017-07-23'),
('1RV15CS015', 8, '2017-07-10', 7, 46879, 22500, 'KA-34-F-3910', 30, '2017-07-24'),
('1RV15CS021', 9, '2017-07-10', 7, 33210, 23000, 'KA-47-G-6088', 1, '2017-07-25'),
('1RV15CS023', 8, '2017-07-10', 7, 12195, 22500, 'KA-34-F-3910', 25, '2017-07-24'),
('1RV15CS032', 11, '2017-07-10', 7, 16181, 24000, 'KA-27-I-4228', 3, '2017-07-25'),
('1RV15CS052', 11, '2017-07-10', 7, 69936, 24000, 'KA-27-I-4228', 5, '2017-07-25'),
('1RV15CS056', 8, '2017-07-10', 7, 51803, 22500, 'KA-34-F-3910', 27, '2017-07-23'),
('1RV15CS060', 9, '2017-07-10', 7, 63151, 23000, 'KA-47-G-6088', 4, '2017-07-25'),
('1RV15CS068', 9, '2017-07-10', 7, 95441, 23000, 'KA-47-G-6088', 3, '2017-07-22'),
('1RV15CS080', 11, '2017-07-10', 7, 94684, 24000, 'KA-27-I-4228', 6, '2017-07-21'),
('1RV15CS086', 11, '2017-07-10', 7, 30385, 24000, 'KA-27-I-4228', 7, '2017-07-24'),
('1RV15CS092', 11, '2017-07-10', 7, 71271, 24000, 'KA-27-I-4228', 8, '2017-07-24'),
('1RV15CS099', 9, '2017-07-10', 7, 61810, 23000, 'KA-47-G-6088', 6, '2017-07-21'),
('1RV15EC016', 9, '2017-07-10', 7, 81359, 23000, 'KA-47-G-6088', 7, '2017-07-22'),
('1RV15EC033', 9, '2017-07-10', 7, 45793, 23000, 'KA-47-G-6088', 9, '2017-07-25'),
('1RV15EC044', 9, '2017-07-10', 7, 23283, 23000, 'KA-47-G-6088', 5, '2017-07-22'),
('1RV15EC079', 9, '2017-07-10', 7, 45944, 23000, 'KA-47-G-6088', 8, '2017-07-25'),
('1RV15EC081', 9, '2017-07-10', 7, 48744, 23000, 'KA-47-G-6088', 11, '2017-07-22'),
('1RV15EC098', 9, '2017-07-10', 7, 90320, 23000, 'KA-47-G-6088', 10, '2017-07-25'),
('1RV15EE020', 9, '2017-07-10', 7, 74403, 23000, 'KA-47-G-6088', 12, '2017-07-21'),
('1RV15EE026', 9, '2017-07-10', 7, 29344, 23000, 'KA-47-G-6088', 13, '2017-07-23'),
('1RV15EE033', 9, '2017-07-10', 7, 63000, 23000, 'KA-47-G-6088', 14, '2017-07-24'),
('1RV15EE036', 9, '2017-07-10', 7, 42654, 23000, 'KA-47-G-6088', 15, '2017-07-23'),
('1RV15EE047', 9, '2017-07-10', 7, 34383, 23000, 'KA-47-G-6088', 16, '2017-07-23'),
('1RV15EE084', 9, '2017-07-10', 7, 41101, 23000, 'KA-47-G-6088', 17, '2017-07-25'),
('1RV15EE085', 9, '2017-07-10', 7, 99101, 23000, 'KA-47-G-6088', 18, '2017-07-25'),
('1RV15EE086', 9, '2017-07-10', 7, 46663, 23000, 'KA-47-G-6088', 19, '2017-07-25'),
('1RV15EE096', 9, '2017-07-10', 7, 66176, 23000, 'KA-47-G-6088', 20, '2017-07-23'),
('1RV15EI016', 9, '2017-07-10', 7, 84220, 23000, 'KA-47-G-6088', 21, '2017-07-21'),
('1RV15EI019', 9, '2017-07-10', 7, 69091, 23000, 'KA-47-G-6088', 28, '2017-07-25'),
('1RV15EI037', 9, '2017-07-10', 7, 42620, 23000, 'KA-47-G-6088', 22, '2017-07-24'),
('1RV15EI055', 9, '2017-07-10', 7, 62970, 23000, 'KA-47-G-6088', 23, '2017-07-22'),
('1RV15EI062', 11, '2017-07-10', 7, 30569, 24000, 'KA-27-I-4228', 9, '2017-07-25'),
('1RV15EI072', 9, '2017-07-10', 7, 99394, 23000, 'KA-47-G-6088', 24, '2017-07-21'),
('1RV15EI082', 9, '2017-07-10', 7, 74951, 23000, 'KA-47-G-6088', 25, '2017-07-24'),
('1RV15EI089', 12, '2017-07-10', 7, 20849, 24500, 'KA-35-J-5511', 1, '2017-07-24'),
('1RV15EI090', 9, '2017-07-10', 7, 73283, 23000, 'KA-47-G-6088', 26, '2017-07-24'),
('1RV15EI092', 9, '2017-07-10', 7, 25516, 23000, 'KA-47-G-6088', 29, '2017-07-24'),
('1RV15IEM010', 9, '2017-07-10', 7, 52131, 23000, 'KA-47-G-6088', 30, '2017-07-24'),
('1RV15IEM033', 12, '2017-07-10', 7, 90861, 24500, 'KA-35-J-5511', 2, '2017-07-23'),
('1RV15IEM034', 12, '2017-07-10', 7, 89515, 24500, 'KA-35-J-5511', 4, '2017-07-23'),
('1RV15IEM035', 12, '2017-07-10', 7, 93460, 24500, 'KA-35-J-5511', 6, '2017-07-23'),
('1RV15IEM042', 12, '2017-07-10', 7, 86493, 24500, 'KA-35-J-5511', 7, '2017-07-24'),
('1RV15IEM043', 12, '2017-07-10', 7, 31551, 24500, 'KA-35-J-5511', 8, '2017-07-23'),
('1RV15IEM045', 12, '2017-07-10', 7, 20660, 24500, 'KA-35-J-5511', 9, '2017-07-24'),
('1RV15IEM051', 12, '2017-07-10', 7, 26426, 24500, 'KA-35-J-5511', 5, '2017-07-23'),
('1RV15IEM065', 12, '2017-07-10', 7, 32487, 24500, 'KA-35-J-5511', 11, '2017-07-25'),
('1RV15IEM067', 12, '2017-07-10', 7, 47560, 24500, 'KA-35-J-5511', 13, '2017-07-21'),
('1RV15IEM068', 11, '2017-07-10', 7, 92015, 24000, 'KA-27-I-4228', 10, '2017-07-23'),
('1RV15IEM069', 12, '2017-07-10', 7, 34692, 24500, 'KA-35-J-5511', 12, '2017-07-23'),
('1RV15IEM087', 12, '2017-07-10', 7, 62542, 24500, 'KA-35-J-5511', 14, '2017-07-24'),
('1RV15IS009', 5, '2018-05-01', 1, 1234, 22000, 'KA-01-F-0111', 1, '2018-05-01'),
('1RV15IS010', 12, '2017-07-10', 7, 31917, 24500, 'KA-35-J-5511', 16, '2017-07-21'),
('1RV15IS011', 3, '2017-07-10', 2, 1234, 22000, 'KA-45-C-958', 36, '2018-05-01'),
('1RV15IS028', 12, '2017-07-10', 7, 22255, 24500, 'KA-35-J-5511', 19, '2017-07-25'),
('1RV15IS033', 12, '2017-07-10', 7, 61423, 24500, 'KA-35-J-5511', 22, '2017-07-23'),
('1RV15IS037', 12, '2017-07-10', 7, 24946, 24500, 'KA-35-J-5511', 20, '2017-07-21'),
('1RV15IS041', 5, '2018-05-01', 1, 1234, 22000, 'KA-01-F-0111', 2, '2018-05-01'),
('1RV15IS047', 12, '2017-07-10', 7, 73139, 24500, 'KA-35-J-5511', 21, '2017-07-24'),
('1RV15IS062', 12, '2017-07-10', 7, 82279, 24500, 'KA-35-J-5511', 26, '2017-07-21'),
('1RV15IS066', 12, '2017-07-10', 7, 24085, 24500, 'KA-35-J-5511', 27, '2017-07-24'),
('1RV15IS068', 12, '2017-07-10', 7, 72157, 24500, 'KA-35-J-5511', 29, '2017-07-23'),
('1RV15IS069', 12, '2017-07-10', 7, 93436, 24500, 'KA-35-J-5511', 30, '2017-07-23'),
('1RV15IS074', 11, '2017-07-10', 7, 57292, 24000, 'KA-27-I-4228', 11, '2017-07-21'),
('1RV15ME022', 12, '2017-07-10', 7, 37427, 24500, 'KA-35-J-5511', 23, '2017-07-24'),
('1RV15ME026', 11, '2017-07-10', 7, 71562, 24000, 'KA-27-I-4228', 12, '2017-07-22'),
('1RV15ME064', 12, '2017-07-10', 7, 12357, 24500, 'KA-35-J-5511', 25, '2017-07-22'),
('1RV15TC027', 12, '2017-07-10', 7, 62825, 24500, 'KA-35-J-5511', 28, '2017-07-24'),
('1RV16AE022', 11, '2017-07-10', 8, 42617, 24000, 'KA-27-I-4228', 14, '2017-07-22'),
('1RV16BT068', 11, '2017-07-10', 8, 64233, 24000, 'KA-27-I-4228', 18, '2017-07-23'),
('1RV16CE012', 11, '2017-07-10', 8, 61650, 24000, 'KA-27-I-4228', 17, '2017-07-23'),
('1RV16CE080', 11, '2017-07-10', 8, 50273, 24000, 'KA-27-I-4228', 19, '2017-07-22'),
('1RV16CH020', 11, '2017-07-10', 8, 73548, 24000, 'KA-27-I-4228', 20, '2017-07-21'),
('1RV16CH052', 11, '2017-07-10', 8, 94310, 24000, 'KA-27-I-4228', 22, '2017-07-22'),
('1RV16CH060', 11, '2017-07-10', 8, 45062, 24000, 'KA-27-I-4228', 23, '2017-07-22'),
('1RV16CS077', 11, '2017-07-10', 8, 17171, 24000, 'KA-27-I-4228', 24, '2017-07-24'),
('1RV16EC052', 11, '2017-07-10', 8, 34398, 24000, 'KA-27-I-4228', 25, '2017-07-23'),
('1RV16EC077', 11, '2017-07-10', 8, 45548, 24000, 'KA-27-I-4228', 27, '2017-07-25'),
('1RV16EE069', 11, '2017-07-10', 8, 12140, 24000, 'KA-27-I-4228', 28, '2017-07-21'),
('1RV16EE085', 11, '2017-07-10', 8, 97752, 24000, 'KA-27-I-4228', 32, '2017-07-24'),
('1RV16EI023', 11, '2017-07-10', 8, 51790, 24000, 'KA-27-I-4228', 29, '2017-07-25'),
('1RV16EI028', 11, '2017-07-10', 8, 62964, 24000, 'KA-27-I-4228', 34, '2017-07-21'),
('1RV16EI074', 11, '2017-07-10', 8, 27472, 24000, 'KA-27-I-4228', 30, '2017-07-21'),
('1RV16EI076', 11, '2017-07-10', 8, 16826, 24000, 'KA-27-I-4228', 35, '2017-07-23'),
('1RV16IEM093', 11, '2017-07-10', 8, 37942, 24000, 'KA-27-I-4228', 36, '2017-07-21'),
('1RV16IS026', 11, '2017-07-10', 8, 48029, 24000, 'KA-27-I-4228', 33, '2017-07-22'),
('1RV16IS038', 11, '2017-07-10', 8, 55489, 24000, 'KA-27-I-4228', 37, '2017-07-23'),
('1RV16ME076', 11, '2017-07-10', 8, 61743, 24000, 'KA-27-I-4228', 39, '2017-07-21'),
('1RV17AE068', 11, '2017-07-10', 9, 58188, 24000, 'KA-27-I-4228', 40, '2017-07-25'),
('1RV17TC028', 8, '2017-07-10', 9, 12342, 22000, 'KA-34-F-3910', 36, '2016-04-18');

-- --------------------------------------------------------

--
-- Table structure for table `member`
--

CREATE TABLE IF NOT EXISTS `member` (
  `ID` varchar(12) NOT NULL,
  `Name` varchar(30) NOT NULL,
  `EmailID` varchar(50) DEFAULT NULL,
  `PhoneNo` char(10) DEFAULT NULL,
  `Type` int(11) NOT NULL,
  `DNumber` int(11) DEFAULT NULL
) ENGINE=InnoDB DEFAULT CHARSET=latin1;

--
-- Dumping data for table `member`
--

INSERT INTO `member` (`ID`, `Name`, `EmailID`, `PhoneNo`, `Type`, `DNumber`) VALUES
('10N0001', 'Ramesh R', 'ramesh@rvce.edu.in', '9273546321', 5, 14),
('10N0002', 'Suresh S', 'suresh@rvce.edu.in', '8978675645', 5, 14),
('10N0003', 'Yogesh Y', 'yogesh@rvce.edu.in', '8877556699', 5, 14),
('10N0004', 'Ramya R', 'ramyar@rvce.edu.in', '8866442233', 5, 14),
('10N0005', 'Tara T', 'tara@rvce.edu.in', '7685768576', 5, 14),
('10N2953', 'Reiko Bannerman', 'reikobannerman@rvce.edu.in', '9663090462', 5, 2),
('10N6130', 'Emmanuel Rocker', 'emmanuelrocker.cs14@rvce.edu.in', '8467029011', 3, 5),
('10N6547', 'Catherine Sorman', 'catherinesorman@rvce.edu.in', '9573366397', 5, 3),
('10N7426', 'Marva Breech', 'marvabreech.ec14@rvce.edu.in', '7926640759', 1, 7),
('10N9503', 'Li Heatwole', 'liheatwole.ie14@rvce.edu.in', '8887084001', 1, 9),
('10T1011', 'Drusilla Aughtman', 'drusillaaughtman@rvce.edu.in', '8343341693', 2, 12),
('10T1106', 'Laverne Rhynes', 'lavernerhynes@rvce.edu.in', '8784673715', 2, 12),
('10T1443', 'Bailey Kampf', 'baileykampf@rvce.edu.in', '8992347780', 2, 12),
('10T1494', 'Shona Fitton', 'shonafitton@rvce.edu.in', '9185697093', 2, 12),
('10T1681', 'Jed Jaeger', 'jedjaeger@rvce.edu.in', '8354585684', 2, 4),
('10T2073', 'Savannah Wiinikainen', 'savannahwiinikainen@rvce.edu.in', '8132874451', 4, 11),
('10T2082', 'Yon Winegar', 'yonwinegar@rvce.edu.in', '8448162278', 2, 2),
('10T2306', 'Veronika Lella', 'veronikalella@rvce.edu.in', '7889368251', 2, 5),
('10T2723', 'Jocelyn Sinopoli', 'jocelynsinopoli@rvce.edu.in', '7989443445', 2, 4),
('10T3067', 'Shona Fitton', 'shonafitton@rvce.edu.in', '9494584489', 2, 9),
('10T3332', 'Lazaro Amado', 'lazaroamado@rvce.edu.in', '9022129090', 5, 7),
('10T3483', 'Kim Staudt', 'kimstaudt@rvce.edu.in', '9078302683', 2, 8),
('10T3502', 'Caitlyn Alexanian', 'caitlynalexanian@rvce.edu.in', '9253572217', 4, 10),
('10T3585', 'Jessica Gnau', 'jessicagnau@rvce.edu.in', '9827781614', 4, 4),
('10T3635', 'Sophie Dalziel', 'sophiedalziel@rvce.edu.in', '9828945226', 2, 11),
('10T3873', 'Jone Dupont', 'jonedupont.bt14@rvce.edu.in', '9951385338', 1, 2),
('10T3889', 'Lucie Bellantoni', 'luciebellantoni@rvce.edu.in', '9650402857', 2, 3),
('10T3968', 'Mandy Revere', 'mandyrevere@rvce.edu.in', '8022645142', 5, 8),
('10T4157', 'Lien Shawn', 'lienshawn@rvce.edu.in', '9800656537', 2, 5),
('10T4192', 'Kermit Bossenbroek', 'kermitbossenbroek@rvce.edu.in', '9859683245', 2, 8),
('10T4248', 'Caterina Kakudji', 'caterinakakudji@rvce.edu.in', '8291613901', 2, 2),
('10T4569', 'Bettye Fleischman', 'bettyefleischman@rvce.edu.in', '7932152368', 2, 10),
('10T4627', 'Lasonya Strzelecki', 'lasonyastrzelecki@rvce.edu.in', '8288445628', 2, 9),
('10T4773', 'Jaimie Hottes', 'jaimiehottes.ce14@rvce.edu.in', '8764429082', 1, 4),
('10T4790', 'Stacee Stebbins', 'staceestebbins@rvce.edu.in', '9724030311', 2, 3),
('10T4897', 'Tonya Drew', 'tonyadrew@rvce.edu.in', '8628420695', 4, 1),
('10T4909', 'Majorie Gander', 'majoriegander@rvce.edu.in', '8420313446', 4, 1),
('10T5044', 'Leslie Hardisty', 'lesliehardisty@rvce.edu.in', '8390376908', 4, 1),
('10T5113', 'Leigh Ferlenda', 'leighferlenda@rvce.edu.in', '9598166683', 2, 4),
('10T5129', 'Jeanne Fillare', 'jeannefillare@rvce.edu.in', '8244076406', 2, 2),
('10T5234', 'Devin Hane', 'devinhane@rvce.edu.in', '8376033711', 2, 8),
('10T5639', 'Lou Downy', 'loudowny@rvce.edu.in', '7864866278', 2, 2),
('10T5985', 'Soila Hettich', 'soilahettich@rvce.edu.in', '9490693429', 2, 11),
('10T6144', 'Maurice Haecker', 'mauricehaecker@rvce.edu.in', '8037431549', 2, 12),
('10T6262', 'Noel Nighbert', 'noelnighbert@rvce.edu.in', '8228498231', 2, 3),
('10T6542', 'Bulah Chupka', 'bulahchupka@rvce.edu.in', '9552861257', 2, 7),
('10T6768', 'Ofelia Gregoire', 'ofeliagregoire@rvce.edu.in', '9397846417', 2, 6),
('10T7394', 'Donovan Krohn', 'donovankrohn@rvce.edu.in', '8641964823', 2, 3),
('10T8036', 'Isaiah Benik', 'isaiahbenik@rvce.edu.in', '8057338888', 2, 1),
('10T8051', 'Marilee Xu', 'marileexu@rvce.edu.in', '9002316827', 4, 11),
('10T8167', 'Farrah Scarola', 'farrahscarola@rvce.edu.in', '8472574578', 2, 12),
('10T8419', 'Freida Hemond', 'freidahemond@rvce.edu.in', '9009014780', 4, 7),
('10T8424', 'Ophelia Werking', 'opheliawerking@rvce.edu.in', '8698083035', 2, 7),
('10T8430', 'Sigrid Vidmar', 'sigridvidmar@rvce.edu.in', '8850105905', 2, 4),
('10T8692', 'Enoch Portier', 'enochportier@rvce.edu.in', '9646186105', 2, 1),
('10T8749', 'Lory Seiersen', 'loryseiersen@rvce.edu.in', '9442738151', 2, 9),
('10T9093', 'Nada Sarjeant', 'nadasarjeant@rvce.edu.in', '9350621390', 2, 9),
('10T9190', 'Pam Lampl', 'pamlampl@rvce.edu.in', '9621777640', 2, 2),
('10T9348', 'Mckenzie Aievoli', 'mckenzieaievoli@rvce.edu.in', '9096465986', 2, 6),
('10T9396', 'Blake Fornaro', 'blakefornaro@rvce.edu.in', '8980306020', 2, 6),
('10T9715', 'Digna Briand', 'dignabriand@rvce.edu.in', '8566864968', 2, 12),
('10T9817', 'Shenita Caspary', 'shenitacaspary.bt14@rvce.edu.in', '9424040857', 1, 2),
('11N5648', 'Maura Ruark', 'mauraruark.me14@rvce.edu.in', '9301216067', 1, 11),
('11N9501', 'Benny Chvilicek', 'bennychvilicek@rvce.edu.in', '9820685206', 5, 1),
('11T1062', 'Caroll Stremel', 'carollstremel@rvce.edu.in', '9835095844', 4, 7),
('11T1570', 'Brigid Lagoo', 'brigidlagoo@rvce.edu.in', '9435742556', 2, 6),
('11T1621', 'Cecilia Pedro', 'ceciliapedro.ae14@rvce.edu.in', '9416043851', 1, 1),
('11T1785', 'Caryl Ripa', 'carylripa@rvce.edu.in', '9160235529', 2, 9),
('11T1799', 'Joye Fassino', 'joyefassino@rvce.edu.in', '8132484902', 2, 8),
('11T1848', 'Edyth Apker', 'edythapker@rvce.edu.in', '9525863162', 2, 4),
('11T1942', 'Brenda Mullins', 'brendamullins@rvce.edu.in', '8165593109', 2, 1),
('11T2226', 'Daphne Benallie', 'daphnebenallie@rvce.edu.in', '9639907043', 2, 3),
('11T2277', 'Delicia Grriffin', 'deliciagrriffin@rvce.edu.in', '8170056033', 4, 3),
('11T2318', 'Rafael Vanheukelem', 'rafaelvanheukelem@rvce.edu.in', '8318859054', 2, 2),
('11T2475', 'Carissa Moskal', 'carissamoskal.ce14@rvce.edu.in', '9277576990', 1, 4),
('11T2725', 'Jacelyn Startt', 'jacelynstartt@rvce.edu.in', '7859460686', 2, 7),
('11T3249', 'Josephine Neathery', 'josephineneathery@rvce.edu.in', '9695873255', 2, 11),
('11T3312', 'Garrett Woetzel', 'garrettwoetzel@rvce.edu.in', '8799191606', 5, 10),
('11T3442', 'Keira Marian', 'keiramarian.ce14@rvce.edu.in', '8152158701', 1, 4),
('11T3564', 'Bette Beebe', 'bettebeebe@rvce.edu.in', '8424792218', 5, 10),
('11T3722', 'Antionette Griffies', 'antionettegriffies.ce14@rvce.edu.in', '8477285759', 1, 4),
('11T3761', 'Ginette Cupe', 'ginettecupe@rvce.edu.in', '9613528730', 4, 12),
('11T3795', 'Marc Notari', 'marcnotari@rvce.edu.in', '8479506816', 2, 7),
('11T4371', 'Aleta Ozminkowski', 'aletaozminkowski.ce14@rvce.edu.in', '8342921574', 1, 4),
('11T4380', 'Shara Rodkey', 'shararodkey.ch14@rvce.edu.in', '9209612546', 1, 3),
('11T4456', 'Terrie Cowens', 'terriecowens@rvce.edu.in', '8109338949', 2, 8),
('11T4689', 'Young Phenix', 'youngphenix@rvce.edu.in', '8113113448', 2, 11),
('11T4699', 'Laurinda Yackel', 'laurindayackel@rvce.edu.in', '9572662809', 2, 7),
('11T4827', 'Kelly Norse', 'kellynorse@rvce.edu.in', '9590462076', 2, 6),
('11T4963', 'Tyrell Wiggens', 'tyrellwiggens@rvce.edu.in', '8224624759', 2, 5),
('11T4994', 'Robyn Machamer', 'robynmachamer@rvce.edu.in', '8951662058', 2, 2),
('11T5057', 'Ollie Slovinsky', 'ollieslovinsky@rvce.edu.in', '8418110557', 2, 10),
('11T5418', 'Aleshia Rawi', 'aleshiarawi@rvce.edu.in', '9389351198', 2, 10),
('11T5443', 'Kelsie Lozada', 'kelsielozada.ec14@rvce.edu.in', '8618969344', 1, 7),
('11T5586', 'Kimi Scyoc', 'kimiscyoc@rvce.edu.in', '8422518142', 2, 4),
('11T5599', 'Karon Obi', 'karonobi@rvce.edu.in', '9315253225', 2, 10),
('11T5723', 'Michaele Michelet', 'michaelemichelet@rvce.edu.in', '8219341006', 2, 12),
('11T5966', 'Laurence Sethi', 'laurencesethi@rvce.edu.in', '8228536796', 2, 1),
('11T5978', 'Hoyt Farler', 'hoytfarler@rvce.edu.in', '9620273878', 2, 12),
('11T6036', 'Elden Pullum', 'eldenpullum.ch14@rvce.edu.in', '8057564051', 1, 3),
('11T6360', 'Tiara Wiley', 'tiarawiley@rvce.edu.in', '8560874122', 2, 3),
('11T6725', 'Kirstie Abington', 'kirstieabington@rvce.edu.in', '9963392364', 2, 9),
('11T6770', 'Lovella Reynard', 'lovellareynard.ch14@rvce.edu.in', '7945463620', 3, 3),
('11T7463', 'Chantay Boeh', 'chantayboeh@rvce.edu.in', '9735747197', 2, 10),
('11T7798', 'Denyse Devoogd', 'denysedevoogd.cs14@rvce.edu.in', '8027658667', 1, 5),
('11T7800', 'Margareta Onell', 'margaretaonell@rvce.edu.in', '8023251268', 4, 6),
('11T7928', 'Crysta Rybij', 'crystarybij@rvce.edu.in', '9265377621', 2, 9),
('11T8201', 'Ronna Boronat', 'ronnaboronat.ie14@rvce.edu.in', '9240359011', 1, 9),
('11T8300', 'Kina Dauterive', 'kinadauterive@rvce.edu.in', '9475349068', 2, 8),
('11T8509', 'Lawerence Nabhan', 'lawerencenabhan@rvce.edu.in', '8761924962', 2, 9),
('11T8722', 'Gretta Burtis', 'grettaburtis@rvce.edu.in', '9321389880', 5, 11),
('11T9088', 'Dannie Luckenbach', 'dannieluckenbach.me14@rvce.edu.in', '9409804326', 1, 11),
('11T9527', 'Halina Luma', 'halinaluma@rvce.edu.in', '8539814864', 2, 10),
('11T9596', 'Rico Poe', 'ricopoe@rvce.edu.in', '9034515249', 2, 3),
('11T9635', 'Malorie Beyal', 'maloriebeyal@rvce.edu.in', '8400370672', 2, 9),
('11T9721', 'Noma Ascheman', 'nomaascheman@rvce.edu.in', '8303589217', 2, 3),
('12N3445', 'Craig Kazemi', 'craigkazemi@rvce.edu.in', '9655900954', 5, 14),
('12N3753', 'Alton Hunneyman', 'altonhunneyman@rvce.edu.in', '9226581337', 4, 1),
('12N4912', 'Tifany Goleman', 'tifanygoleman@rvce.edu.in', '9850831805', 5, 6),
('12N6575', 'Julio Litecky', 'juliolitecky@rvce.edu.in', '8736845116', 5, 3),
('12N6861', 'Norene Esquivez', 'noreneesquivez.bt14@rvce.edu.in', '8549058661', 1, 2),
('12N7414', 'Brinda Humpert', 'brindahumpert.tc14@rvce.edu.in', '8452681331', 1, 12),
('12N7722', 'Alene Messerschmidt', 'alenemesserschmidt@rvce.edu.in', '9127566518', 5, 6),
('12N7809', 'Nancie Tidball', 'nancietidball@rvce.edu.in', '8699223724', 5, 7),
('12N8624', 'Ian Haimes', 'ianhaimes.tc14@rvce.edu.in', '7859166888', 1, 12),
('12T1184', 'Numbers Dizon', 'numbersdizon.tc14@rvce.edu.in', '8668732089', 1, 12),
('12T1201', 'Ethelyn Curbow', 'ethelyncurbow@rvce.edu.in', '8372748674', 4, 3),
('12T1282', 'Chong Caminiti', 'chongcaminiti@rvce.edu.in', '8519171534', 2, 2),
('12T1538', 'Damon Mcnayr', 'damonmcnayr@rvce.edu.in', '9520381654', 2, 6),
('12T1647', 'Kenna Talib', 'kennatalib@rvce.edu.in', '8833664062', 2, 5),
('12T1849', 'Oretha Rosseter', 'oretharosseter@rvce.edu.in', '8483327566', 2, 7),
('12T1971', 'Martin Ellington', 'martinellington.me14@rvce.edu.in', '8916195570', 3, 11),
('12T2553', 'Concetta Capper', 'concettacapper@rvce.edu.in', '8895116985', 5, 12),
('12T2990', 'Felipe Statum', 'felipestatum.bt14@rvce.edu.in', '9944809864', 3, 2),
('12T3101', 'Joslyn Marinez', 'joslynmarinez.ce15@rvce.edu.in', '7959778983', 3, 4),
('12T3133', 'Arlean Chrusciel', 'arleanchrusciel@rvce.edu.in', '8334531366', 2, 11),
('12T3171', 'Ty Culwell', 'tyculwell.cs14@rvce.edu.in', '8823027022', 1, 5),
('12T3187', 'Cary Bascombe', 'carybascombe@rvce.edu.in', '9178181744', 2, 7),
('12T3318', 'Gerri Proco', 'gerriproco@rvce.edu.in', '8140046277', 4, 9),
('12T3329', 'Katharina Gillock', 'katharinagillock@rvce.edu.in', '8386159268', 2, 8),
('12T3384', 'Brent Kaspari', 'brentkaspari@rvce.edu.in', '8458675624', 2, 2),
('12T3588', 'Solomon Verdugo', 'solomonverdugo.bt14@rvce.edu.in', '8438912634', 3, 2),
('12T3599', 'Lorenza Schnieder', 'lorenzaschnieder.ce14@rvce.edu.in', '8162266962', 3, 4),
('12T3670', 'Mavis Updike', 'mavisupdike@rvce.edu.in', '9621097318', 4, 7),
('12T3674', 'Charley Lewitt', 'charleylewitt@rvce.edu.in', '9022122112', 4, 3),
('12T3715', 'Jim Felipa', 'jimfelipa@rvce.edu.in', '8148832525', 2, 11),
('12T3973', 'Carl Mccubrey', 'carlmccubrey.ec14@rvce.edu.in', '8438671608', 1, 7),
('12T4466', 'Adell Cancilla', 'adellcancilla@rvce.edu.in', '9367765026', 2, 1),
('12T4595', 'Golda Jeskie', 'goldajeskie@rvce.edu.in', '8512273613', 2, 6),
('12T5133', 'Cleo Manatt', 'cleomanatt@rvce.edu.in', '8419858327', 2, 2),
('12T5168', 'Hong Gulan', 'honggulan@rvce.edu.in', '8617588200', 2, 7),
('12T5323', 'Norene Esquivez', 'noreneesquivez@rvce.edu.in', '8837535159', 2, 5),
('12T5589', 'Sylvia Surratt', 'sylviasurratt@rvce.edu.in', '8373354306', 2, 12),
('12T5757', 'Waldo Muscaro', 'waldomuscaro@rvce.edu.in', '9889546624', 2, 7),
('12T5831', 'Cristie Browning', 'cristiebrowning@rvce.edu.in', '9110434158', 2, 5),
('12T5926', 'Savannah Wiinikainen', 'savannahwiinikainen.ch15@rvce.edu.in', '8495088883', 1, 3),
('12T6233', 'Rickie Stewart', 'rickiestewart@rvce.edu.in', '9583555596', 2, 9),
('12T6513', 'Robt Farria', 'robtfarria@rvce.edu.in', '8897023674', 2, 10),
('12T6590', 'Heide Lucash', 'heidelucash.ce14@rvce.edu.in', '8400595825', 3, 4),
('12T7661', 'Lan Dornbos', 'landornbos.ch15@rvce.edu.in', '9849553144', 1, 3),
('12T7759', 'Alane Verunza', 'alaneverunza.ec14@rvce.edu.in', '9777944451', 1, 7),
('12T8030', 'Venita Dowda', 'venitadowda@rvce.edu.in', '9229003168', 2, 11),
('12T8051', 'Lindsay Schug', 'lindsayschug@rvce.edu.in', '8955703897', 2, 3),
('12T8106', 'Kum Soman', 'kumsoman@rvce.edu.in', '8919144158', 4, 4),
('12T8378', 'Reatha Vocu', 'reathavocu@rvce.edu.in', '8371099180', 2, 1),
('12T8379', 'Fleta Weitzman', 'fletaweitzman@rvce.edu.in', '8472200660', 2, 5),
('12T8750', 'Madalyn Strutz', 'madalynstrutz@rvce.edu.in', '9398952316', 2, 9),
('12T8889', 'Elouise Lampman', 'elouiselampman@rvce.edu.in', '8012867922', 2, 6),
('12T8908', 'Asa Andruszkiewic', 'asaandruszkiewic.ee14@rvce.edu.in', '9359703262', 1, 6),
('12T8911', 'Leona Bergdoll', 'leonabergdoll@rvce.edu.in', '9768881490', 2, 6),
('12T9404', 'Lillie Kabat', 'lilliekabat@rvce.edu.in', '9425722507', 2, 4),
('12T9435', 'Bev Chislom', 'bevchislom@rvce.edu.in', '9576206283', 2, 4),
('12T9678', 'Kit Satterley', 'kitsatterley@rvce.edu.in', '8063770243', 2, 11),
('12T9909', 'Sade Cutty', 'sadecutty@rvce.edu.in', '8838063419', 2, 10),
('12T9969', 'Bobette Pitch', 'bobettepitch@rvce.edu.in', '7844432577', 2, 6),
('13N1488', 'Jacqulyn Pechar', 'jacqulynpechar@rvce.edu.in', '8303633390', 5, 7),
('13N2287', 'Larraine Calvaresi', 'larrainecalvaresi@rvce.edu.in', '7897169605', 5, 14),
('13N2909', 'Emanuel Gimlin', 'emanuelgimlin@rvce.edu.in', '8647009443', 5, 3),
('13N3846', 'Dawne Lagan', 'dawnelagan@rvce.edu.in', '9152751845', 5, 4),
('13N3894', 'Jewel Nyahay', 'jewelnyahay@rvce.edu.in', '9485608280', 5, 2),
('13N4090', 'Odell Adner', 'odelladner.is14@rvce.edu.in', '9266069916', 3, 10),
('13N4249', 'Quentin Popoff', 'quentinpopoff.ce14@rvce.edu.in', '9490452855', 3, 4),
('13N5042', 'Imogene Steenberg', 'imogenesteenberg@rvce.edu.in', '9478566830', 5, 1),
('13N5672', 'Maryann Giannitti', 'maryanngiannitti@rvce.edu.in', '8951351052', 5, 7),
('13N5726', 'Cole Elion', 'coleelion.ie15@rvce.edu.in', '8305053281', 1, 9),
('13N8576', 'Kenya Weathers', 'kenyaweathers@rvce.edu.in', '9866805998', 5, 6),
('13N8768', 'Cleopatra Pasceri', 'cleopatrapasceri@rvce.edu.in', '8864118334', 5, 11),
('13N9270', 'Cathie Bednorz', 'cathiebednorz@rvce.edu.in', '8204598247', 5, 8),
('13N9466', 'Kasandra Benedek', 'kasandrabenedek@rvce.edu.in', '9756206311', 5, 6),
('13T1110', 'Drema Sweazey', 'dremasweazey.ie14@rvce.edu.in', '9244386172', 1, 9),
('13T1138', 'Fernanda Olecki', 'fernandaolecki@rvce.edu.in', '9218917757', 2, 11),
('13T1218', 'Chassidy Moland', 'chassidymoland.ie14@rvce.edu.in', '8365130850', 1, 9),
('13T1241', 'Jodie Ichinotsubo', 'jodieichinotsubo@rvce.edu.in', '7974709281', 2, 3),
('13T1261', 'Georgann Masloski', 'georgannmasloski@rvce.edu.in', '9776567307', 2, 12),
('13T1430', 'Norine Morrisey', 'norinemorrisey.ee15@rvce.edu.in', '9242277932', 1, 6),
('13T1917', 'Brigette Dundlow', 'brigettedundlow@rvce.edu.in', '9574522179', 4, 9),
('13T2030', 'Terina Rouillard', 'terinarouillard@rvce.edu.in', '9172924346', 2, 8),
('13T2227', 'August Shanklin', 'augustshanklin@rvce.edu.in', '7981024902', 2, 5),
('13T2238', 'Clelia Blaylock', 'cleliablaylock@rvce.edu.in', '8928282746', 2, 7),
('13T2338', 'Del Lillie', 'dellillie@rvce.edu.in', '7913976868', 2, 4),
('13T2392', 'Elisa Faggs', 'elisafaggs@rvce.edu.in', '8736866814', 2, 8),
('13T3062', 'Lois Saylee', 'loissaylee@rvce.edu.in', '9884174936', 2, 2),
('13T3326', 'Samara Tagami', 'samaratagami@rvce.edu.in', '8683495338', 2, 5),
('13T3381', 'Bill Ettman', 'billettman.is14@rvce.edu.in', '8003337499', 1, 10),
('13T3750', 'Nerissa Demyers', 'nerissademyers@rvce.edu.in', '8565462347', 2, 1),
('13T3835', 'Rudolf Zerr', 'rudolfzerr@rvce.edu.in', '9982438547', 5, 1),
('13T4372', 'Bennie Blechinger', 'bennieblechinger@rvce.edu.in', '8523391251', 2, 11),
('13T4550', 'Sheryll Mctarnaghan', 'sheryllmctarnaghan@rvce.edu.in', '9889405908', 4, 4),
('13T5083', 'Jacquline Yunan', 'jacqulineyunan.ei15@rvce.edu.in', '8692067689', 1, 8),
('13T5151', 'Janette Quiett', 'janettequiett.me14@rvce.edu.in', '8904477729', 1, 11),
('13T5152', 'Alexa Mantel', 'alexamantel.ie15@rvce.edu.in', '9846067546', 1, 9),
('13T5331', 'Tami Nessmith', 'taminessmith@rvce.edu.in', '8987276866', 2, 10),
('13T5553', 'Jennifer Walman', 'jenniferwalman@rvce.edu.in', '8330919593', 4, 4),
('13T5947', 'Twila Anstead', 'twilaanstead@rvce.edu.in', '9054560004', 2, 2),
('13T5995', 'Winter Machover', 'wintermachover@rvce.edu.in', '8105849151', 4, 1),
('13T6172', 'Lavette Lantrip', 'lavettelantrip@rvce.edu.in', '8658285746', 2, 10),
('13T6183', 'Hee Wojeik', 'heewojeik@rvce.edu.in', '9561382717', 2, 1),
('13T6318', 'Vivienne Mescher', 'viviennemescher.tc14@rvce.edu.in', '8687771000', 1, 12),
('13T6323', 'Danyel Spike', 'danyelspike@rvce.edu.in', '8126340267', 2, 5),
('13T6494', 'Annamae Mace', 'annamaemace@rvce.edu.in', '8714323990', 2, 11),
('13T6497', 'Laurena Manylath', 'laurenamanylath.ae14@rvce.edu.in', '9826703076', 3, 1),
('13T6987', 'Rosia Sandrowicz', 'rosiasandrowicz@rvce.edu.in', '9407201294', 4, 5),
('13T7164', 'Renda Barut', 'rendabarut@rvce.edu.in', '8141927273', 2, 7),
('13T7207', 'Yung Hiebert', 'yunghiebert.bt15@rvce.edu.in', '9889296980', 1, 2),
('13T7681', 'Kathryne Toliongco', 'kathrynetoliongco@rvce.edu.in', '8062475224', 4, 6),
('13T7829', 'Demetra Ference', 'demetraference@rvce.edu.in', '9827009977', 2, 1),
('13T7985', 'Aide Alston', 'aidealston.is15@rvce.edu.in', '9102984724', 1, 10),
('13T8080', 'Georgetta Bonadurer', 'georgettabonadurer@rvce.edu.in', '9770951256', 2, 7),
('13T8269', 'Stan Enlow', 'stanenlow@rvce.edu.in', '8393262765', 2, 6),
('13T8635', 'Caitlin Mcclosky', 'caitlinmcclosky@rvce.edu.in', '7839639678', 2, 10),
('13T8647', 'Noemi Rebert', 'noemirebert.is14@rvce.edu.in', '9818171957', 3, 10),
('13T8723', 'Jeniffer Tietz', 'jeniffertietz@rvce.edu.in', '9787553613', 2, 8),
('13T8967', 'Terry Coma', 'terrycoma.bt15@rvce.edu.in', '9236018126', 1, 2),
('13T9077', 'Lieselotte Bondurant', 'lieselottebondurant@rvce.edu.in', '9475636310', 2, 8),
('13T9395', 'Horacio Behne', 'horaciobehne@rvce.edu.in', '7955937469', 4, 8),
('13T9492', 'Zulema Inmon', 'zulemainmon@rvce.edu.in', '9416067581', 2, 12),
('13T9803', 'Eddy Nepomuceno', 'eddynepomuceno@rvce.edu.in', '8368288968', 4, 9),
('14N2293', 'Kamilah Landsman', 'kamilahlandsman@rvce.edu.in', '8158523343', 2, 7),
('14N2977', 'Darrin Saller', 'darrinsaller@rvce.edu.in', '8240859585', 5, 5),
('14N3371', 'Gladys Galley', 'gladysgalley.is15@rvce.edu.in', '8072294055', 1, 10),
('14N3631', 'Hermila Garahan', 'hermilagarahan@rvce.edu.in', '8784491350', 5, 5),
('14N4312', 'Roberta Hatto', 'robertahatto.bt14@rvce.edu.in', '9571689187', 3, 2),
('14N5214', 'Eusebia Winegardner', 'eusebiawinegardner@rvce.edu.in', '8751925690', 5, 9),
('14N6452', 'Rudolph Mazique', 'rudolphmazique@rvce.edu.in', '9666131491', 2, 2),
('14N6603', 'Jewell Degross', 'jewelldegross@rvce.edu.in', '9462947786', 5, 5),
('14N7392', 'Wendy Corby', 'wendycorby@rvce.edu.in', '8907912758', 5, 8),
('14N7418', 'Doreen Beeks', 'doreenbeeks@rvce.edu.in', '8655789980', 5, 4),
('14N7782', 'Lynsey Hilgert', 'lynseyhilgert.ae16@rvce.edu.in', '8848942719', 3, 1),
('14N9218', 'Polly Kleeman', 'pollykleeman@rvce.edu.in', '8094197059', 5, 11),
('14N9235', 'Loyce Middents', 'loycemiddents@rvce.edu.in', '8152774527', 5, 14),
('14T1078', 'Otilia Latner', 'otilialatner@rvce.edu.in', '9605820991', 2, 5),
('14T1299', 'Roosevelt Hummer', 'roosevelthummer@rvce.edu.in', '9801886685', 2, 9),
('14T1384', 'Maxine Bunge', 'maxinebunge@rvce.edu.in', '9390993360', 2, 6),
('14T1511', 'Jessi Dobyns', 'jessidobyns@rvce.edu.in', '8094511753', 2, 4),
('14T1711', 'Eulalia Grahe', 'eulaliagrahe.ce15@rvce.edu.in', '8129870256', 1, 4),
('14T2023', 'Masako Malec', 'masakomalec@rvce.edu.in', '9742021178', 4, 5),
('14T2025', 'Olive Fogelson', 'olivefogelson.ce15@rvce.edu.in', '9376726270', 1, 4),
('14T2082', 'Geneva Flom', 'genevaflom@rvce.edu.in', '8310970291', 4, 3),
('14T2164', 'Garland Meason', 'garlandmeason@rvce.edu.in', '9432759223', 4, 5),
('14T2416', 'Maya Rovella', 'mayarovella.ch15@rvce.edu.in', '7955095272', 1, 3),
('14T2609', 'Gerard Dahlstrom', 'gerarddahlstrom@rvce.edu.in', '8640412790', 2, 10),
('14T2900', 'Myriam Mohaupt', 'myriammohaupt.bt16@rvce.edu.in', '7991077499', 1, 2),
('14T3160', 'An Niemeyer', 'anniemeyer@rvce.edu.in', '8155570419', 4, 10),
('14T3170', 'Corine Brome', 'corinebrome@rvce.edu.in', '8670174635', 4, 6),
('14T3204', 'Lacresha Vrias', 'lacreshavrias.ch15@rvce.edu.in', '8518708333', 1, 3),
('14T3359', 'Candie Handrick', 'candiehandrick.ch15@rvce.edu.in', '7904763372', 1, 3),
('14T3650', 'Asha Rorer', 'asharorer@rvce.edu.in', '8127771526', 4, 9),
('14T3889', 'Jacalyn Patman', 'jacalynpatman@rvce.edu.in', '8415889223', 4, 11),
('14T3990', 'Dianna Bockman', 'diannabockman.cs15@rvce.edu.in', '9031915497', 3, 5),
('14T4659', 'Jenise Balsley', 'jenisebalsley@rvce.edu.in', '8696507043', 2, 3),
('14T4834', 'Shanta Gentzler', 'shantagentzler.ec15@rvce.edu.in', '9093184066', 1, 7),
('14T5231', 'Janiece Soape', 'janiecesoape@rvce.edu.in', '8009228019', 2, 6),
('14T5792', 'Fleta Weitzman', 'fletaweitzman.bt16@rvce.edu.in', '8952544566', 1, 2),
('14T5881', 'Theressa Lennart', 'theressalennart@rvce.edu.in', '9024391144', 2, 11),
('14T5886', 'Halley Flahaven', 'halleyflahaven@rvce.edu.in', '8711064766', 2, 1),
('14T6059', 'Zulma Schowalter', 'zulmaschowalter@rvce.edu.in', '9782679111', 4, 12),
('14T6251', 'Shizue Fulford', 'shizuefulford@rvce.edu.in', '9397465279', 2, 5),
('14T6657', 'Alix Emigholz', 'alixemigholz@rvce.edu.in', '9268816766', 2, 12),
('14T6696', 'Leone Andriopulos', 'leoneandriopulos@rvce.edu.in', '8411660465', 2, 1),
('14T6906', 'Luigi Berntsen', 'luigiberntsen@rvce.edu.in', '9333763498', 2, 12),
('14T7077', 'Deena Akana', 'deenaakana@rvce.edu.in', '8041709544', 2, 8),
('14T7187', 'Conrad Tressel', 'conradtressel.ie15@rvce.edu.in', '8120237258', 1, 9),
('14T7670', 'Yanira Kercher', 'yanirakercher.ie15@rvce.edu.in', '9748597549', 1, 9),
('14T8026', 'Lettie Godino', 'lettiegodino@rvce.edu.in', '9729401440', 4, 8),
('14T8174', 'Ha Veldkamp', 'haveldkamp@rvce.edu.in', '9146190611', 2, 10),
('14T8280', 'Lyle Ojima', 'lyleojima@rvce.edu.in', '9903495032', 4, 9),
('14T8501', 'Rosendo Freeders', 'rosendofreeders@rvce.edu.in', '8068390009', 5, 13),
('14T8888', 'Eric Muratore', 'ericmuratore@rvce.edu.in', '8369455116', 2, 1),
('14T8902', 'Tiny Kollross', 'tinykollross@rvce.edu.in', '9162725728', 5, 14),
('14T9089', 'Karrie Slagle', 'karrieslagle@rvce.edu.in', '8981469209', 2, 4),
('14T9283', 'Maryellen Burges', 'maryellenburges@rvce.edu.in', '9952337837', 4, 9),
('14T9557', 'Echo Chiras', 'echochiras@rvce.edu.in', '8310774767', 2, 6),
('14T9577', 'Bong Trumps', 'bongtrumps.ae16@rvce.edu.in', '8909108388', 1, 1),
('14T9683', 'Dustin Vallandingham', 'dustinvallandingham.bt16@rvce.edu.in', '8663471592', 1, 2),
('14T9712', 'Nicholle Posson', 'nicholleposson@rvce.edu.in', '9816927107', 2, 4),
('14T9778', 'Reita Herd', 'reitaherd@rvce.edu.in', '8818140688', 4, 2),
('14T9852', 'Alphonse Courtway', 'alphonsecourtway@rvce.edu.in', '9496248232', 2, 6),
('15N1224', 'Jimmie Heister', 'jimmieheister@rvce.edu.in', '9784952676', 5, 8),
('15N1839', 'Agnus Sustaire', 'agnussustaire.bt16@rvce.edu.in', '9250819907', 1, 2),
('15N3433', 'Larraine Calvaresi', 'larrainecalvaresi.ce16@rvce.edu.in', '9288078706', 1, 4),
('15N3478', 'Consuelo Leppke', 'consueloleppke@rvce.edu.in', '9835059061', 5, 2),
('15N4200', 'Cyndi Bognar', 'cyndibognar.cs14@rvce.edu.in', '9291570225', 1, 5),
('15N5315', 'Monet Bushey', 'monetbushey.ec16@rvce.edu.in', '9129919860', 1, 7),
('15N5461', 'Lynette Franz', 'lynettefranz@rvce.edu.in', '7845605078', 5, 4),
('15N6804', 'Frances Lossa', 'franceslossa@rvce.edu.in', '8630130693', 5, 13),
('15N6979', 'Rolande Wilhelms', 'rolandewilhelms@rvce.edu.in', '9570271776', 4, 10),
('15N7361', 'Robin Dryman', 'robindryman@rvce.edu.in', '9156890176', 5, 14),
('15N8477', 'Mickey Klavon', 'mickeyklavon@rvce.edu.in', '9458438087', 5, 4),
('15N8674', 'Forrest Sherr', 'forrestsherr@rvce.edu.in', '9544344715', 5, 14),
('15N8718', 'Keiko Bonnlander', 'keikobonnlander.bt14@rvce.edu.in', '9572822389', 3, 2),
('15T1507', 'Keiko Bonnlander', 'keikobonnlander@rvce.edu.in', '8691555881', 4, 1),
('15T1519', 'Thurman Schustrich', 'thurmanschustrich@rvce.edu.in', '9889494466', 4, 4),
('15T1550', 'Delana Senna', 'delanasenna@rvce.edu.in', '7894552504', 4, 3),
('15T1553', 'Kathleen Newitt', 'kathleennewitt@rvce.edu.in', '8035601653', 4, 1),
('15T1757', 'Tamara Serrato', 'tamaraserrato@rvce.edu.in', '9208279774', 2, 4),
('15T1771', 'Era Bierlein', 'erabierlein@rvce.edu.in', '8963458273', 4, 5),
('15T1819', 'Evon Pullam', 'evonpullam@rvce.edu.in', '9260687364', 2, 4),
('15T2354', 'Eleonora Owney', 'eleonoraowney@rvce.edu.in', '8789338529', 2, 8),
('15T2470', 'Maricruz Mckisson', 'maricruzmckisson@rvce.edu.in', '9201538974', 4, 5),
('15T3142', 'Charlott Romiro', 'charlottromiro.ce16@rvce.edu.in', '8557792976', 3, 4),
('15T3867', 'Shenita Caspary', 'shenitacaspary@rvce.edu.in', '8884763322', 2, 5),
('15T4137', 'Rosemary Facello', 'rosemaryfacello@rvce.edu.in', '9428665698', 4, 5),
('15T4387', 'Kymberly Heiskell', 'kymberlyheiskell.ce16@rvce.edu.in', '8110025801', 3, 4),
('15T4728', 'Alessandra Tams', 'alessandratams@rvce.edu.in', '9437273460', 2, 2),
('15T5100', 'Teri Vonderheide', 'terivonderheide@rvce.edu.in', '8508048316', 2, 10),
('15T5215', 'Trinidad Brasure', 'trinidadbrasure@rvce.edu.in', '9657190354', 4, 10),
('15T5343', 'Elias Cockriel', 'eliascockriel@rvce.edu.in', '8306175891', 2, 2),
('15T5456', 'Vera Sedlack', 'verasedlack@rvce.edu.in', '9832408069', 2, 8),
('15T5548', 'Ashlea Nuchols', 'ashleanuchols@rvce.edu.in', '8919618654', 2, 12),
('15T5610', 'Tess Sommons', 'tesssommons@rvce.edu.in', '9433182762', 2, 2),
('15T5995', 'Kellye Roberie', 'kellyeroberie@rvce.edu.in', '9230441602', 4, 11),
('15T6616', 'Petronila Doris', 'petroniladoris@rvce.edu.in', '8441003349', 2, 11),
('15T6657', 'Tamala Savich', 'tamalasavich.ce16@rvce.edu.in', '9239066412', 3, 4),
('15T6887', 'Yong Schnurbusch', 'yongschnurbusch.ch16@rvce.edu.in', '8861242332', 1, 3),
('15T7073', 'Kati Lobel', 'katilobel@rvce.edu.in', '8750576692', 4, 4),
('15T7155', 'Leontine Kirts', 'leontinekirts@rvce.edu.in', '9232820032', 2, 12),
('15T7562', 'Clementina Spranger', 'clementinaspranger@rvce.edu.in', '8579293689', 2, 8),
('15T8004', 'Tarsha Sixt', 'tarshasixt@rvce.edu.in', '9079306406', 2, 3),
('15T8266', 'Kiersten Cucuta', 'kierstencucuta@rvce.edu.in', '8927455107', 2, 8),
('15T8291', 'Tamela Netters', 'tamelanetters.ce16@rvce.edu.in', '9073459416', 1, 4),
('15T8326', 'Marielle Lathrop', 'mariellelathrop@rvce.edu.in', '8687352400', 2, 5),
('15T8686', 'Sofia Garrington', 'sofiagarrington@rvce.edu.in', '9208209000', 2, 2),
('15T8764', 'Daryl Gasbarro', 'darylgasbarro@rvce.edu.in', '8891767231', 2, 10),
('15T9180', 'Lamont Rawhouser', 'lamontrawhouser@rvce.edu.in', '9107976628', 2, 7),
('15T9267', 'Alexis Marolf', 'alexismarolf@rvce.edu.in', '8663673076', 2, 8),
('15T9656', 'Mona Merta', 'monamerta.ch16@rvce.edu.in', '8152986570', 3, 3),
('16N1436', 'Sherril Latif', 'sherrillatif@rvce.edu.in', '9671334221', 5, 14),
('16N2896', 'Christene Schatzel', 'christeneschatzel@rvce.edu.in', '9595717093', 5, 14),
('16N3416', 'Kathlene Fingar', 'kathlenefingar.bt17@rvce.edu.in', '8047520874', 3, 2),
('16N3593', 'Krista Dethlefs', 'kristadethlefs@rvce.edu.in', '8773290448', 5, 14),
('16N4631', 'Bryce Mcgunagle', 'brycemcgunagle.ec14@rvce.edu.in', '8012228917', 1, 7),
('16N4796', 'Verdell Gillich', 'verdellgillich@rvce.edu.in', '8658480863', 5, 14),
('16N5604', 'Catherina Slotnick', 'catherinaslotnick@rvce.edu.in', '9774975802', 5, 2),
('16N8043', 'Jenniffer Getsinger', 'jenniffergetsinger@rvce.edu.in', '7918434756', 2, 12),
('16T1004', 'Armida Pechacek', 'armidapechacek@rvce.edu.in', '9203694077', 2, 3),
('16T1082', 'Jamey Munsen', 'jameymunsen@rvce.edu.in', '7995671998', 2, 1),
('16T1210', 'Trena Kinkaid', 'trenakinkaid@rvce.edu.in', '9129838160', 2, 8),
('16T1225', 'Damian Wickland', 'damianwickland@rvce.edu.in', '8035808121', 4, 2),
('16T1326', 'Edris Brothen', 'edrisbrothen.cs16@rvce.edu.in', '8072451668', 1, 5),
('16T1359', 'Joseph Zeran', 'josephzeran@rvce.edu.in', '9734023832', 2, 12),
('16T1548', 'Carolyn Nowicki', 'carolynnowicki@rvce.edu.in', '8951348726', 2, 11),
('16T1699', 'Evelyne Grosjean', 'evelynegrosjean@rvce.edu.in', '8730589364', 2, 7),
('16T1871', 'Iris Galva', 'irisgalva.cs16@rvce.edu.in', '9583165332', 3, 5),
('16T2220', 'Rossie Raynor', 'rossieraynor@rvce.edu.in', '9137629210', 2, 10),
('16T2254', 'Lavon Muschick', 'lavonmuschick@rvce.edu.in', '8876063096', 2, 11),
('16T2658', 'Maegan Fialkowski', 'maeganfialkowski@rvce.edu.in', '8978468665', 2, 9),
('16T2676', 'Aida Wason', 'aidawason@rvce.edu.in', '8757672750', 2, 3),
('16T2753', 'Clifford Brettschneide', 'cliffordbrettschneide@rvce.edu.in', '9201467222', 4, 9),
('16T2945', 'Larue Orsborn', 'larueorsborn@rvce.edu.in', '9088535932', 5, 9),
('16T3075', 'Shanell Lazio', 'shanelllazio.cs16@rvce.edu.in', '9611672125', 1, 5),
('16T3531', 'Hai Bologna', 'haibologna.ec16@rvce.edu.in', '9642268162', 3, 7),
('16T3681', 'Leonida Riechman', 'leonidariechman.ei16@rvce.edu.in', '8585281561', 3, 8),
('16T3696', 'Jetta Skousen', 'jettaskousen.ec16@rvce.edu.in', '9626878361', 3, 7),
('16T4086', 'Monty Sarti', 'montysarti@rvce.edu.in', '9762630465', 2, 3),
('16T4268', 'Miyoko Colvert', 'miyokocolvert@rvce.edu.in', '9217534211', 4, 1),
('16T4568', 'Kaila Keeny', 'kailakeeny@rvce.edu.in', '9749467875', 2, 2),
('16T4780', 'Natividad Roman', 'natividadroman@rvce.edu.in', '9987679989', 2, 12),
('16T4998', 'Isis Dancause', 'isisdancause@rvce.edu.in', '8763255632', 2, 1),
('16T5054', 'Dick Dedaj', 'dickdedaj@rvce.edu.in', '8557527115', 4, 7),
('16T5119', 'Bettyann Burgdorf', 'bettyannburgdorf@rvce.edu.in', '8974295014', 2, 5),
('16T5288', 'Romona Brumer', 'romonabrumer@rvce.edu.in', '9578264644', 4, 9),
('16T5445', 'Corrina Bartosh', 'corrinabartosh@rvce.edu.in', '9461873997', 2, 9),
('16T5666', 'Tessa Gaylord', 'tessagaylord@rvce.edu.in', '7999132213', 4, 5),
('16T5715', 'Murray Pedrozo', 'murraypedrozo@rvce.edu.in', '8605988378', 5, 9),
('16T6020', 'Rasheeda Sausser', 'rasheedasausser@rvce.edu.in', '9064286836', 2, 10),
('16T6031', 'Dalene Avitia', 'daleneavitia.ie16@rvce.edu.in', '8686544674', 1, 9),
('16T6066', 'Eryn Oka', 'erynoka.me16@rvce.edu.in', '8036169706', 1, 11),
('16T6279', 'Iesha Pandit', 'ieshapandit@rvce.edu.in', '9364291374', 2, 10),
('16T6922', 'Marget Spier', 'margetspier.ee16@rvce.edu.in', '9438806332', 1, 6),
('16T6968', 'Moses Becks', 'mosesbecks@rvce.edu.in', '7884432344', 2, 8),
('16T7403', 'Alisha Dubree', 'alishadubree@rvce.edu.in', '8340376149', 2, 7),
('16T7424', 'Britany Boldon', 'britanyboldon@rvce.edu.in', '9134145805', 2, 6),
('16T7426', 'Jon Sweatman', 'jonsweatman@rvce.edu.in', '8888665155', 2, 2),
('16T7496', 'Donella Lato', 'donellalato@rvce.edu.in', '9442755441', 2, 11),
('16T7724', 'Lane Halo', 'lanehalo@rvce.edu.in', '9660689505', 2, 7),
('16T7817', 'Tamika Winokur', 'tamikawinokur@rvce.edu.in', '9633828493', 2, 3),
('16T7836', 'Carmine Collums', 'carminecollums@rvce.edu.in', '9156268478', 2, 7),
('16T7870', 'Berta Ebner', 'bertaebner.ee16@rvce.edu.in', '9113501793', 1, 6),
('16T7926', 'Ressie Marrion', 'ressiemarrion.bt14@rvce.edu.in', '8276879486', 1, 2),
('16T7960', 'Mariann Honnen', 'mariannhonnen@rvce.edu.in', '9413562453', 2, 3),
('16T8409', 'Peggie Logarbo', 'peggielogarbo@rvce.edu.in', '9318676832', 2, 12),
('16T8545', 'Elenore Misch', 'elenoremisch.tc16@rvce.edu.in', '9780269243', 3, 12),
('16T9057', 'Kimberlie Dermody', 'kimberliedermody@rvce.edu.in', '9658626582', 4, 6),
('16T9260', 'Janita Nixa', 'janitanixa@rvce.edu.in', '9074329211', 2, 4),
('16T9458', 'Shirl Stolpe', 'shirlstolpe@rvce.edu.in', '8692313901', 4, 2),
('16T9631', 'Reyes Kinzel', 'reyeskinzel@rvce.edu.in', '7847816417', 4, 5),
('16T9712', 'Leo Ezzo', 'leoezzo.ae17@rvce.edu.in', '8541288509', 1, 1),
('16T9894', 'Elma Rogers', 'elmarogers@rvce.edu.in', '9999206517', 2, 1),
('17N1970', 'Elidia Hatchitt', 'elidiahatchitt@rvce.edu.in', '8007358736', 5, 4),
('17N2566', 'Arthur Fattig', 'arthurfattig.bt17@rvce.edu.in', '8665043151', 1, 2),
('17N2671', 'Brittni Deneen', 'brittnideneen@rvce.edu.in', '9429957788', 2, 5),
('17N3048', 'Courtney Kassing', 'courtneykassing.ce17@rvce.edu.in', '8718939904', 1, 4),
('17N3888', 'Dayle Mckinsey', 'daylemckinsey.ch17@rvce.edu.in', '8609669818', 1, 3),
('17N3955', 'Christa Sartain', 'christasartain.ae17@rvce.edu.in', '9095941592', 1, 1),
('17N4563', 'Julene Lomino', 'julenelomino@rvce.edu.in', '8914944716', 5, 14),
('17N5263', 'Macy Olveda', 'macyolveda.cs17@rvce.edu.in', '9174329318', 1, 5),
('17N5477', 'Magdalene Schutz', 'magdaleneschutz@rvce.edu.in', '9750512000', 5, 13),
('17N5613', 'Nam Clayborne', 'namclayborne@rvce.edu.in', '8257226682', 5, 3),
('17N5664', 'Lamont Rawhouser', 'lamontrawhouser@rvce.edu.in', '9267207215', 5, 5),
('17N6627', 'Charis Reckleben', 'charisreckleben@rvce.edu.in', '9753400548', 5, 14),
('17N6764', 'Apolonia Tolan', 'apoloniatolan.ec17@rvce.edu.in', '7997345968', 1, 7),
('17N8772', 'Chan Dormaier', 'chandormaier@rvce.edu.in', '8298602541', 2, 2),
('17N9416', 'Serina Blocker', 'serinablocker.ei17@rvce.edu.in', '9541091004', 1, 8),
('17T1270', 'Hermine Fitzner', 'herminefitzner@rvce.edu.in', '8633654570', 2, 4),
('17T1361', 'Raina Gittere', 'rainagittere@rvce.edu.in', '9257024522', 4, 1),
('17T1543', 'Gwen Hankel', 'gwenhankel.bt17@rvce.edu.in', '9291728460', 1, 2),
('17T1575', 'Olivia Mcginister', 'oliviamcginister.ae17@rvce.edu.in', '9468471029', 1, 1),
('17T1745', 'Eddie Vixayack', 'eddievixayack@rvce.edu.in', '9568437101', 2, 2),
('17T1887', 'Sol Capitani', 'solcapitani@rvce.edu.in', '8385493804', 2, 9),
('17T2044', 'Stefania Libert', 'stefanialibert@rvce.edu.in', '8440660516', 2, 2),
('17T2091', 'Juliane Boje', 'julianeboje@rvce.edu.in', '7958107210', 2, 7),
('17T2698', 'Leandro Serafin', 'leandroserafin@rvce.edu.in', '9776764866', 4, 10),
('17T2743', 'Ashlea Nuchols', 'ashleanuchols.ae17@rvce.edu.in', '8107796970', 1, 1),
('17T3010', 'Sang Miska', 'sangmiska@rvce.edu.in', '8362200895', 2, 1),
('17T3073', 'Gilma Smithey', 'gilmasmithey@rvce.edu.in', '9233679270', 2, 8),
('17T3241', 'Christena Wirtjes', 'christenawirtjes.cs17@rvce.edu.in', '9397848299', 3, 5),
('17T3486', 'Sandy Kazda', 'sandykazda.bt17@rvce.edu.in', '9112697867', 1, 2),
('17T3681', 'Colby Kruzan', 'colbykruzan@rvce.edu.in', '9410633735', 2, 10),
('17T3749', 'Traci Suet', 'tracisuet@rvce.edu.in', '8667936804', 2, 1),
('17T3905', 'Chin Batiz', 'chinbatiz.ec17@rvce.edu.in', '7963916479', 3, 7),
('17T4003', 'Shirleen Santoya', 'shirleensantoya@rvce.edu.in', '8564128544', 5, 13),
('17T4219', 'Tianna Kobold', 'tiannakobold@rvce.edu.in', '9264359275', 2, 6),
('17T4336', 'Rey Desomma', 'reydesomma@rvce.edu.in', '8542944085', 2, 11),
('17T4429', 'Milagros Shih', 'milagrosshih@rvce.edu.in', '9977573276', 2, 1),
('17T5128', 'Rubin Egger', 'rubinegger@rvce.edu.in', '8217758127', 2, 8),
('17T5306', 'Jolynn Warnack', 'jolynnwarnack.bt17@rvce.edu.in', '9011458119', 1, 2),
('17T5391', 'Trudi Cathcart', 'trudicathcart.bt14@rvce.edu.in', '8689785956', 1, 2),
('17T5449', 'Rhea Powanda', 'rheapowanda.ec17@rvce.edu.in', '8034863133', 3, 7),
('17T5783', 'Asia Kobrin', 'asiakobrin@rvce.edu.in', '9282578009', 2, 11),
('17T5893', 'Columbus Amspaugh', 'columbusamspaugh@rvce.edu.in', '8347903718', 4, 7),
('17T6039', 'Alina Lavalle', 'alinalavalle@rvce.edu.in', '9797558271', 2, 7),
('17T6326', 'Adam Doward', 'adamdoward@rvce.edu.in', '9290844506', 2, 2),
('17T6458', 'Vivienne Mescher', 'viviennemescher@rvce.edu.in', '9860143388', 2, 6),
('17T7053', 'Jacque Reinders', 'jacquereinders.cs17@rvce.edu.in', '9704124415', 1, 5),
('17T7169', 'Marlene Wengler', 'marlenewengler@rvce.edu.in', '8826897972', 4, 6),
('17T7532', 'Ira Walczyk', 'irawalczyk@rvce.edu.in', '8368775753', 2, 9),
('17T8009', 'Jade Betry', 'jadebetry@rvce.edu.in', '9607694800', 4, 4),
('17T8087', 'Nancee Werksman', 'nanceewerksman.ch17@rvce.edu.in', '8589723572', 1, 3),
('17T8268', 'Melanie Adolphsen', 'melanieadolphsen.ee17@rvce.edu.in', '9439927161', 1, 6),
('17T8293', 'Jimmy Wollert', 'jimmywollert@rvce.edu.in', '8187395621', 2, 1),
('17T9126', 'Ashlee Cannard', 'ashleecannard@rvce.edu.in', '9912459947', 2, 4),
('17T9129', 'Lamonica Strauch', 'lamonicastrauch@rvce.edu.in', '9148335551', 2, 3),
('17T9145', 'Edmund Casini', 'edmundcasini@rvce.edu.in', '9991271616', 2, 12),
('17T9436', 'Loraine Depuy', 'lorainedepuy@rvce.edu.in', '9449434504', 2, 6),
('17T9753', 'Terisa Gilreath', 'terisagilreath.ei17@rvce.edu.in', '8931961008', 1, 8),
('1RV14AE015', 'Courtney Kassing', 'courtneykassing.ae14@rvce.edu.in', '7863180088', 3, 1),
('1RV14AE020', 'Loretta Kurpinski', 'lorettakurpinski.bt14@rvce.edu.in', '8437885927', 1, 2),
('1RV14AE023', 'Lilli Kesley', 'lillikesley.ae14@rvce.edu.in', '8072546224', 1, 1),
('1RV14AE025', 'Lynwood Gombos', 'lynwoodgombos.ae14@rvce.edu.in', '9275470973', 1, 1),
('1RV14AE029', 'Caleb Pal', 'calebpal.ae14@rvce.edu.in', '9604591254', 1, 1),
('1RV14AE035', 'Mandie Varner', 'mandievarner.bt14@rvce.edu.in', '9397471196', 1, 2),
('1RV14AE036', 'Clorinda Kirtner', 'clorindakirtner.ae14@rvce.edu.in', '9707144194', 1, 1),
('1RV14AE039', 'Otto Blitz', 'ottoblitz@rvce.edu.in', '8413344420', 4, 5),
('1RV14AE040', 'Antione Tsuruda', 'antionetsuruda.ei14@rvce.edu.in', '8119126134', 3, 8),
('1RV14AE042', 'Ammie Boyde', 'ammieboyde.tc14@rvce.edu.in', '8237023041', 1, 12),
('1RV14AE062', 'Glory Hearin', 'gloryhearin.ei14@rvce.edu.in', '8811302776', 3, 8),
('1RV14AE067', 'Edda Combee', 'eddacombee.ae14@rvce.edu.in', '9387355916', 1, 1),
('1RV14AE070', 'Mara Rike', 'mararike@rvce.edu.in', '8170573538', 4, 8),
('1RV14AE071', 'Roderick Moulding', 'roderickmoulding@rvce.edu.in', '8104033028', 2, 6),
('1RV14AE077', 'Erwin Loegering', 'erwinloegering.ei14@rvce.edu.in', '9181523055', 3, 8),
('1RV14AE084', 'Donita Efurd', 'donitaefurd.ae14@rvce.edu.in', '8485270872', 3, 1),
('1RV14AE086', 'Maxwell Wawrzyniak', 'maxwellwawrzyniak.tc14@rvce.edu.in', '8842485215', 1, 12),
('1RV14AE093', 'Delcie Hyon', 'delciehyon.tc14@rvce.edu.in', '9924175352', 1, 12),
('1RV14AE095', 'Dorathy Rolff', 'dorathyrolff.ae14@rvce.edu.in', '8417305819', 3, 1),
('1RV14BT011', 'Marcell Czernik', 'marcellczernik.bt14@rvce.edu.in', '9467174947', 1, 2),
('1RV14BT012', 'Troy Hood', 'troyhood.bt14@rvce.edu.in', '8674429821', 1, 2),
('1RV14BT013', 'Donnetta Degollado', 'donnettadegollado@rvce.edu.in', '8290816365', 2, 1),
('1RV14BT015', 'Lahoma Theriault', 'lahomatheriault.bt14@rvce.edu.in', '8659346464', 3, 2),
('1RV14BT016', 'Jetta Skousen', 'jettaskousen.bt14@rvce.edu.in', '8265412210', 3, 2),
('1RV14BT017', 'Craig Kazemi', 'craigkazemi@rvce.edu.in', '9663436445', 2, 6),
('1RV14BT020', 'Octavia Tom', 'octaviatom.bt14@rvce.edu.in', '8326943654', 1, 2),
('1RV14BT021', 'Vena Winterrowd', 'venawinterrowd@rvce.edu.in', '8459292201', 2, 1),
('1RV14BT024', 'Marcella Tavolieri', 'marcellatavolieri.bt14@rvce.edu.in', '9977077172', 1, 2),
('1RV14BT025', 'Bettyann Burgdorf', 'bettyannburgdorf.bt14@rvce.edu.in', '9894110579', 1, 2),
('1RV14BT027', 'Chun Arora', 'chunarora.bt14@rvce.edu.in', '9798291241', 1, 2),
('1RV14BT029', 'Jenette Beyer', 'jenettebeyer.ch14@rvce.edu.in', '8843567784', 1, 3),
('1RV14BT030', 'Soo Difeo', 'soodifeo.bt14@rvce.edu.in', '8138042249', 1, 2),
('1RV14BT032', 'Hildegard Marrietta', 'hildegardmarrietta.bt14@rvce.edu.in', '9420898962', 1, 2),
('1RV14BT033', 'Alyse Braverman', 'alysebraverman.bt14@rvce.edu.in', '9282940389', 3, 2),
('1RV14BT034', 'Phyllis Casazza', 'phylliscasazza.bt14@rvce.edu.in', '8363789049', 1, 2),
('1RV14BT035', 'Phuong Thuss', 'phuongthuss.bt14@rvce.edu.in', '9964417985', 3, 2),
('1RV14BT039', 'Leena Klepchick', 'leenaklepchick.bt14@rvce.edu.in', '8192696560', 1, 2),
('1RV14BT040', 'Clare Duvernois', 'clareduvernois@rvce.edu.in', '9556092507', 2, 1),
('1RV14BT041', 'April Gafford', 'aprilgafford.cs14@rvce.edu.in', '9968955909', 1, 5),
('1RV14BT044', 'Harold Swagger', 'haroldswagger.bt14@rvce.edu.in', '8265496391', 1, 2),
('1RV14BT045', 'Shirley Germann', 'shirleygermann.bt14@rvce.edu.in', '8272407305', 1, 2),
('1RV14BT048', 'Tambra Tomasino', 'tambratomasino.bt14@rvce.edu.in', '9290327768', 1, 2),
('1RV14BT051', 'Eden Trani', 'edentrani.bt14@rvce.edu.in', '9782964606', 1, 2),
('1RV14BT055', 'Kenton Apruzzese', 'kentonapruzzese.bt14@rvce.edu.in', '8094667059', 1, 2),
('1RV14BT056', 'Carrol Fannon', 'carrolfannon.bt14@rvce.edu.in', '9009038675', 1, 2),
('1RV14BT057', 'Jeneva Templer', 'jenevatempler.bt14@rvce.edu.in', '7836739890', 1, 2),
('1RV14BT058', 'Romaine Caccia', 'romainecaccia.bt14@rvce.edu.in', '9324716692', 1, 2),
('1RV14BT059', 'Katia Hartong', 'katiahartong.bt14@rvce.edu.in', '8232904172', 1, 2),
('1RV14BT062', 'Jaunita Uccio', 'jaunitauccio.bt14@rvce.edu.in', '8199519074', 1, 2),
('1RV14BT064', 'Clair Mina', 'clairmina.bt14@rvce.edu.in', '9606720595', 1, 2),
('1RV14BT066', 'Filomena Curenton', 'filomenacurenton.ae14@rvce.edu.in', '8941546809', 1, 1),
('1RV14BT067', 'Candy Whitmarsh', 'candywhitmarsh.bt14@rvce.edu.in', '9912301661', 1, 2),
('1RV14BT068', 'Isaura Devincenzi', 'isauradevincenzi.bt14@rvce.edu.in', '9226419420', 1, 2),
('1RV14BT070', 'Hoa Saicedo', 'hoasaicedo.bt14@rvce.edu.in', '8217165405', 1, 2),
('1RV14BT073', 'Marci Wead', 'marciwead.bt14@rvce.edu.in', '9862635246', 3, 2),
('1RV14BT074', 'Kittie Merlin', 'kittiemerlin.bt14@rvce.edu.in', '8955658979', 3, 2),
('1RV14BT075', 'Allan Gueth', 'allangueth.cs14@rvce.edu.in', '9740739989', 1, 5),
('1RV14BT079', 'Conchita Melich', 'conchitamelich.bt14@rvce.edu.in', '9925662037', 1, 2),
('1RV14BT080', 'Darryl Chastant', 'darrylchastant.bt14@rvce.edu.in', '9476739738', 3, 2),
('1RV14BT081', 'Roselia Scuderi', 'roseliascuderi.bt14@rvce.edu.in', '9664879711', 1, 2),
('1RV14BT082', 'Shelton Domeier', 'sheltondomeier.bt14@rvce.edu.in', '7922713254', 1, 2),
('1RV14BT083', 'Salvatore Dorcas', 'salvatoredorcas.cs14@rvce.edu.in', '8028807536', 1, 5),
('1RV14BT085', 'Marvin Curboy', 'marvincurboy.bt14@rvce.edu.in', '7836388281', 1, 2),
('1RV14BT087', 'Shella Vielhauer', 'shellavielhauer.bt14@rvce.edu.in', '7900504111', 1, 2),
('1RV14BT090', 'Kathryn Cirocco', 'kathryncirocco.bt14@rvce.edu.in', '8894172857', 1, 2),
('1RV14BT096', 'Lenna Sliffe', 'lennasliffe.bt14@rvce.edu.in', '8382719549', 3, 2),
('1RV14BT097', 'Muoi Jentzsch', 'muoijentzsch.bt14@rvce.edu.in', '9945286856', 1, 2),
('1RV14BT098', 'Sam Porritt', 'samporritt.bt14@rvce.edu.in', '9544726115', 3, 2),
('1RV14CE012', 'Wonda Stufflebeam', 'wondastufflebeam.ce14@rvce.edu.in', '8021595343', 1, 4),
('1RV14CE017', 'Alvera Moehrle', 'alveramoehrle.bt14@rvce.edu.in', '8197293214', 1, 2),
('1RV14CE018', 'Lucille Kaawa', 'lucillekaawa@rvce.edu.in', '9255588510', 2, 4),
('1RV14CE021', 'Genaro Clesen', 'genaroclesen.cs14@rvce.edu.in', '8326788012', 1, 5),
('1RV14CE022', 'Jene Donlin', 'jenedonlin.ce14@rvce.edu.in', '9076889686', 1, 4),
('1RV14CE033', 'Vicki Velverton', 'vickivelverton.ce14@rvce.edu.in', '9499163759', 3, 4),
('1RV14CE034', 'Kirby Aduddell', 'kirbyaduddell.ae14@rvce.edu.in', '8506896831', 1, 1),
('1RV14CE038', 'Lani Chisley', 'lanichisley.ce14@rvce.edu.in', '9730627575', 3, 4),
('1RV14CE040', 'Donette Abrell', 'donetteabrell.ce14@rvce.edu.in', '8752368215', 1, 4),
('1RV14CE044', 'Juliette Stolinski', 'juliettestolinski.ce14@rvce.edu.in', '8425560462', 1, 4),
('1RV14CE046', 'Anastasia Iseman', 'anastasiaiseman.ce14@rvce.edu.in', '8315425831', 3, 4),
('1RV14CE049', 'Tisha Ninos', 'tishaninos@rvce.edu.in', '9006528046', 4, 6),
('1RV14CE053', 'Cathryn Tice', 'cathryntice.ce14@rvce.edu.in', '8107905470', 1, 4),
('1RV14CE054', 'Michell Pryzgoda', 'michellpryzgoda@rvce.edu.in', '8854182282', 2, 11),
('1RV14CE056', 'Francis Purvis', 'francispurvis.ce14@rvce.edu.in', '9832247127', 1, 4),
('1RV14CE057', 'Celine Dials', 'celinedials.ce14@rvce.edu.in', '9762421136', 1, 4),
('1RV14CE058', 'Leta Bolevice', 'letabolevice.ce14@rvce.edu.in', '8425412697', 1, 4),
('1RV14CE062', 'Lucas Langhorn', 'lucaslanghorn.ce14@rvce.edu.in', '8177256818', 1, 4),
('1RV14CE069', 'Larae Pettett', 'laraepettett.ec14@rvce.edu.in', '8259869495', 1, 7),
('1RV14CE073', 'Matilde Renno', 'matilderenno@rvce.edu.in', '9935778013', 2, 9),
('1RV14CE078', 'Dimple Kunsman', 'dimplekunsman.ce14@rvce.edu.in', '9792724681', 1, 4),
('1RV14CE079', 'Garnet Hanle', 'garnethanle.ce14@rvce.edu.in', '8177452028', 1, 4),
('1RV14CE081', 'Benny Chvilicek', 'bennychvilicek.ce14@rvce.edu.in', '9095585587', 1, 4),
('1RV14CE082', 'Ettie Shollenberger', 'ettieshollenberger.ce14@rvce.edu.in', '8479619425', 1, 4),
('1RV14CE083', 'Billye Rendleman', 'billyerendleman@rvce.edu.in', '9740882325', 2, 7),
('1RV14CE084', 'Leeann Ballesterous', 'leeannballesterous.ce14@rvce.edu.in', '8878595679', 3, 4),
('1RV14CE086', 'Romona Brumer', 'romonabrumer.ce14@rvce.edu.in', '9462327124', 1, 4),
('1RV14CE088', 'Loree Brodine', 'loreebrodine.ce14@rvce.edu.in', '8131403834', 3, 4),
('1RV14CE089', 'Shirlene Besaw', 'shirlenebesaw@rvce.edu.in', '8615814885', 4, 10),
('1RV14CE090', 'Cleta Vanclief', 'cletavanclief.ae14@rvce.edu.in', '8467158079', 1, 1),
('1RV14CE092', 'Kerri Haeger', 'kerrihaeger.ce14@rvce.edu.in', '8318571626', 1, 4),
('1RV14CE094', 'Stormy Wichland', 'stormywichland@rvce.edu.in', '8472764675', 2, 10),
('1RV14CE099', 'Petra Depew', 'petradepew.ce14@rvce.edu.in', '8578895929', 1, 4),
('1RV14CH011', 'Eugene Odonnell', 'eugeneodonnell.ch14@rvce.edu.in', '8342065082', 1, 3),
('1RV14CH013', 'Chieko Aeillo', 'chiekoaeillo.ch14@rvce.edu.in', '8756411917', 1, 3),
('1RV14CH015', 'Troy Hood', 'troyhood@rvce.edu.in', '9427593352', 2, 6),
('1RV14CH019', 'Dayna Jording', 'daynajording.ch14@rvce.edu.in', '9366535776', 1, 3),
('1RV14CH024', 'Jesse Armour', 'jessearmour.bt14@rvce.edu.in', '8776030573', 3, 2),
('1RV14CH025', 'Valerie Niesen', 'valerieniesen.ch14@rvce.edu.in', '9779652865', 1, 3),
('1RV14CH029', 'Audrey Katos', 'audreykatos.ch14@rvce.edu.in', '8689803575', 1, 3),
('1RV14CH030', 'Shannan Mohler', 'shannanmohler.ch14@rvce.edu.in', '9948314604', 3, 3),
('1RV14CH035', 'Chery Beddia', 'cherybeddia.ch14@rvce.edu.in', '7950082219', 3, 3),
('1RV14CH054', 'Georgeanna Blosser', 'georgeannablosser.ch14@rvce.edu.in', '8349952827', 1, 3),
('1RV14CH056', 'Pa Varos', 'pavaros.ce14@rvce.edu.in', '8652395227', 1, 4),
('1RV14CH059', 'Eugenia Shene', 'eugeniashene.ce14@rvce.edu.in', '9725613725', 1, 4),
('1RV14CH061', 'Lashonda Gains', 'lashondagains.ce14@rvce.edu.in', '9729720571', 1, 4),
('1RV14CH073', 'Carlie Certosimo', 'carliecertosimo.ch14@rvce.edu.in', '9490393689', 1, 3),
('1RV14CH085', 'Marilu Shearin', 'marilushearin.ie14@rvce.edu.in', '9803697915', 1, 9),
('1RV14CH086', 'Josh Griffel', 'joshgriffel@rvce.edu.in', '8985865014', 2, 6),
('1RV14CH087', 'Branda Albair', 'brandaalbair.ch14@rvce.edu.in', '8275563783', 1, 3),
('1RV14CS013', 'Floria Zerom', 'floriazerom.cs14@rvce.edu.in', '9215475980', 1, 5),
('1RV14CS014', 'Dorine Falldorf', 'dorinefalldorf@rvce.edu.in', '8618736198', 4, 5),
('1RV14CS015', 'Nicholas Scalzo', 'nicholasscalzo.ch14@rvce.edu.in', '8837387464', 1, 3),
('1RV14CS017', 'Shelli Zabala', 'shellizabala.cs14@rvce.edu.in', '9509440935', 3, 5),
('1RV14CS019', 'Roxanne Bocker', 'roxannebocker@rvce.edu.in', '8511924310', 2, 3),
('1RV14CS020', 'Emerita Ferracioli', 'emeritaferracioli.ch14@rvce.edu.in', '9024872924', 1, 3),
('1RV14CS028', 'Theron Megee', 'theronmegee.cs14@rvce.edu.in', '9967530404', 1, 5),
('1RV14CS031', 'Karan Cozzy', 'karancozzy.cs14@rvce.edu.in', '8344271103', 3, 5),
('1RV14CS035', 'Aliza Ullrich', 'alizaullrich.ch14@rvce.edu.in', '8355836993', 3, 3),
('1RV14CS036', 'Cecila Stinebaugh', 'cecilastinebaugh@rvce.edu.in', '9526321181', 5, 10),
('1RV14CS038', 'Vertie Ricci', 'vertiericci.cs14@rvce.edu.in', '8180762022', 1, 5),
('1RV14CS040', 'Florine Bollie', 'florinebollie@rvce.edu.in', '8004898213', 5, 11),
('1RV14CS041', 'Ramon Ridall', 'ramonridall.cs14@rvce.edu.in', '8508660685', 1, 5),
('1RV14CS046', 'Juliann Osterlund', 'juliannosterlund.ie14@rvce.edu.in', '9698976988', 1, 9),
('1RV14CS047', 'Yael Clancy', 'yaelclancy.cs14@rvce.edu.in', '8645597161', 1, 5),
('1RV14CS053', 'Savanna Capel', 'savannacapel.cs14@rvce.edu.in', '8372035069', 1, 5),
('1RV14CS054', 'Carissa Moskal', 'carissamoskal.cs14@rvce.edu.in', '8826816160', 1, 5),
('1RV14CS057', 'Hilaria Turne', 'hilariaturne.bt14@rvce.edu.in', '8007824972', 3, 2),
('1RV14CS058', 'Guy Welker', 'guywelker@rvce.edu.in', '9840636309', 2, 8),
('1RV14CS060', 'Becky Frosch', 'beckyfrosch.cs14@rvce.edu.in', '8601957482', 1, 5),
('1RV14CS061', 'Agnes Arview', 'agnesarview.cs14@rvce.edu.in', '8536843285', 1, 5),
('1RV14CS069', 'Cameron Dutremble', 'camerondutremble@rvce.edu.in', '9004888857', 2, 2),
('1RV14CS072', 'Rolanda Chillo', 'rolandachillo.cs14@rvce.edu.in', '9259608653', 1, 5),
('1RV14CS080', 'Mirtha Pritts', 'mirthapritts.cs14@rvce.edu.in', '8645842953', 1, 5),
('1RV14CS084', 'Lorina Dorr', 'lorinadorr.cs14@rvce.edu.in', '9911085778', 1, 5),
('1RV14CS086', 'Nelly Shreck', 'nellyshreck.cs14@rvce.edu.in', '9147329514', 3, 5),
('1RV14CS089', 'Cleo Manatt', 'cleomanatt@rvce.edu.in', '9743292771', 2, 10),
('1RV14CS092', 'Laveta Thornbury', 'lavetathornbury.cs14@rvce.edu.in', '9907112073', 3, 5),
('1RV14CS097', 'Teodoro Lorensen', 'teodorolorensen.cs14@rvce.edu.in', '9564359872', 1, 5),
('1RV14EC013', 'Yuriko Shellman', 'yurikoshellman@rvce.edu.in', '9909772303', 2, 7),
('1RV14EC015', 'Johanne Lancaster', 'johannelancaster.ec14@rvce.edu.in', '9216996682', 1, 7),
('1RV14EC018', 'Berta Ebner', 'bertaebner.ec14@rvce.edu.in', '9630312040', 3, 7),
('1RV14EC021', 'Terisa Gilreath', 'terisagilreath.ec14@rvce.edu.in', '8071478762', 1, 7),
('1RV14EC023', 'Irwin Schuelke', 'irwinschuelke.cs14@rvce.edu.in', '8892828279', 1, 5),
('1RV14EC027', 'Margareta Onell', 'margaretaonell.ec14@rvce.edu.in', '8806762035', 1, 7),
('1RV14EC033', 'Maranda Aldredge', 'marandaaldredge.ec14@rvce.edu.in', '8890260426', 3, 7),
('1RV14EC036', 'Darcel Schusterman', 'darcelschusterman@rvce.edu.in', '9080948445', 2, 10),
('1RV14EC039', 'Kiana Nolt', 'kiananolt@rvce.edu.in', '9025860197', 4, 10),
('1RV14EC040', 'Nadia Ingles', 'nadiaingles.ec14@rvce.edu.in', '9751523623', 1, 7),
('1RV14EC041', 'Jeane Mayher', 'jeanemayher@rvce.edu.in', '8244026814', 4, 4);
INSERT INTO `member` (`ID`, `Name`, `EmailID`, `PhoneNo`, `Type`, `DNumber`) VALUES
('1RV14EC042', 'Deanne Beehler', 'deannebeehler@rvce.edu.in', '8964454506', 2, 9),
('1RV14EC046', 'Freeman Piede', 'freemanpiede.ec14@rvce.edu.in', '8440783014', 3, 7),
('1RV14EC049', 'Dia Soverns', 'diasoverns.ec14@rvce.edu.in', '9964278038', 1, 7),
('1RV14EC054', 'Pauline Dentremont', 'paulinedentremont.ec14@rvce.edu.in', '8924502645', 3, 7),
('1RV14EC063', 'Marline Manion', 'marlinemanion.ec14@rvce.edu.in', '9216787527', 1, 7),
('1RV14EC068', 'Jannet Best', 'jannetbest@rvce.edu.in', '8601311821', 2, 11),
('1RV14EC069', 'Lynette Franz', 'lynettefranz.ec14@rvce.edu.in', '7833811412', 3, 7),
('1RV14EC081', 'Leoma Postel', 'leomapostel.ec14@rvce.edu.in', '8762722654', 1, 7),
('1RV14EC084', 'Angeline Stoutamyer', 'angelinestoutamyer.ec14@rvce.edu.in', '9508814742', 1, 7),
('1RV14EC086', 'Erik Weesner', 'erikweesner.ec14@rvce.edu.in', '8522706536', 1, 7),
('1RV14EC091', 'Phylis Ohr', 'phylisohr.ec14@rvce.edu.in', '9578232881', 1, 7),
('1RV14EC096', 'Chana Farino', 'chanafarino.ec14@rvce.edu.in', '9001134223', 1, 7),
('1RV14EC097', 'Lillian Helvik', 'lillianhelvik.ec14@rvce.edu.in', '9978173505', 1, 7),
('1RV14EC098', 'Francesco Mccaghren', 'francescomccaghren.ec14@rvce.edu.in', '9074230406', 1, 7),
('1RV14EE011', 'Otis Mose', 'otismose.ie14@rvce.edu.in', '9080512675', 1, 9),
('1RV14EE013', 'Sandee Leader', 'sandeeleader.ee14@rvce.edu.in', '8942980434', 1, 6),
('1RV14EE014', 'Tajuana Pruna', 'tajuanapruna.ec14@rvce.edu.in', '9099975413', 1, 7),
('1RV14EE018', 'Sharlene Kooser', 'sharlenekooser.ee14@rvce.edu.in', '8403397952', 1, 6),
('1RV14EE020', 'Luella Eastwood', 'luellaeastwood.cs14@rvce.edu.in', '9805948739', 3, 5),
('1RV14EE028', 'Gail Daisy', 'gaildaisy.ce14@rvce.edu.in', '8772177500', 3, 4),
('1RV14EE029', 'Fidela Dolberry', 'fideladolberry.ee14@rvce.edu.in', '9125645755', 3, 6),
('1RV14EE031', 'Otto Blitz', 'ottoblitz.ee14@rvce.edu.in', '8870147160', 1, 6),
('1RV14EE035', 'Jinny Komatsu', 'jinnykomatsu.ee14@rvce.edu.in', '8088236533', 1, 6),
('1RV14EE042', 'Dayna Jording', 'daynajording.ec14@rvce.edu.in', '9311475790', 1, 7),
('1RV14EE044', 'Catarina Vaissiere', 'catarinavaissiere.ee14@rvce.edu.in', '8818081704', 1, 6),
('1RV14EE049', 'Meridith Schie', 'meridithschie.ee14@rvce.edu.in', '8039080866', 1, 6),
('1RV14EE050', 'Olen Vanputten', 'olenvanputten@rvce.edu.in', '9110191293', 5, 12),
('1RV14EE052', 'Leida Holderness', 'leidaholderness.ee14@rvce.edu.in', '9932673992', 3, 6),
('1RV14EE058', 'Rosalinda Menesez', 'rosalindamenesez.ec14@rvce.edu.in', '8530939099', 1, 7),
('1RV14EE060', 'Rashida Mormann', 'rashidamormann.ee14@rvce.edu.in', '9565635746', 1, 6),
('1RV14EE062', 'Gigi Fuentez', 'gigifuentez.ee14@rvce.edu.in', '8237136062', 1, 6),
('1RV14EE069', 'Tuan Galati', 'tuangalati.ce14@rvce.edu.in', '8132026479', 3, 4),
('1RV14EE070', 'Demetria Ito', 'demetriaito.is14@rvce.edu.in', '8151111430', 1, 10),
('1RV14EE077', 'Hazel Strube', 'hazelstrube.ee14@rvce.edu.in', '9203543038', 1, 6),
('1RV14EE078', 'Britney Acquaviva', 'britneyacquaviva.ee14@rvce.edu.in', '8256370087', 1, 6),
('1RV14EE080', 'Lashaun Michand', 'lashaunmichand.ee14@rvce.edu.in', '9245066510', 1, 6),
('1RV14EE082', 'Oswaldo Faurote', 'oswaldofaurote.ee14@rvce.edu.in', '9271459353', 3, 6),
('1RV14EE089', 'Athena Wadzinski', 'athenawadzinski.ee14@rvce.edu.in', '9855668437', 1, 6),
('1RV14EE093', 'Elijah Kilmon', 'elijahkilmon.ee14@rvce.edu.in', '9295583704', 1, 6),
('1RV14EE096', 'Euna Hagle', 'eunahagle.ee14@rvce.edu.in', '9781521591', 1, 6),
('1RV14EE097', 'Sydney Buzbee', 'sydneybuzbee.is14@rvce.edu.in', '8449671843', 1, 10),
('1RV14EE098', 'Erin Linkowski', 'erinlinkowski.ee14@rvce.edu.in', '9755775595', 1, 6),
('1RV14EI010', 'Betsy Fronduti', 'betsyfronduti.ee14@rvce.edu.in', '8604263887', 1, 6),
('1RV14EI012', 'Herbert Landrum', 'herbertlandrum.ei14@rvce.edu.in', '8892093184', 1, 8),
('1RV14EI014', 'Sharell Ehrich', 'sharellehrich.ee14@rvce.edu.in', '8253518047', 1, 6),
('1RV14EI017', 'Kenda Kachermeyer', 'kendakachermeyer.is14@rvce.edu.in', '8128995859', 1, 10),
('1RV14EI018', 'Porsche Mellen', 'porschemellen.ei14@rvce.edu.in', '9156750769', 1, 8),
('1RV14EI024', 'Charlyn Holtkamp', 'charlynholtkamp.ei14@rvce.edu.in', '8380608869', 3, 8),
('1RV14EI027', 'William Krier', 'williamkrier.ei14@rvce.edu.in', '8996026818', 3, 8),
('1RV14EI029', 'Jadwiga Wiese', 'jadwigawiese.ei14@rvce.edu.in', '8895765341', 1, 8),
('1RV14EI031', 'Arie Rivenburgh', 'arierivenburgh.ei14@rvce.edu.in', '9571945994', 3, 8),
('1RV14EI032', 'Maryanne Conales', 'maryanneconales.me14@rvce.edu.in', '9439542542', 1, 11),
('1RV14EI033', 'Rickie Blumhardt', 'rickieblumhardt.me14@rvce.edu.in', '9481914344', 1, 11),
('1RV14EI041', 'Malka Cassarubias', 'malkacassarubias.ei14@rvce.edu.in', '8423314184', 3, 8),
('1RV14EI042', 'Pamela Bently', 'pamelabently.ee14@rvce.edu.in', '9193533292', 1, 6),
('1RV14EI043', 'Carson Leidy', 'carsonleidy.ei14@rvce.edu.in', '9277706460', 1, 8),
('1RV14EI051', 'Maple Labounta', 'maplelabounta.ei14@rvce.edu.in', '9570114199', 1, 8),
('1RV14EI053', 'Leigha Scholle', 'leighascholle.ei14@rvce.edu.in', '8680186418', 1, 8),
('1RV14EI054', 'Nannie Jerger', 'nanniejerger.ee14@rvce.edu.in', '8762269363', 1, 6),
('1RV14EI056', 'Lance Frohock', 'lancefrohock.me14@rvce.edu.in', '9915971058', 1, 11),
('1RV14EI058', 'Ileana Schwier', 'ileanaschwier.ee14@rvce.edu.in', '8331151611', 1, 6),
('1RV14EI062', 'Tracey Ansel', 'traceyansel.ei14@rvce.edu.in', '8478922326', 1, 8),
('1RV14EI064', 'Victor Tinnel', 'victortinnel.ei14@rvce.edu.in', '9349174504', 1, 8),
('1RV14EI072', 'Ronald Scharler', 'ronaldscharler.ei14@rvce.edu.in', '8758442285', 1, 8),
('1RV14EI078', 'Darcie Tomsche', 'darcietomsche.ei14@rvce.edu.in', '8727816938', 1, 8),
('1RV14EI083', 'Jolene Dishaw', 'jolenedishaw.ei14@rvce.edu.in', '9891499641', 1, 8),
('1RV14EI086', 'Debbi Dehlinger', 'debbidehlinger.ei14@rvce.edu.in', '8300113400', 1, 8),
('1RV14EI087', 'Lilli Kesley', 'lillikesley.ei14@rvce.edu.in', '8690936634', 1, 8),
('1RV14EI092', 'Cruz Peetoom', 'cruzpeetoom.ei14@rvce.edu.in', '8258298346', 1, 8),
('1RV14EI094', 'Georgiana Fesenbek', 'georgianafesenbek.ei14@rvce.edu.in', '8528625528', 1, 8),
('1RV14EI095', 'Diedre Mcconnaughey', 'diedremcconnaughey.ei14@rvce.edu.in', '7843906061', 1, 8),
('1RV14EI096', 'Ileana Schwier', 'ileanaschwier.ei14@rvce.edu.in', '8149527903', 1, 8),
('1RV14EI098', 'Tia Gray', 'tiagray.ei14@rvce.edu.in', '8027594857', 1, 8),
('1RV14EI099', 'Genevie Hohstadt', 'geneviehohstadt.ei14@rvce.edu.in', '8386477352', 1, 8),
('1RV14IEM013', 'Mona Merta', 'monamerta.iem14@rvce.edu.in', '9492426196', 1, 9),
('1RV14IEM015', 'Virgen Gillerist', 'virgengillerist.ei14@rvce.edu.in', '8073120874', 1, 8),
('1RV14IEM016', 'Flavia Paynter', 'flaviapaynter.iem14@rvce.edu.in', '9907140937', 1, 9),
('1RV14IEM018', 'Newton Ricotta', 'newtonricotta.iem14@rvce.edu.in', '8504385022', 1, 9),
('1RV14IEM021', 'Charlie Mcnolty', 'charliemcnolty.ei14@rvce.edu.in', '9805133213', 1, 8),
('1RV14IEM022', 'Kelley Guitierez', 'kelleyguitierez.iem14@rvce.edu.in', '8744526550', 3, 9),
('1RV14IEM027', 'Antonio Vanner', 'antoniovanner.ei14@rvce.edu.in', '8193393188', 1, 8),
('1RV14IEM029', 'Velia Selic', 'veliaselic.iem14@rvce.edu.in', '8456147330', 1, 9),
('1RV14IEM030', 'Ericka Minardi', 'erickaminardi.iem14@rvce.edu.in', '8453884905', 1, 9),
('1RV14IEM037', 'Jacinta Revello', 'jacintarevello.iem14@rvce.edu.in', '8948328807', 3, 9),
('1RV14IEM042', 'Arnold Rurup', 'arnoldrurup.iem14@rvce.edu.in', '8864101218', 3, 9),
('1RV14IEM046', 'Rosalie Dellajacono', 'rosaliedellajacono.ei14@rvce.edu.in', '8455585075', 1, 8),
('1RV14IEM049', 'Dorene Barken', 'dorenebarken@rvce.edu.in', '9647671145', 2, 8),
('1RV14IEM050', 'Carolyne Hych', 'carolynehych.iem14@rvce.edu.in', '9838650706', 1, 9),
('1RV14IEM052', 'Ardelle Marrinan', 'ardellemarrinan.iem14@rvce.edu.in', '7988334581', 1, 9),
('1RV14IEM053', 'Marielle Lathrop', 'mariellelathrop.ei14@rvce.edu.in', '8046247532', 1, 8),
('1RV14IEM057', 'Isabelle Oligee', 'isabelleoligee.ie14@rvce.edu.in', '9750397921', 1, 9),
('1RV14IEM059', 'Anneliese Alicia', 'anneliesealicia.ie14@rvce.edu.in', '8339856832', 1, 9),
('1RV14IEM064', 'Gricelda Parslow', 'griceldaparslow.iem14@rvce.edu.in', '8938542394', 1, 9),
('1RV14IEM068', 'Wilbur Ruggiero', 'wilburruggiero.ie14@rvce.edu.in', '9682412929', 1, 9),
('1RV14IEM069', 'Cordell Quale', 'cordellquale.ie14@rvce.edu.in', '7917413097', 1, 9),
('1RV14IEM073', 'Rosalina Lessenberry', 'rosalinalessenberry.iem14@rvce.edu.in', '8140110676', 1, 9),
('1RV14IEM074', 'Francene Wapp', 'francenewapp.iem14@rvce.edu.in', '8720152403', 1, 9),
('1RV14IEM079', 'Latrina Montier', 'latrinamontier.iem14@rvce.edu.in', '9286779598', 1, 9),
('1RV14IEM080', 'Tonya Drew', 'tonyadrew.ie14@rvce.edu.in', '8094033747', 1, 9),
('1RV14IEM084', 'Genevie Hohstadt', 'geneviehohstadt.ie14@rvce.edu.in', '9947699132', 1, 9),
('1RV14IEM085', 'Marcie Lesher', 'marcielesher.tc14@rvce.edu.in', '9135124764', 1, 12),
('1RV14IEM089', 'Odessa Pete', 'odessapete.iem14@rvce.edu.in', '9728463574', 1, 9),
('1RV14IEM090', 'Isaias Bickett', 'isaiasbickett@rvce.edu.in', '8769696467', 2, 4),
('1RV14IEM094', 'Nilsa Nein', 'nilsanein@rvce.edu.in', '7940556521', 5, 14),
('1RV14IS010', 'Stacie Deland', 'staciedeland.is14@rvce.edu.in', '9853998222', 3, 10),
('1RV14IS014', 'Jacki Pacey', 'jackipacey.tc14@rvce.edu.in', '9891589795', 1, 12),
('1RV14IS021', 'Gemma Zuberbuhler', 'gemmazuberbuhler.is14@rvce.edu.in', '8629300111', 1, 10),
('1RV14IS025', 'Nita Sonnefeld', 'nitasonnefeld.is14@rvce.edu.in', '8247193523', 1, 10),
('1RV14IS026', 'Kris Glaves', 'krisglaves.is14@rvce.edu.in', '8047683931', 1, 10),
('1RV14IS027', 'Junko Pickrell', 'junkopickrell.is14@rvce.edu.in', '9475967111', 1, 10),
('1RV14IS030', 'Anika Domingus', 'anikadomingus.is14@rvce.edu.in', '7831073853', 1, 10),
('1RV14IS032', 'Makeda Salva', 'makedasalva.ec14@rvce.edu.in', '7906423255', 3, 7),
('1RV14IS034', 'Angila Blyden', 'angilablyden.ae14@rvce.edu.in', '8411115681', 1, 1),
('1RV14IS039', 'Clemmie Gobin', 'clemmiegobin.is14@rvce.edu.in', '8174117140', 3, 10),
('1RV14IS040', 'Nidia Derrigo', 'nidiaderrigo.is14@rvce.edu.in', '9162542860', 1, 10),
('1RV14IS043', 'Gerry Trio', 'gerrytrio.is14@rvce.edu.in', '8504033749', 3, 10),
('1RV14IS048', 'Shondra Martorello', 'shondramartorello.ie14@rvce.edu.in', '7878835788', 3, 9),
('1RV14IS049', 'Elliott Crouter', 'elliottcrouter.ie14@rvce.edu.in', '7859698166', 1, 9),
('1RV14IS056', 'Natividad Roman', 'natividadroman@rvce.edu.in', '8161253672', 4, 12),
('1RV14IS058', 'Terry Birkhead', 'terrybirkhead.ae15@rvce.edu.in', '9478112072', 1, 1),
('1RV14IS060', 'Maire Kertis', 'mairekertis.ee14@rvce.edu.in', '8435200946', 3, 6),
('1RV14IS067', 'Kenyatta Berard', 'kenyattaberard.is14@rvce.edu.in', '8596296437', 1, 10),
('1RV14IS073', 'Shena Yoshimoto', 'shenayoshimoto.is14@rvce.edu.in', '8151792896', 3, 10),
('1RV14IS076', 'Sammie Danforth', 'sammiedanforth.is14@rvce.edu.in', '8717956231', 1, 10),
('1RV14IS077', 'Earnest Hussong', 'earnesthussong@rvce.edu.in', '8924646292', 2, 5),
('1RV14IS078', 'Earnest Hussong', 'earnesthussong.is14@rvce.edu.in', '9559921157', 1, 10),
('1RV14IS079', 'Jeannine Tanzi', 'jeanninetanzi.is14@rvce.edu.in', '8636205809', 3, 10),
('1RV14IS085', 'Gisela Hisaw', 'giselahisaw.is14@rvce.edu.in', '9626768106', 1, 10),
('1RV14IS091', 'Lyn Jolly', 'lynjolly.is14@rvce.edu.in', '9082322375', 1, 10),
('1RV14IS092', 'Joi Chiphe', 'joichiphe.ee14@rvce.edu.in', '8140254378', 3, 6),
('1RV14IS094', 'Felisa Kura', 'felisakura@rvce.edu.in', '9095487999', 5, 14),
('1RV14IS099', 'Clarinda Kiral', 'clarindakiral.is14@rvce.edu.in', '7916520728', 1, 10),
('1RV14ME011', 'Sung Burdine', 'sungburdine.me14@rvce.edu.in', '9856164796', 3, 11),
('1RV14ME017', 'Roberto Eyrich', 'robertoeyrich.me14@rvce.edu.in', '9567335624', 1, 11),
('1RV14ME021', 'Emelina Santano', 'emelinasantano.is14@rvce.edu.in', '9444653052', 1, 10),
('1RV14ME022', 'Colleen Isackson', 'colleenisackson.is14@rvce.edu.in', '8910842704', 1, 10),
('1RV14ME024', 'Jane Sussman', 'janesussman.me14@rvce.edu.in', '8695526750', 3, 11),
('1RV14ME026', 'Victorina Berdes', 'victorinaberdes.me14@rvce.edu.in', '9326749642', 3, 11),
('1RV14ME031', 'Guadalupe Rousseau', 'guadaluperousseau@rvce.edu.in', '8498727426', 2, 6),
('1RV14ME033', 'Brandon Bratu', 'brandonbratu.bt15@rvce.edu.in', '9264740792', 1, 2),
('1RV14ME034', 'Nathan Figures', 'nathanfigures.me14@rvce.edu.in', '9136113322', 3, 11),
('1RV14ME035', 'Temeka Flohr', 'temekaflohr.me14@rvce.edu.in', '8971669145', 1, 11),
('1RV14ME036', 'Ling Scherz', 'lingscherz.me14@rvce.edu.in', '9106949932', 1, 11),
('1RV14ME038', 'Jacquelin Livoti', 'jacquelinlivoti.ee14@rvce.edu.in', '8865396800', 3, 6),
('1RV14ME046', 'Maria Larance', 'marialarance.me14@rvce.edu.in', '9577048321', 3, 11),
('1RV14ME048', 'Carly Gess', 'carlygess.me14@rvce.edu.in', '9567676552', 1, 11),
('1RV14ME049', 'Annetta Kuffel', 'annettakuffel.me14@rvce.edu.in', '8949530766', 1, 11),
('1RV14ME051', 'Morgan Lemire', 'morganlemire.me14@rvce.edu.in', '9202628419', 1, 11),
('1RV14ME052', 'Vivian Belka', 'vivianbelka.bt15@rvce.edu.in', '9680848024', 1, 2),
('1RV14ME059', 'Ricarda Crudup', 'ricardacrudup.is14@rvce.edu.in', '9340967069', 1, 10),
('1RV14ME067', 'Almeta Altom', 'almetaaltom.me14@rvce.edu.in', '9548393448', 1, 11),
('1RV14ME070', 'Bert Mccranie', 'bertmccranie.bt15@rvce.edu.in', '9084664897', 1, 2),
('1RV14ME072', 'Carlos Koetting', 'carloskoetting.me14@rvce.edu.in', '9771332500', 3, 11),
('1RV14ME074', 'Ula Kassabian', 'ulakassabian.bt15@rvce.edu.in', '9122449749', 1, 2),
('1RV14ME076', 'Angelic Fuscaldo', 'angelicfuscaldo.me14@rvce.edu.in', '8491413953', 1, 11),
('1RV14ME079', 'Bret Talamante', 'brettalamante.ee14@rvce.edu.in', '9901996926', 3, 6),
('1RV14ME080', 'Mabelle Saft', 'mabellesaft.me14@rvce.edu.in', '9039707941', 1, 11),
('1RV14ME083', 'Joette Rusinski', 'joetterusinski.me14@rvce.edu.in', '8553795529', 1, 11),
('1RV14ME085', 'Krystin Heverley', 'krystinheverley.me14@rvce.edu.in', '8216337367', 1, 11),
('1RV14ME086', 'Dominica Moneypenny', 'dominicamoneypenny.me14@rvce.edu.in', '9638529520', 3, 11),
('1RV14ME087', 'Carlo Rodrigres', 'carlorodrigres.me14@rvce.edu.in', '9768188944', 1, 11),
('1RV14ME088', 'Frederic Brown', 'fredericbrown.bt15@rvce.edu.in', '8426426167', 1, 2),
('1RV14ME097', 'Willard Stolzenberg', 'willardstolzenberg.me14@rvce.edu.in', '8261853811', 1, 11),
('1RV14TC011', 'Vincenzo Lanham', 'vincenzolanham.tc14@rvce.edu.in', '8305588535', 1, 12),
('1RV14TC017', 'Francene Wapp', 'francenewapp.me14@rvce.edu.in', '9405570035', 1, 11),
('1RV14TC021', 'Kristofer Buresh', 'kristoferburesh@rvce.edu.in', '9969842321', 2, 8),
('1RV14TC023', 'Angeles Kienitz', 'angeleskienitz.tc14@rvce.edu.in', '9620765308', 3, 12),
('1RV14TC033', 'Cecil Delsignore', 'cecildelsignore.tc14@rvce.edu.in', '9633603104', 3, 12),
('1RV14TC035', 'Cherilyn Szerlong', 'cherilynszerlong.me14@rvce.edu.in', '8453090540', 1, 11),
('1RV14TC036', 'Thea Carskadon', 'theacarskadon@rvce.edu.in', '8100736465', 4, 11),
('1RV14TC037', 'Huong Aaronson', 'huongaaronson.tc14@rvce.edu.in', '8825712634', 1, 12),
('1RV14TC040', 'Augustine Winninger', 'augustinewinninger.tc14@rvce.edu.in', '9168370081', 3, 12),
('1RV14TC042', 'Stella Crozat', 'stellacrozat.tc14@rvce.edu.in', '8070234982', 1, 12),
('1RV14TC047', 'Carey Cantoran', 'careycantoran.bt15@rvce.edu.in', '9133840347', 1, 2),
('1RV14TC048', 'Donnetta Degollado', 'donnettadegollado.tc14@rvce.edu.in', '8845542805', 1, 12),
('1RV14TC049', 'Shae Cordes', 'shaecordes.tc14@rvce.edu.in', '9289551680', 1, 12),
('1RV14TC055', 'Thalia Rodeman', 'thaliarodeman.tc14@rvce.edu.in', '7895506498', 3, 12),
('1RV14TC058', 'Rosamaria Salvo', 'rosamariasalvo@rvce.edu.in', '7919590227', 5, 14),
('1RV14TC059', 'Nydia Rhinebolt', 'nydiarhinebolt.tc14@rvce.edu.in', '8435301234', 1, 12),
('1RV14TC066', 'Ozie Cegielski', 'oziecegielski.tc14@rvce.edu.in', '8378104355', 1, 12),
('1RV14TC068', 'Justine Rabeneck', 'justinerabeneck.tc14@rvce.edu.in', '9384881851', 1, 12),
('1RV14TC080', 'Madonna Steever', 'madonnasteever.bt15@rvce.edu.in', '7918123568', 1, 2),
('1RV14TC085', 'Freddie Oaxaca', 'freddieoaxaca.tc14@rvce.edu.in', '8487625130', 1, 12),
('1RV14TC086', 'Sharla Im', 'sharlaim.tc14@rvce.edu.in', '9714984582', 3, 12),
('1RV14TC088', 'Nadine Gilkerson', 'nadinegilkerson.ei14@rvce.edu.in', '8595565631', 3, 8),
('1RV14TC089', 'Kareen Ungvarsky', 'kareenungvarsky.tc14@rvce.edu.in', '8927537036', 1, 12),
('1RV14TC091', 'Lisandra Gumbs', 'lisandragumbs.tc14@rvce.edu.in', '7912696161', 3, 12),
('1RV14TC093', 'Hilario Steep', 'hilariosteep.tc14@rvce.edu.in', '8213305647', 1, 12),
('1RV14TC094', 'Lorette Cuddington', 'lorettecuddington.tc14@rvce.edu.in', '9643691198', 1, 12),
('1RV14TC098', 'Francis Swanberg', 'francisswanberg.tc14@rvce.edu.in', '8781143786', 1, 12),
('1RV15AE011', 'Becki Warbington', 'beckiwarbington.ae15@rvce.edu.in', '8717801734', 1, 1),
('1RV15AE012', 'Rebecca Busic', 'rebeccabusic.ae15@rvce.edu.in', '8718942566', 3, 1),
('1RV15AE014', 'Lawrence Reola', 'lawrencereola.ae14@rvce.edu.in', '8982032803', 1, 1),
('1RV15AE016', 'Celinda Radway', 'celindaradway.ae14@rvce.edu.in', '9808843181', 3, 1),
('1RV15AE017', 'Efren Reichelt', 'efrenreichelt.ae15@rvce.edu.in', '9701312935', 1, 1),
('1RV15AE018', 'Earlene Hensle', 'earlenehensle.ae14@rvce.edu.in', '9601381411', 1, 1),
('1RV15AE021', 'Cathryn Tice', 'cathryntice@rvce.edu.in', '8185605439', 5, 14),
('1RV15AE022', 'Lesley Gardinier', 'lesleygardinier.ae14@rvce.edu.in', '9405167485', 3, 1),
('1RV15AE025', 'Stacie Deland', 'staciedeland@rvce.edu.in', '9024009350', 5, 13),
('1RV15AE026', 'Terese Damico', 'teresedamico.ae15@rvce.edu.in', '8471655442', 1, 1),
('1RV15AE028', 'Ewa Calamia', 'ewacalamia@rvce.edu.in', '8847550075', 2, 6),
('1RV15AE039', 'Sachiko Tooke', 'sachikotooke.ae15@rvce.edu.in', '9838674175', 1, 1),
('1RV15AE043', 'Tamisha Depippo', 'tamishadepippo.ae15@rvce.edu.in', '8942739090', 1, 1),
('1RV15AE050', 'Lue Morales', 'luemorales.ae15@rvce.edu.in', '9708591695', 1, 1),
('1RV15AE051', 'Misty Tondre', 'mistytondre@rvce.edu.in', '8924235052', 2, 3),
('1RV15AE052', 'Wan Craiger', 'wancraiger.me14@rvce.edu.in', '8110868524', 3, 11),
('1RV15AE056', 'Geoffrey Reno', 'geoffreyreno.ae15@rvce.edu.in', '7906603070', 1, 1),
('1RV15AE058', 'Shara Rodkey', 'shararodkey.ae15@rvce.edu.in', '9476775263', 1, 1),
('1RV15AE060', 'Laci Gordillo', 'lacigordillo.ae15@rvce.edu.in', '8343458976', 3, 1),
('1RV15AE061', 'Casey Hoisl', 'caseyhoisl.ae15@rvce.edu.in', '8166412064', 1, 1),
('1RV15AE063', 'Malika Clear', 'malikaclear.ae15@rvce.edu.in', '9694653587', 1, 1),
('1RV15AE067', 'Leonida Riechman', 'leonidariechman.ae15@rvce.edu.in', '9831517494', 1, 1),
('1RV15AE068', 'Belia Poffenberger', 'beliapoffenberger.ae15@rvce.edu.in', '9186478424', 3, 1),
('1RV15AE073', 'Daryl Sharpnack', 'darylsharpnack.ae15@rvce.edu.in', '8334372093', 1, 1),
('1RV15AE074', 'Shiela Buckreis', 'shielabuckreis.ae15@rvce.edu.in', '9453329836', 3, 1),
('1RV15AE075', 'Sean Ottum', 'seanottum.is15@rvce.edu.in', '8912059190', 1, 10),
('1RV15AE076', 'Velva Olstad', 'velvaolstad.ae15@rvce.edu.in', '9535300978', 1, 1),
('1RV15AE077', 'Ka Sedillo', 'kasedillo.me15@rvce.edu.in', '7969386706', 3, 11),
('1RV15AE079', 'Lynelle Balbas', 'lynellebalbas.ae15@rvce.edu.in', '9525512375', 3, 1),
('1RV15AE085', 'Jan Saulsbury', 'jansaulsbury.ae15@rvce.edu.in', '9013940533', 1, 1),
('1RV15AE089', 'Lester Cuningham', 'lestercuningham.ae15@rvce.edu.in', '8030212133', 1, 1),
('1RV15AE095', 'Vaughn Varnedoe', 'vaughnvarnedoe.is15@rvce.edu.in', '7877743649', 1, 10),
('1RV15AE096', 'Phebe Larock', 'phebelarock.ae15@rvce.edu.in', '7959852213', 1, 1),
('1RV15AE098', 'Sally Munford', 'sallymunford.me15@rvce.edu.in', '8354282200', 1, 11),
('1RV15BT011', 'Tanner Sawczyszyn', 'tannersawczyszyn.bt15@rvce.edu.in', '7885936326', 1, 2),
('1RV15BT012', 'Theresia Arton', 'theresiaarton.bt15@rvce.edu.in', '8365549764', 3, 2),
('1RV15BT013', 'Ernestina Althoff', 'ernestinaalthoff.bt15@rvce.edu.in', '9985827696', 1, 2),
('1RV15BT014', 'Madison Brage', 'madisonbrage.tc14@rvce.edu.in', '8201953444', 3, 12),
('1RV15BT015', 'Precious Krishman', 'preciouskrishman.bt15@rvce.edu.in', '8240045213', 1, 2),
('1RV15BT018', 'Elizabeth Dolly', 'elizabethdolly.bt15@rvce.edu.in', '7935657266', 1, 2),
('1RV15BT021', 'Quintin Wintermute', 'quintinwintermute.bt15@rvce.edu.in', '7848057983', 1, 2),
('1RV15BT023', 'Tajuana Pruna', 'tajuanapruna.bt15@rvce.edu.in', '9250198060', 1, 2),
('1RV15BT024', 'Shawnta Lopiccolo', 'shawntalopiccolo.ae14@rvce.edu.in', '8554267751', 3, 1),
('1RV15BT026', 'Carli Altenburg', 'carlialtenburg.bt15@rvce.edu.in', '8866705682', 3, 2),
('1RV15BT028', 'Jannette Eveler', 'jannetteeveler.bt15@rvce.edu.in', '9028092912', 1, 2),
('1RV15BT031', 'Malik Lack', 'maliklack.is14@rvce.edu.in', '9587160183', 3, 10),
('1RV15BT034', 'Vannessa Porco', 'vannessaporco.ae14@rvce.edu.in', '9977128701', 3, 1),
('1RV15BT035', 'Lino Nao', 'linonao.bt15@rvce.edu.in', '9892019532', 1, 2),
('1RV15BT038', 'Yulanda Baughan', 'yulandabaughan@rvce.edu.in', '9759236790', 5, 13),
('1RV15BT039', 'Robena Dahnke', 'robenadahnke.bt15@rvce.edu.in', '9068188410', 3, 2),
('1RV15BT040', 'Dillon Miano', 'dillonmiano.bt15@rvce.edu.in', '8580897505', 1, 2),
('1RV15BT041', 'Karri Talkington', 'karritalkington.bt15@rvce.edu.in', '9559138551', 1, 2),
('1RV15BT045', 'Marisa Jatho', 'marisajatho.ae14@rvce.edu.in', '8841313396', 3, 1),
('1RV15BT050', 'Caryn Stalberger', 'carynstalberger.bt15@rvce.edu.in', '9352039887', 1, 2),
('1RV15BT051', 'Jackson Rhone', 'jacksonrhone.bt15@rvce.edu.in', '8940429311', 3, 2),
('1RV15BT052', 'Nisha Rectenwald', 'nisharectenwald.ae15@rvce.edu.in', '9275642562', 1, 1),
('1RV15BT053', 'Niki Vile', 'nikivile.bt15@rvce.edu.in', '9891103502', 1, 2),
('1RV15BT054', 'Buck Soltys', 'bucksoltys.bt15@rvce.edu.in', '9752815668', 1, 2),
('1RV15BT058', 'Yuk Gerwitz', 'yukgerwitz.bt15@rvce.edu.in', '8557268220', 1, 2),
('1RV15BT061', 'Fernande Markus', 'fernandemarkus.bt15@rvce.edu.in', '9800698550', 1, 2),
('1RV15BT062', 'Pearlene Shurgot', 'pearleneshurgot.bt15@rvce.edu.in', '8533240759', 1, 2),
('1RV15BT063', 'Daine Bettle', 'dainebettle.bt15@rvce.edu.in', '8009223687', 1, 2),
('1RV15BT064', 'Cordie Mbonu', 'cordiembonu.is14@rvce.edu.in', '8947441657', 3, 10),
('1RV15BT065', 'Colene Tann', 'colenetann.bt15@rvce.edu.in', '8773913330', 3, 2),
('1RV15BT066', 'Mariah Duguay', 'mariahduguay.bt15@rvce.edu.in', '9007734279', 1, 2),
('1RV15BT067', 'Vern Esfahani', 'vernesfahani.tc14@rvce.edu.in', '7884589094', 3, 12),
('1RV15BT068', 'Loan Levick', 'loanlevick.bt15@rvce.edu.in', '9767407413', 1, 2),
('1RV15BT074', 'Elfrieda Palek', 'elfriedapalek.ae15@rvce.edu.in', '9243444917', 1, 1),
('1RV15BT075', 'Stacia Steffenson', 'staciasteffenson.ae15@rvce.edu.in', '8063721613', 1, 1),
('1RV15BT076', 'Janessa Franceschi', 'janessafranceschi.bt15@rvce.edu.in', '7994279975', 1, 2),
('1RV15BT080', 'Taneka Lewey', 'tanekalewey.bt15@rvce.edu.in', '9038696663', 1, 2),
('1RV15BT081', 'Earnestine Goodgine', 'earnestinegoodgine.bt15@rvce.edu.in', '9151525074', 1, 2),
('1RV15BT083', 'Jacquetta Fadely', 'jacquettafadely.bt15@rvce.edu.in', '8993227547', 1, 2),
('1RV15BT085', 'Odilia Fortenberry', 'odiliafortenberry.bt15@rvce.edu.in', '7892364428', 1, 2),
('1RV15BT086', 'Sherie Antista', 'sherieantista.bt15@rvce.edu.in', '9594247014', 1, 2),
('1RV15BT087', 'Jerry Ekker', 'jerryekker.is14@rvce.edu.in', '9035555516', 3, 10),
('1RV15BT088', 'Donna Schonert', 'donnaschonert.bt15@rvce.edu.in', '9797785813', 1, 2),
('1RV15BT089', 'Lura Mclernon', 'luramclernon.bt15@rvce.edu.in', '9197845478', 1, 2),
('1RV15BT091', 'Katheleen Fosler', 'katheleenfosler.bt15@rvce.edu.in', '8969588235', 1, 2),
('1RV15BT092', 'Leida Holderness', 'leidaholderness.bt15@rvce.edu.in', '9773119263', 1, 2),
('1RV15BT093', 'Gerda Lothspeich', 'gerdalothspeich@rvce.edu.in', '9012166284', 2, 9),
('1RV15BT094', 'Esperanza Canevari', 'esperanzacanevari.bt15@rvce.edu.in', '8877199090', 3, 2),
('1RV15BT095', 'Vanita Labarbara', 'vanitalabarbara.bt15@rvce.edu.in', '9436666609', 1, 2),
('1RV15BT097', 'Doreatha Braunschweige', 'doreathabraunschweige.bt15@rvce.edu.in', '7952313090', 1, 2),
('1RV15BT098', 'Cecille Caplan', 'cecillecaplan.bt15@rvce.edu.in', '8496335508', 1, 2),
('1RV15BT099', 'Betsey Basten', 'betseybasten.bt15@rvce.edu.in', '9805927031', 1, 2),
('1RV15CE010', 'Sunny Parise', 'sunnyparise.ce15@rvce.edu.in', '9622631649', 1, 4),
('1RV15CE012', 'Jeana Phanco', 'jeanaphanco.ce15@rvce.edu.in', '8926013046', 1, 4),
('1RV15CE013', 'Kelsie Lozada', 'kelsielozada.ce15@rvce.edu.in', '9678887145', 1, 4),
('1RV15CE017', 'Michelle Legget', 'michellelegget.ce15@rvce.edu.in', '8086301463', 1, 4),
('1RV15CE025', 'Tasia Vanevery', 'tasiavanevery.ce15@rvce.edu.in', '9208901969', 1, 4),
('1RV15CE027', 'Reid Kuokkanen', 'reidkuokkanen.ae15@rvce.edu.in', '9515995070', 1, 1),
('1RV15CE030', 'Carrol Fannon', 'carrolfannon.ce15@rvce.edu.in', '8103443972', 1, 4),
('1RV15CE032', 'Mitsuko Emiliano', 'mitsukoemiliano.ce15@rvce.edu.in', '8684150522', 3, 4),
('1RV15CE033', 'Desirae Tabag', 'desiraetabag.me14@rvce.edu.in', '9063607411', 3, 11),
('1RV15CE035', 'Tyrone Decelle', 'tyronedecelle@rvce.edu.in', '8783730219', 5, 14),
('1RV15CE039', 'Shanita Sandahl', 'shanitasandahl.bt15@rvce.edu.in', '8922004097', 1, 2),
('1RV15CE043', 'Sanda Gelbart', 'sandagelbart.ce15@rvce.edu.in', '9211027633', 3, 4),
('1RV15CE047', 'Nona Divita', 'nonadivita.ce15@rvce.edu.in', '9216595958', 1, 4),
('1RV15CE049', 'Joel Irby', 'joelirby.ce15@rvce.edu.in', '9190639248', 1, 4),
('1RV15CE051', 'Vanetta Hashmi', 'vanettahashmi.me14@rvce.edu.in', '9135073019', 3, 11),
('1RV15CE052', 'Carlene Effner', 'carleneeffner.ce15@rvce.edu.in', '9135796603', 3, 4),
('1RV15CE055', 'Eufemia Keyser', 'eufemiakeyser.bt15@rvce.edu.in', '8755978719', 1, 2),
('1RV15CE056', 'Gregory Fink', 'gregoryfink.bt15@rvce.edu.in', '9493353128', 1, 2),
('1RV15CE062', 'Marline Manion', 'marlinemanion.ae15@rvce.edu.in', '8675028853', 1, 1),
('1RV15CE065', 'Zoila Neaves', 'zoilaneaves.ce15@rvce.edu.in', '7966109270', 1, 4),
('1RV15CE075', 'Dakota Trieger', 'dakotatrieger.ce15@rvce.edu.in', '8135561140', 3, 4),
('1RV15CE079', 'Suanne Trottier', 'suannetrottier.ce15@rvce.edu.in', '8229774730', 1, 4),
('1RV15CE080', 'Domonique Lamens', 'domoniquelamens.ce15@rvce.edu.in', '9938181430', 1, 4),
('1RV15CE086', 'Sacha Basher', 'sachabasher.me14@rvce.edu.in', '9490130342', 3, 11),
('1RV15CE090', 'Latrina Montier', 'latrinamontier@rvce.edu.in', '8029874010', 4, 3),
('1RV15CE094', 'Alejandro Vandersloot', 'alejandrovandersloot.ce15@rvce.edu.in', '8420839637', 1, 4),
('1RV15CE096', 'Clarence Afonso', 'clarenceafonso.ce15@rvce.edu.in', '8814577897', 1, 4),
('1RV15CH012', 'Maira Kemerer', 'mairakemerer.ch15@rvce.edu.in', '8596787042', 1, 3),
('1RV15CH013', 'Rosa Pander', 'rosapander.ch15@rvce.edu.in', '7874967615', 3, 3),
('1RV15CH015', 'Jaye Hornbeak', 'jayehornbeak.ae15@rvce.edu.in', '9129960816', 1, 1),
('1RV15CH016', 'Belinda Mccallon', 'belindamccallon.ce15@rvce.edu.in', '8627704314', 1, 4),
('1RV15CH018', 'Dorian Cearley', 'doriancearley.ce15@rvce.edu.in', '8493465040', 1, 4),
('1RV15CH019', 'Hyon Walega', 'hyonwalega.ce15@rvce.edu.in', '8175933320', 1, 4),
('1RV15CH021', 'Nancey Roos', 'nanceyroos.ae15@rvce.edu.in', '8721271346', 3, 1),
('1RV15CH022', 'Margit Hullihen', 'margithullihen.ce15@rvce.edu.in', '8312643388', 1, 4),
('1RV15CH023', 'Maria Larance', 'marialarance.ce15@rvce.edu.in', '8985130460', 1, 4),
('1RV15CH038', 'India Bendix', 'indiabendix.ae15@rvce.edu.in', '8645621587', 1, 1),
('1RV15CH039', 'Lanny Smits', 'lannysmits.ce15@rvce.edu.in', '7836407484', 1, 4),
('1RV15CH043', 'Lida Fecteau', 'lidafecteau.bt15@rvce.edu.in', '9192538725', 3, 2),
('1RV15CH050', 'Alysia Youngs', 'alysiayoungs.bt15@rvce.edu.in', '8473153610', 3, 2),
('1RV15CH052', 'Carlota Prine', 'carlotaprine.bt15@rvce.edu.in', '8678414191', 3, 2),
('1RV15CH055', 'Alishia Earll', 'alishiaearll.bt15@rvce.edu.in', '8711261497', 3, 2),
('1RV15CH058', 'Rueben Rairdon', 'ruebenrairdon.ch15@rvce.edu.in', '9703518588', 1, 3),
('1RV15CH060', 'Oscar Marlor', 'oscarmarlor.ch15@rvce.edu.in', '7989499393', 3, 3),
('1RV15CH061', 'Twana Jarosh', 'twanajarosh.bt15@rvce.edu.in', '9933408646', 3, 2),
('1RV15CH064', 'Analisa Desaulniers', 'analisadesaulniers.ch15@rvce.edu.in', '9746710504', 1, 3),
('1RV15CH066', 'Cherlyn Radebaugh', 'cherlynradebaugh.ch15@rvce.edu.in', '9412895189', 1, 3),
('1RV15CH072', 'Corinna Shankin', 'corinnashankin.ch15@rvce.edu.in', '8721418641', 1, 3),
('1RV15CH076', 'Fumiko Isacson', 'fumikoisacson.ce15@rvce.edu.in', '8186883847', 3, 4),
('1RV15CH079', 'Marnie Hiltz', 'marniehiltz@rvce.edu.in', '9102883873', 2, 12),
('1RV15CH083', 'Li Heatwole', 'liheatwole.ch15@rvce.edu.in', '9813245382', 1, 3),
('1RV15CH089', 'Sharen Keet', 'sharenkeet.ch15@rvce.edu.in', '8618919137', 3, 3),
('1RV15CH091', 'Darius Santanna', 'dariussantanna.ch15@rvce.edu.in', '8117150149', 1, 3),
('1RV15CH096', 'Ima Calleros', 'imacalleros.ch15@rvce.edu.in', '9165254389', 1, 3),
('1RV15CS010', 'Maryellen Burges', 'maryellenburges.ce15@rvce.edu.in', '8231167885', 3, 4),
('1RV15CS014', 'Ned Nejaime', 'nednejaime.cs15@rvce.edu.in', '8360544102', 1, 5),
('1RV15CS015', 'Teisha Schummer', 'teishaschummer.ch15@rvce.edu.in', '9844268007', 1, 3),
('1RV15CS021', 'Tawna Maple', 'tawnamaple.ch15@rvce.edu.in', '9995097165', 1, 3),
('1RV15CS023', 'Corinne Stailey', 'corinnestailey.ch15@rvce.edu.in', '9241863420', 1, 3),
('1RV15CS029', 'Jesus Mchorse', 'jesusmchorse.ch15@rvce.edu.in', '9712785633', 3, 3),
('1RV15CS032', 'Daryl Gasbarro', 'darylgasbarro@rvce.edu.in', '9455078009', 2, 2),
('1RV15CS034', 'Mariko Bulmer', 'marikobulmer.cs15@rvce.edu.in', '7969532431', 1, 5),
('1RV15CS035', 'Bernie Batcheller', 'berniebatcheller.cs15@rvce.edu.in', '9617564080', 1, 5),
('1RV15CS042', 'Sherlyn Edris', 'sherlynedris.cs15@rvce.edu.in', '8435857993', 1, 5),
('1RV15CS052', 'Latina Gaudette', 'latinagaudette@rvce.edu.in', '8367866401', 5, 14),
('1RV15CS054', 'Verline Materna', 'verlinematerna.cs15@rvce.edu.in', '9748530685', 1, 5),
('1RV15CS056', 'Erlinda Wands', 'erlindawands.ch15@rvce.edu.in', '9773136674', 1, 3),
('1RV15CS058', 'Liza Tomme', 'lizatomme.ce15@rvce.edu.in', '7954849008', 3, 4),
('1RV15CS060', 'Gerardo Sivret', 'gerardosivret.ch15@rvce.edu.in', '9861531627', 1, 3),
('1RV15CS068', 'Elissa Olah', 'elissaolah.ch15@rvce.edu.in', '7964508191', 1, 3),
('1RV15CS070', 'Myriam Mohaupt', 'myriammohaupt.cs15@rvce.edu.in', '9313457875', 1, 5),
('1RV15CS071', 'Hattie Gillogly', 'hattiegillogly@rvce.edu.in', '9149448503', 4, 12),
('1RV15CS075', 'Vincenza Savoie', 'vincenzasavoie.cs15@rvce.edu.in', '9775506314', 3, 5),
('1RV15CS078', 'Dorian Raiola', 'dorianraiola.cs15@rvce.edu.in', '9229051486', 1, 5),
('1RV15CS080', 'Enedina Mccusker', 'enedinamccusker@rvce.edu.in', '9225610413', 2, 5),
('1RV15CS081', 'Arline Gudmundson', 'arlinegudmundson.cs15@rvce.edu.in', '8755620494', 3, 5),
('1RV15CS086', 'Krista Dethlefs', 'kristadethlefs@rvce.edu.in', '8585638022', 2, 2),
('1RV15CS089', 'Jasper Gitting', 'jaspergitting.cs15@rvce.edu.in', '8449223907', 3, 5),
('1RV15CS092', 'Rodney Duer', 'rodneyduer@rvce.edu.in', '8200605890', 2, 9),
('1RV15CS093', 'Linh Nagelhout', 'linhnagelhout.cs15@rvce.edu.in', '9863627926', 3, 5),
('1RV15CS099', 'Sonja Lebeau', 'sonjalebeau.ch15@rvce.edu.in', '8096184530', 1, 3),
('1RV15EC014', 'Fausto Acheampong', 'faustoacheampong.ec15@rvce.edu.in', '9770609825', 1, 7),
('1RV15EC015', 'Gearldine Vanauken', 'gearldinevanauken.ec15@rvce.edu.in', '8754142455', 3, 7),
('1RV15EC016', 'Jessie Lifton', 'jessielifton.ch15@rvce.edu.in', '9147004489', 1, 3),
('1RV15EC017', 'Elizabet Dantin', 'elizabetdantin@rvce.edu.in', '8623216466', 4, 7),
('1RV15EC024', 'Chad Gerstle', 'chadgerstle.ec15@rvce.edu.in', '9489747664', 1, 7),
('1RV15EC031', 'Angelita Valenzvela', 'angelitavalenzvela.ec15@rvce.edu.in', '9198343209', 1, 7),
('1RV15EC033', 'Sherman Furlotte', 'shermanfurlotte.cs15@rvce.edu.in', '9630385005', 1, 5),
('1RV15EC034', 'Kandice Workman', 'kandiceworkman.cs15@rvce.edu.in', '8731648468', 3, 5),
('1RV15EC037', 'Mac Loarca', 'macloarca.ec15@rvce.edu.in', '9826601491', 1, 7),
('1RV15EC038', 'Nana Rathel', 'nanarathel.ec15@rvce.edu.in', '8169077999', 3, 7),
('1RV15EC044', 'Temika Croslin', 'temikacroslin.ch15@rvce.edu.in', '9351916239', 1, 3),
('1RV15EC052', 'Angela Dejarnette', 'angeladejarnette.ec15@rvce.edu.in', '9111994837', 1, 7),
('1RV15EC056', 'Greta Toohey', 'gretatoohey.ec15@rvce.edu.in', '9971590913', 1, 7),
('1RV15EC060', 'Enda Wojtowich', 'endawojtowich.ec15@rvce.edu.in', '8560678512', 1, 7),
('1RV15EC066', 'Viki Cradic', 'vikicradic.ec15@rvce.edu.in', '8786261627', 1, 7),
('1RV15EC075', 'Reiko Bannerman', 'reikobannerman.ec15@rvce.edu.in', '8739874197', 1, 7),
('1RV15EC079', 'Desmond Heppner', 'desmondheppner.cs15@rvce.edu.in', '7966072120', 1, 5),
('1RV15EC081', 'Roni Layland', 'ronilayland.cs15@rvce.edu.in', '9887457154', 1, 5),
('1RV15EC092', 'Jack Wiegert', 'jackwiegert.ec15@rvce.edu.in', '8384581745', 1, 7),
('1RV15EC095', 'Kena Atleh', 'kenaatleh.ec15@rvce.edu.in', '9056232216', 1, 7),
('1RV15EC097', 'Ebonie Ehlman', 'ebonieehlman.ec15@rvce.edu.in', '9545644157', 3, 7),
('1RV15EC098', 'Ranae Overbay', 'ranaeoverbay.cs15@rvce.edu.in', '9232566577', 1, 5),
('1RV15EE014', 'Elease Ecton', 'eleaseecton.ee15@rvce.edu.in', '9435818531', 1, 6),
('1RV15EE016', 'Georgette Frayser', 'georgettefrayser.ee15@rvce.edu.in', '9043424950', 3, 6),
('1RV15EE018', 'Sibyl Grober', 'sibylgrober.cs15@rvce.edu.in', '7997362493', 3, 5),
('1RV15EE020', 'Tomeka Vljeric', 'tomekavljeric.cs15@rvce.edu.in', '9578455342', 1, 5),
('1RV15EE026', 'Isabel Stepps', 'isabelstepps.cs15@rvce.edu.in', '8388210447', 1, 5),
('1RV15EE033', 'Richard Roley', 'richardroley.cs15@rvce.edu.in', '9646550403', 1, 5),
('1RV15EE035', 'Lang Seanor', 'langseanor.ee15@rvce.edu.in', '9540258269', 1, 6),
('1RV15EE036', 'Agueda Se', 'aguedase.cs15@rvce.edu.in', '9684603209', 1, 5),
('1RV15EE039', 'Carolina Champine', 'carolinachampine.ee15@rvce.edu.in', '9771333960', 1, 6),
('1RV15EE047', 'Juliette Stolinski', 'juliettestolinski.cs15@rvce.edu.in', '8345893014', 1, 5),
('1RV15EE050', 'Bryant Darling', 'bryantdarling.ee15@rvce.edu.in', '9223746707', 1, 6),
('1RV15EE051', 'Linh Nagelhout', 'linhnagelhout.ee15@rvce.edu.in', '8852443039', 3, 6),
('1RV15EE059', 'Mariel Goth', 'marielgoth.ee15@rvce.edu.in', '9823523750', 1, 6),
('1RV15EE066', 'Winter Machover', 'wintermachover.ee15@rvce.edu.in', '9618466237', 1, 6),
('1RV15EE069', 'Tera Bohnet', 'terabohnet.ec15@rvce.edu.in', '9554362345', 3, 7),
('1RV15EE081', 'Emerita Ferracioli', 'emeritaferracioli.ee15@rvce.edu.in', '9600485726', 3, 6),
('1RV15EE084', 'Nelda Narain', 'neldanarain.cs15@rvce.edu.in', '8798225933', 1, 5),
('1RV15EE085', 'Veta Hulslander', 'vetahulslander.cs15@rvce.edu.in', '8797632889', 1, 5),
('1RV15EE086', 'Lesli Schlund', 'leslischlund.cs15@rvce.edu.in', '9754303811', 1, 5),
('1RV15EE096', 'Kacey Swant', 'kaceyswant.cs15@rvce.edu.in', '8565868948', 1, 5),
('1RV15EI015', 'Cristie Browning', 'cristiebrowning.ec15@rvce.edu.in', '9515945755', 3, 7),
('1RV15EI016', 'Dalila Rouff', 'dalilarouff.ec15@rvce.edu.in', '8562707249', 1, 7),
('1RV15EI018', 'Ava Schaf', 'avaschaf.ei15@rvce.edu.in', '8453609971', 1, 8),
('1RV15EI019', 'Daron Kleve', 'daronkleve.ee15@rvce.edu.in', '8122618855', 1, 6),
('1RV15EI020', 'Marty Rehmann', 'martyrehmann.ei15@rvce.edu.in', '8691034086', 3, 8),
('1RV15EI025', 'Ariane Ginter', 'arianeginter.ei15@rvce.edu.in', '9261048800', 1, 8),
('1RV15EI033', 'Mandi Loewenstein', 'mandiloewenstein.ei15@rvce.edu.in', '9395486167', 1, 8),
('1RV15EI036', 'Song Larubbio', 'songlarubbio.ei15@rvce.edu.in', '8918679247', 1, 8),
('1RV15EI037', 'Magdalena Hulsizer', 'magdalenahulsizer.ec15@rvce.edu.in', '8422965659', 1, 7),
('1RV15EI038', 'Bella Derenthal', 'belladerenthal.ei15@rvce.edu.in', '9477611846', 1, 8),
('1RV15EI045', 'Jesse Crinklaw', 'jessecrinklaw.ei15@rvce.edu.in', '8545235228', 1, 8),
('1RV15EI047', 'Natalya Viar', 'natalyaviar.ei15@rvce.edu.in', '9778258341', 1, 8),
('1RV15EI050', 'Laila Hordyk', 'lailahordyk.ei15@rvce.edu.in', '8138235390', 1, 8),
('1RV15EI055', 'Myrna Ohlmacher', 'myrnaohlmacher.ec15@rvce.edu.in', '8583340147', 1, 7),
('1RV15EI060', 'Lulu Sark', 'lulusark.ei15@rvce.edu.in', '8805706783', 1, 8),
('1RV15EI062', 'Amal Pero', 'amalpero@rvce.edu.in', '9227425582', 2, 11),
('1RV15EI072', 'Jacalyn Patman', 'jacalynpatman.ec15@rvce.edu.in', '8193953538', 1, 7),
('1RV15EI073', 'Clyde Weigle', 'clydeweigle.ei15@rvce.edu.in', '9431053546', 1, 8),
('1RV15EI074', 'Denise Franke', 'denisefranke.ei15@rvce.edu.in', '8636461424', 1, 8),
('1RV15EI079', 'Luann Woloszczak', 'luannwoloszczak.ei15@rvce.edu.in', '9142737198', 3, 8),
('1RV15EI082', 'Roselle Federer', 'rosellefederer.ec15@rvce.edu.in', '9523811404', 1, 7),
('1RV15EI084', 'Cory Mcthune', 'corymcthune.ei15@rvce.edu.in', '9672592768', 3, 8),
('1RV15EI089', 'Diann Mcconaghy', 'diannmcconaghy.ee15@rvce.edu.in', '9183176683', 1, 6),
('1RV15EI090', 'Connie Thelmon', 'conniethelmon.ec15@rvce.edu.in', '9881156405', 1, 7),
('1RV15EI092', 'Annetta Kuffel', 'annettakuffel.ee15@rvce.edu.in', '9370902510', 1, 6),
('1RV15EI094', 'Elvia Soldner', 'elviasoldner.ei15@rvce.edu.in', '8758090622', 1, 8),
('1RV15EI097', 'Vinita Filipponi', 'vinitafilipponi.ei15@rvce.edu.in', '7848426157', 3, 8),
('1RV15IEM010', 'Keith Burdett', 'keithburdett.ee15@rvce.edu.in', '9695122006', 1, 6),
('1RV15IEM012', 'Latricia Vanpoucke', 'latriciavanpoucke.ee15@rvce.edu.in', '8668786083', 3, 6),
('1RV15IEM018', 'Janice Gonsalez', 'janicegonsalez.ee15@rvce.edu.in', '9100940847', 3, 6),
('1RV15IEM026', 'Hollis Stumpo', 'hollisstumpo.ee15@rvce.edu.in', '9900083277', 3, 6),
('1RV15IEM033', 'Tran Fernadez', 'tranfernadez.ee15@rvce.edu.in', '9597155347', 1, 6),
('1RV15IEM034', 'Ezekiel Ratigan', 'ezekielratigan.ee15@rvce.edu.in', '8911924178', 1, 6),
('1RV15IEM035', 'Reggie Schacher', 'reggieschacher.ee15@rvce.edu.in', '9046107260', 1, 6),
('1RV15IEM037', 'Maryln Akridge', 'marylnakridge.iem15@rvce.edu.in', '8277211295', 1, 9),
('1RV15IEM042', 'Brian Rodeheaver', 'brianrodeheaver.ei15@rvce.edu.in', '9824512984', 1, 8),
('1RV15IEM043', 'Myrta Urwin', 'myrtaurwin.ei15@rvce.edu.in', '8419689790', 1, 8),
('1RV15IEM044', 'Harry Kaauamo', 'harrykaauamo.iem15@rvce.edu.in', '9093212782', 3, 9),
('1RV15IEM045', 'Santo Darwin', 'santodarwin.ei15@rvce.edu.in', '8018798504', 1, 8),
('1RV15IEM049', 'Alleen Baro', 'alleenbaro.ei15@rvce.edu.in', '7963294788', 3, 8),
('1RV15IEM050', 'Larue Orsborn', 'larueorsborn.iem15@rvce.edu.in', '9409865908', 1, 9),
('1RV15IEM051', 'Lucilla Pachter', 'lucillapachter.ee15@rvce.edu.in', '8159211209', 1, 6),
('1RV15IEM054', 'Andria Alamin', 'andriaalamin.iem15@rvce.edu.in', '8189653444', 3, 9),
('1RV15IEM057', 'Arie Rivenburgh', 'arierivenburgh.iem15@rvce.edu.in', '9494200294', 1, 9),
('1RV15IEM063', 'Elly Hoeft', 'ellyhoeft.iem15@rvce.edu.in', '8902009093', 1, 9),
('1RV15IEM065', 'Wilburn Strayer', 'wilburnstrayer.ei15@rvce.edu.in', '8637705863', 1, 8),
('1RV15IEM067', 'Tisa Cockfield', 'tisacockfield.ei15@rvce.edu.in', '9273812366', 1, 8),
('1RV15IEM068', 'Lupe Zgoda', 'lupezgoda@rvce.edu.in', '7978890950', 2, 11),
('1RV15IEM069', 'Joan Ridling', 'joanridling.ei15@rvce.edu.in', '8965270846', 1, 8),
('1RV15IEM079', 'Donald Rohr', 'donaldrohr.iem15@rvce.edu.in', '9308175323', 3, 9),
('1RV15IEM080', 'Magdalen Zabrocki', 'magdalenzabrocki.ei15@rvce.edu.in', '9448482885', 3, 8),
('1RV15IEM087', 'Trudy Schoppert', 'trudyschoppert.ei15@rvce.edu.in', '8622990393', 1, 8),
('1RV15IEM093', 'Diego Alberty', 'diegoalberty.iem15@rvce.edu.in', '8148944289', 1, 9),
('1RV15IEM099', 'Rosena Blada', 'rosenablada.ei15@rvce.edu.in', '9299473952', 3, 8),
('1RV15IS009', 'Ananya V', 'ananya@rvce.edu.in', '9753186421', 1, 7),
('1RV15IS010', 'Anoosha M Rao', 'anoosha@rvce.edu.in', '9988776655', 2, 8),
('1RV15IS011', 'Anushree S S', 'anushree@rvce.edu.in', '9988776655', 3, 9),
('1RV15IS012', 'Anushtuthi P', 'anushtuthi@rvce.edu.in', '9876598765', 5, 10),
('1RV15IS013', 'Bessie Sholes', 'bessiesholes.is15@rvce.edu.in', '9571956239', 1, 10),
('1RV15IS018', 'Taunya Mompoint', 'taunyamompoint.ei15@rvce.edu.in', '7951087811', 3, 8),
('1RV15IS022', 'Christena Wirtjes', 'christenawirtjes.is15@rvce.edu.in', '9470796474', 1, 10),
('1RV15IS026', 'Shavonda Fauerbach', 'shavondafauerbach.ie15@rvce.edu.in', '8608474458', 3, 9),
('1RV15IS028', 'Latanya Cratic', 'latanyacratic.ie15@rvce.edu.in', '8166235546', 1, 9),
('1RV15IS033', 'Glennis Westmorland', 'glenniswestmorland.ie15@rvce.edu.in', '8061156121', 1, 9),
('1RV15IS037', 'Marcus Mcfee', 'marcusmcfee.ae15@rvce.edu.in', '8394862978', 1, 1),
('1RV15IS041', 'Laurel Shuster', 'laurelshuster.ie15@rvce.edu.in', '9673135033', 3, 9),
('1RV15IS047', 'Justin Shutts', 'justinshutts.ie15@rvce.edu.in', '9261829664', 1, 9),
('1RV15IS056', 'Tera Bohnet', 'terabohnet.is15@rvce.edu.in', '9743195558', 1, 10),
('1RV15IS062', 'Brianne Kaercher', 'briannekaercher.ie15@rvce.edu.in', '8625759949', 1, 9),
('1RV15IS064', 'Mira Gasman', 'miragasman.ie15@rvce.edu.in', '8778916809', 3, 9),
('1RV15IS066', 'Coralie Shybut', 'coralieshybut.ie15@rvce.edu.in', '9624455269', 1, 9),
('1RV15IS068', 'Joesph Celli', 'joesphcelli.ie15@rvce.edu.in', '9520670838', 1, 9),
('1RV15IS069', 'Ozie Cegielski', 'oziecegielski.ie15@rvce.edu.in', '7907370991', 1, 9),
('1RV15IS074', 'Alverta Davenport', 'alvertadavenport@rvce.edu.in', '9018542396', 5, 14),
('1RV15IS076', 'Simonne Sauerhage', 'simonnesauerhage.ie15@rvce.edu.in', '9955154665', 1, 9),
('1RV15IS077', 'Laila Hordyk', 'lailahordyk.is15@rvce.edu.in', '9321911230', 1, 10),
('1RV15IS080', 'Soraya Klipfel', 'sorayaklipfel.is15@rvce.edu.in', '9251409026', 1, 10),
('1RV15IS081', 'Antone Kruebbe', 'antonekruebbe.is15@rvce.edu.in', '9183845089', 3, 10),
('1RV15IS083', 'Randee Stusse', 'randeestusse@rvce.edu.in', '8918177813', 4, 9),
('1RV15IS093', 'Chere Doetsch', 'cheredoetsch.is15@rvce.edu.in', '9937452183', 1, 10),
('1RV15IS098', 'Pamala Harriger', 'pamalaharriger.is15@rvce.edu.in', '9482705996', 1, 10),
('1RV15ME014', 'Genia Musselwhite', 'geniamusselwhite.me15@rvce.edu.in', '8006439554', 1, 11),
('1RV15ME017', 'Rosalina Lessenberry', 'rosalinalessenberry.is15@rvce.edu.in', '9804069338', 1, 10),
('1RV15ME020', 'Donte Munzell', 'dontemunzell.me15@rvce.edu.in', '9129293290', 1, 11),
('1RV15ME021', 'Hattie Gillogly', 'hattiegillogly.me15@rvce.edu.in', '8592640353', 1, 11),
('1RV15ME022', 'Jae Herdon', 'jaeherdon.ie15@rvce.edu.in', '9862673527', 1, 9),
('1RV15ME024', 'Simona Malcolm', 'simonamalcolm.me15@rvce.edu.in', '7829229754', 1, 11),
('1RV15ME026', 'Sheilah Gipe', 'sheilahgipe@rvce.edu.in', '9017321838', 2, 8),
('1RV15ME028', 'Nettie Behl', 'nettiebehl.me15@rvce.edu.in', '9044956353', 1, 11),
('1RV15ME041', 'Lucina Grochmal', 'lucinagrochmal.me15@rvce.edu.in', '9603994182', 1, 11),
('1RV15ME042', 'Maire Kertis', 'mairekertis.me15@rvce.edu.in', '8848327578', 1, 11),
('1RV15ME048', 'Deidre Youssef', 'deidreyoussef.is15@rvce.edu.in', '7936485462', 1, 10),
('1RV15ME054', 'Porter Kemerly', 'porterkemerly.me15@rvce.edu.in', '9511110163', 3, 11),
('1RV15ME056', 'Basil Sarbacher', 'basilsarbacher.me15@rvce.edu.in', '8879129976', 1, 11),
('1RV15ME059', 'Juliana Burbank', 'julianaburbank.ae15@rvce.edu.in', '8667298058', 3, 1),
('1RV15ME064', 'Irina Gisi', 'irinagisi.ie15@rvce.edu.in', '8719685836', 1, 9),
('1RV15ME068', 'Hermelinda Klose', 'hermelindaklose.me15@rvce.edu.in', '9265017749', 1, 11),
('1RV15ME070', 'Micheline Andrade', 'michelineandrade.me15@rvce.edu.in', '9496837297', 1, 11),
('1RV15ME071', 'Reginia Yancy', 'reginiayancy.me15@rvce.edu.in', '8879958349', 1, 11),
('1RV15ME073', 'Arleen Sistrunk', 'arleensistrunk.me15@rvce.edu.in', '8732247727', 3, 11),
('1RV15ME077', 'Jama Whelihan', 'jamawhelihan.me15@rvce.edu.in', '8075385263', 3, 11),
('1RV15ME078', 'Larisa Burdex', 'larisaburdex.is15@rvce.edu.in', '8177941947', 1, 10),
('1RV15ME081', 'Rosalva Huval', 'rosalvahuval.me15@rvce.edu.in', '9665687849', 3, 11),
('1RV15ME084', 'Ken Canner', 'kencanner.me15@rvce.edu.in', '9410749675', 1, 11),
('1RV15ME087', 'Shantay Verkamp', 'shantayverkamp.is15@rvce.edu.in', '8161346519', 1, 10),
('1RV15ME090', 'Russ Annala', 'russannala.me15@rvce.edu.in', '8904919790', 1, 11),
('1RV15ME094', 'Antonia Hoop', 'antoniahoop.me15@rvce.edu.in', '8400345788', 1, 11),
('1RV15TC010', 'Davina Colchado', 'davinacolchado.tc15@rvce.edu.in', '8364572599', 1, 12),
('1RV15TC018', 'Jan Saulsbury', 'jansaulsbury.tc15@rvce.edu.in', '9203191051', 3, 12),
('1RV15TC021', 'Ruthie Marascalco', 'ruthiemarascalco.is15@rvce.edu.in', '9836566563', 1, 10),
('1RV15TC022', 'Johnson Everman', 'johnsoneverman.is15@rvce.edu.in', '8123384881', 1, 10),
('1RV15TC027', 'Marry Logie', 'marrylogie.ie15@rvce.edu.in', '8437991142', 1, 9),
('1RV15TC029', 'Kitty Cartin', 'kittycartin.is15@rvce.edu.in', '9848635684', 1, 10),
('1RV15TC031', 'Shantay Verkamp', 'shantayverkamp.tc15@rvce.edu.in', '9871952378', 3, 12),
('1RV15TC035', 'Alissa Macaskill', 'alissamacaskill.ie15@rvce.edu.in', '8483044650', 1, 9),
('1RV15TC038', 'Season Linthicum', 'seasonlinthicum.is15@rvce.edu.in', '7828953043', 1, 10),
('1RV15TC039', 'Autumn Brandauer', 'autumnbrandauer.is15@rvce.edu.in', '9820494282', 1, 10),
('1RV15TC055', 'Claire Turnier', 'claireturnier.tc15@rvce.edu.in', '9022878473', 1, 12),
('1RV15TC065', 'Jospeh Magnia', 'jospehmagnia.is15@rvce.edu.in', '9909118295', 1, 10),
('1RV15TC078', 'Kori Ifantides', 'koriifantides.tc15@rvce.edu.in', '8690686791', 1, 12),
('1RV15TC080', 'Sonja Lebeau', 'sonjalebeau.tc15@rvce.edu.in', '8143873330', 1, 12),
('1RV15TC081', 'Emely Besso', 'emelybesso.tc15@rvce.edu.in', '8919018048', 1, 12),
('1RV15TC085', 'Renetta Pert', 'renettapert.tc15@rvce.edu.in', '8242297982', 1, 12),
('1RV15TC087', 'Tinisha Scardino', 'tinishascardino.tc15@rvce.edu.in', '9152458814', 1, 12),
('1RV15TC088', 'Nedra Wentland', 'nedrawentland.tc15@rvce.edu.in', '9381731966', 1, 12),
('1RV15TC096', 'Jamika Bonenfant', 'jamikabonenfant.tc15@rvce.edu.in', '8067078750', 3, 12),
('1RV16AE010', 'Blair Grohs', 'blairgrohs.ae16@rvce.edu.in', '8799068010', 3, 1),
('1RV16AE014', 'Azzie Ditzler', 'azzieditzler.me15@rvce.edu.in', '9373858418', 1, 11),
('1RV16AE016', 'Tilda Woodcox', 'tildawoodcox.ae16@rvce.edu.in', '8670875172', 1, 1),
('1RV16AE017', 'Dona Olejniczak', 'donaolejniczak.ae16@rvce.edu.in', '9575622653', 1, 1),
('1RV16AE018', 'Darlena Thrift', 'darlenathrift.ae16@rvce.edu.in', '9797184753', 1, 1),
('1RV16AE020', 'Emmitt Mccloud', 'emmittmccloud.me15@rvce.edu.in', '8863984929', 1, 11),
('1RV16AE022', 'Tatyana Mcclish', 'tatyanamcclish@rvce.edu.in', '8381982143', 5, 14),
('1RV16AE027', 'Amos Hollopeter', 'amoshollopeter.tc15@rvce.edu.in', '9250440067', 3, 12),
('1RV16AE031', 'Shirlee Rhodehamel', 'shirleerhodehamel.ae15@rvce.edu.in', '9509073001', 1, 1),
('1RV16AE037', 'Santana Aytes', 'santanaaytes.ae15@rvce.edu.in', '8971731922', 1, 1),
('1RV16AE038', 'Shonda Ryal', 'shondaryal.ae16@rvce.edu.in', '8299896366', 1, 1),
('1RV16AE041', 'Wes Imhoff', 'wesimhoff.ae15@rvce.edu.in', '8007915152', 3, 1),
('1RV16AE043', 'Catherin Goulart', 'catheringoulart.me15@rvce.edu.in', '9465646073', 1, 11),
('1RV16AE049', 'Lenny Norales', 'lennynorales.ae16@rvce.edu.in', '9623925464', 1, 1),
('1RV16AE055', 'Francesca Riesner', 'francescariesner.me15@rvce.edu.in', '8453946058', 1, 11),
('1RV16AE056', 'Andera Baragar', 'anderabaragar.ae15@rvce.edu.in', '8333841180', 3, 1),
('1RV16AE057', 'Rochell Gaultney', 'rochellgaultney.ae15@rvce.edu.in', '9195175049', 1, 1),
('1RV16AE068', 'Ambrose Trolio', 'ambrosetrolio.cs16@rvce.edu.in', '9850598398', 1, 5),
('1RV16AE070', 'Lavelle Muri', 'lavellemuri.ec16@rvce.edu.in', '9960014173', 1, 7),
('1RV16AE072', 'Lemuel Kovacs', 'lemuelkovacs.ae16@rvce.edu.in', '9778517359', 1, 1),
('1RV16AE073', 'Nathanael Ludd', 'nathanaelludd.ae16@rvce.edu.in', '9107525049', 3, 1),
('1RV16AE074', 'Glayds Crofton', 'glaydscrofton.ec16@rvce.edu.in', '9644316919', 1, 7),
('1RV16AE076', 'Russell Oliva', 'russelloliva.ei16@rvce.edu.in', '8014404147', 1, 8),
('1RV16AE080', 'Carmon Pouliot', 'carmonpouliot.ae16@rvce.edu.in', '9968046112', 1, 1),
('1RV16AE082', 'Amberly Marra', 'amberlymarra.me16@rvce.edu.in', '9637713922', 3, 11),
('1RV16AE088', 'Saundra Harb', 'saundraharb.ae16@rvce.edu.in', '9078968380', 1, 1),
('1RV16AE092', 'Jaleesa Papi', 'jaleesapapi.ie16@rvce.edu.in', '9204201133', 1, 9),
('1RV16AE097', 'Shanell Lazio', 'shanelllazio.ae16@rvce.edu.in', '9866344684', 1, 1),
('1RV16BT013', 'Hulda Erebia', 'huldaerebia.bt16@rvce.edu.in', '8143743350', 1, 2),
('1RV16BT014', 'Rossie Raynor', 'rossieraynor.ae15@rvce.edu.in', '8504027746', 1, 1),
('1RV16BT015', 'Rudy Delaune', 'rudydelaune.bt16@rvce.edu.in', '9217056620', 1, 2),
('1RV16BT017', 'Particia Guillama', 'particiaguillama.bt16@rvce.edu.in', '7942729850', 1, 2),
('1RV16BT024', 'Ora Ficek', 'oraficek.ae15@rvce.edu.in', '9886931956', 3, 1),
('1RV16BT027', 'Helen Savaria', 'helensavaria.me15@rvce.edu.in', '9761014614', 1, 11),
('1RV16BT028', 'Brandi Desan', 'brandidesan.bt16@rvce.edu.in', '9853742175', 3, 2),
('1RV16BT030', 'Krysta Uscio', 'krystauscio.bt16@rvce.edu.in', '7878328948', 1, 2),
('1RV16BT031', 'Eddy Nepomuceno', 'eddynepomuceno.tc15@rvce.edu.in', '9716262349', 1, 12),
('1RV16BT032', 'Milly Hoglan', 'millyhoglan.tc15@rvce.edu.in', '9083397828', 1, 12),
('1RV16BT033', 'Mirian Waldron', 'mirianwaldron.bt16@rvce.edu.in', '9019428462', 3, 2),
('1RV16BT037', 'Treena Bigas', 'treenabigas.tc15@rvce.edu.in', '9024415416', 1, 12),
('1RV16BT041', 'Cameron Riesinger', 'cameronriesinger.tc15@rvce.edu.in', '9802348009', 1, 12),
('1RV16BT043', 'Leisha Falvey', 'leishafalvey@rvce.edu.in', '8326725793', 4, 9),
('1RV16BT044', 'Ewa Calamia', 'ewacalamia.bt16@rvce.edu.in', '8849258874', 1, 2),
('1RV16BT047', 'Allene Seibers', 'alleneseibers.bt16@rvce.edu.in', '8367456300', 3, 2),
('1RV16BT048', 'Norbert Bumpas', 'norbertbumpas.ae16@rvce.edu.in', '8979169383', 1, 1),
('1RV16BT051', 'Carline Kingdon', 'carlinekingdon.ae16@rvce.edu.in', '9911238571', 1, 1),
('1RV16BT053', 'Maggie Sterman', 'maggiesterman.bt16@rvce.edu.in', '8016161045', 3, 2),
('1RV16BT055', 'Anderson Hamdn', 'andersonhamdn.bt16@rvce.edu.in', '9382247250', 1, 2),
('1RV16BT056', 'Sidney Pacapac', 'sidneypacapac.ae16@rvce.edu.in', '9638798708', 1, 1),
('1RV16BT057', 'Rafaela Notis', 'rafaelanotis.ae16@rvce.edu.in', '8735473331', 3, 1),
('1RV16BT061', 'Denae Zumwalt', 'denaezumwalt.ae16@rvce.edu.in', '9343923892', 3, 1),
('1RV16BT062', 'Tiffany Yampolsky', 'tiffanyyampolsky.ae16@rvce.edu.in', '8807999146', 3, 1),
('1RV16BT064', 'Sharita Feeler', 'sharitafeeler.bt16@rvce.edu.in', '9796825690', 1, 2),
('1RV16BT066', 'Vanessa Clauss', 'vanessaclauss.bt16@rvce.edu.in', '9993727016', 3, 2),
('1RV16BT067', 'Cathern Perz', 'cathernperz.bt16@rvce.edu.in', '8950907522', 1, 2),
('1RV16BT068', 'Lizette Troup', 'lizettetroup@rvce.edu.in', '9136105945', 2, 5),
('1RV16BT070', 'Aurelio Coughenour', 'aureliocoughenour.bt16@rvce.edu.in', '8898795783', 1, 2);
INSERT INTO `member` (`ID`, `Name`, `EmailID`, `PhoneNo`, `Type`, `DNumber`) VALUES
('1RV16BT071', 'Whitney Minon', 'whitneyminon.bt16@rvce.edu.in', '9123298286', 1, 2),
('1RV16BT074', 'Gay Mapp', 'gaymapp.bt16@rvce.edu.in', '9116574979', 1, 2),
('1RV16BT077', 'Chae Bordwell', 'chaebordwell.bt16@rvce.edu.in', '8073023869', 1, 2),
('1RV16BT080', 'Quiana Butrick', 'quianabutrick.bt16@rvce.edu.in', '9423027045', 1, 2),
('1RV16BT084', 'Raul Stolley', 'raulstolley.bt16@rvce.edu.in', '9035577536', 1, 2),
('1RV16BT086', 'Nicola Rotty', 'nicolarotty.bt16@rvce.edu.in', '8540689843', 1, 2),
('1RV16BT087', 'Kenny Cassady', 'kennycassady.ae16@rvce.edu.in', '8862370534', 1, 1),
('1RV16BT090', 'Joey Gaer', 'joeygaer.bt16@rvce.edu.in', '9735180402', 3, 2),
('1RV16BT092', 'Chelsie Grappe', 'chelsiegrappe.bt16@rvce.edu.in', '9953674353', 1, 2),
('1RV16BT093', 'Keitha Whiteley', 'keithawhiteley.bt16@rvce.edu.in', '8684974824', 1, 2),
('1RV16BT094', 'Fredericka Freker', 'frederickafreker.bt16@rvce.edu.in', '9630565642', 1, 2),
('1RV16CE010', 'Lynda Vizzi', 'lyndavizzi.ce16@rvce.edu.in', '8208336325', 1, 4),
('1RV16CE012', 'Jamie Spengler', 'jamiespengler@rvce.edu.in', '8778696051', 2, 7),
('1RV16CE015', 'Keven Santis', 'kevensantis.ce16@rvce.edu.in', '9567777598', 1, 4),
('1RV16CE018', 'Shantae Deharo', 'shantaedeharo.ce16@rvce.edu.in', '8061999522', 1, 4),
('1RV16CE019', 'Maryjo Hinkston', 'maryjohinkston.ae16@rvce.edu.in', '9039576188', 1, 1),
('1RV16CE023', 'Leopoldo Rainie', 'leopoldorainie.ce16@rvce.edu.in', '9459676621', 1, 4),
('1RV16CE027', 'Melodee Ryks', 'melodeeryks.ae16@rvce.edu.in', '9911513918', 1, 1),
('1RV16CE031', 'Russell Oliva', 'russelloliva.ce16@rvce.edu.in', '9963193422', 1, 4),
('1RV16CE032', 'Marti Lomay', 'martilomay.bt16@rvce.edu.in', '9894601723', 1, 2),
('1RV16CE040', 'Lavonia Cinadr', 'lavoniacinadr.bt16@rvce.edu.in', '8997983034', 1, 2),
('1RV16CE041', 'Shawana Oehrlein', 'shawanaoehrlein.ce16@rvce.edu.in', '8999818653', 1, 4),
('1RV16CE043', 'Truman Dory', 'trumandory.bt16@rvce.edu.in', '7934531647', 1, 2),
('1RV16CE048', 'Lilliam Stachowski', 'lilliamstachowski.ce16@rvce.edu.in', '9855968755', 1, 4),
('1RV16CE051', 'Lane Sulieman', 'lanesulieman.bt16@rvce.edu.in', '9589451817', 1, 2),
('1RV16CE056', 'Florencio Dunnum', 'florenciodunnum.ce16@rvce.edu.in', '9792037881', 1, 4),
('1RV16CE057', 'Corina Spore', 'corinaspore.bt16@rvce.edu.in', '9835459297', 1, 2),
('1RV16CE059', 'Fabian Seidling', 'fabianseidling.ce16@rvce.edu.in', '8622961697', 3, 4),
('1RV16CE061', 'Fredrick Hackworth', 'fredrickhackworth.ce16@rvce.edu.in', '9870830516', 3, 4),
('1RV16CE063', 'Phillis Mierez', 'phillismierez.bt16@rvce.edu.in', '8634464820', 1, 2),
('1RV16CE064', 'Denisse Laderman', 'denisseladerman.ce16@rvce.edu.in', '8491829069', 1, 4),
('1RV16CE066', 'Andreas Alpheaus', 'andreasalpheaus.ce16@rvce.edu.in', '9741832508', 1, 4),
('1RV16CE067', 'Felipa Krug', 'felipakrug.ce16@rvce.edu.in', '8762065750', 1, 4),
('1RV16CE069', 'Karima Mendes', 'karimamendes.bt16@rvce.edu.in', '8761719887', 1, 2),
('1RV16CE072', 'Liz Denner', 'lizdenner.ce16@rvce.edu.in', '9124571277', 3, 4),
('1RV16CE073', 'Olympia Gautier', 'olympiagautier.ce16@rvce.edu.in', '8657036356', 1, 4),
('1RV16CE075', 'Shawanda Wilkie', 'shawandawilkie.ce16@rvce.edu.in', '8248730529', 1, 4),
('1RV16CE077', 'Tonette Corney', 'tonettecorney.bt16@rvce.edu.in', '9457640377', 3, 2),
('1RV16CE079', 'Daniele Hardaman', 'danielehardaman.ce16@rvce.edu.in', '9836143614', 1, 4),
('1RV16CE080', 'Gilberto Miernik', 'gilbertomiernik@rvce.edu.in', '9413522204', 5, 14),
('1RV16CE081', 'Glennie Schiele', 'glennieschiele.ce16@rvce.edu.in', '8708383749', 3, 4),
('1RV16CE082', 'Maisie Delfavero', 'maisiedelfavero.ce16@rvce.edu.in', '9475976557', 3, 4),
('1RV16CE084', 'Gordon Frische', 'gordonfrische.bt16@rvce.edu.in', '9858339528', 1, 2),
('1RV16CE088', 'Amanda Roher', 'amandaroher.bt16@rvce.edu.in', '8678685930', 1, 2),
('1RV16CH010', 'Domenica Ruwet', 'domenicaruwet.ch16@rvce.edu.in', '8010896943', 1, 3),
('1RV16CH015', 'Charleen Drillock', 'charleendrillock.ch16@rvce.edu.in', '8809802467', 3, 3),
('1RV16CH020', 'Lakesha Murano', 'lakeshamurano@rvce.edu.in', '8239599555', 5, 13),
('1RV16CH021', 'Tiffanie Janovsek', 'tiffaniejanovsek.ch16@rvce.edu.in', '8766150489', 1, 3),
('1RV16CH022', 'Melda Dajer', 'meldadajer.ch16@rvce.edu.in', '8802868877', 1, 3),
('1RV16CH024', 'Ricardo Wassinger', 'ricardowassinger.ch16@rvce.edu.in', '8493900592', 3, 3),
('1RV16CH026', 'Wm Morman', 'wmmorman.ch16@rvce.edu.in', '9824417788', 1, 3),
('1RV16CH027', 'Meg Trindle', 'megtrindle.bt16@rvce.edu.in', '8411552719', 1, 2),
('1RV16CH039', 'Ezra Brackenridge', 'ezrabrackenridge.ch16@rvce.edu.in', '9415513691', 3, 3),
('1RV16CH042', 'Vania Smithson', 'vaniasmithson.ch16@rvce.edu.in', '8736468338', 1, 3),
('1RV16CH049', 'Rayna Pinkerton', 'raynapinkerton.ch16@rvce.edu.in', '9308748361', 3, 3),
('1RV16CH050', 'Asley Ek', 'asleyek.bt16@rvce.edu.in', '8219419429', 1, 2),
('1RV16CH051', 'Tricia Allinder', 'triciaallinder.ce16@rvce.edu.in', '8357768185', 3, 4),
('1RV16CH052', 'Kiley Evangelist', 'kileyevangelist@rvce.edu.in', '8792129511', 2, 5),
('1RV16CH060', 'Alesha Gammell', 'aleshagammell@rvce.edu.in', '9478602072', 5, 13),
('1RV16CH062', 'Luz Gasque', 'luzgasque.bt16@rvce.edu.in', '9138505352', 1, 2),
('1RV16CH063', 'Beverly Manche', 'beverlymanche.ch16@rvce.edu.in', '8931239563', 3, 3),
('1RV16CH067', 'King Woldridge', 'kingwoldridge.bt16@rvce.edu.in', '9631876821', 3, 2),
('1RV16CH073', 'Santa Viegas', 'santaviegas.ch16@rvce.edu.in', '9494563682', 1, 3),
('1RV16CH078', 'Emogene Levers', 'emogenelevers.bt16@rvce.edu.in', '9650102001', 1, 2),
('1RV16CH079', 'Loria Lanouette', 'lorialanouette.ce16@rvce.edu.in', '8895382414', 1, 4),
('1RV16CH080', 'Alvina Loofbourrow', 'alvinaloofbourrow.bt16@rvce.edu.in', '8991126607', 3, 2),
('1RV16CH083', 'Edmond Selbig', 'edmondselbig.ch16@rvce.edu.in', '7839955755', 1, 3),
('1RV16CH084', 'Laurence Selkirk', 'laurenceselkirk.ch16@rvce.edu.in', '9113984024', 1, 3),
('1RV16CH088', 'Earlie Havermale', 'earliehavermale.ch16@rvce.edu.in', '9370746602', 3, 3),
('1RV16CH089', 'Brigette Dundlow', 'brigettedundlow.ce16@rvce.edu.in', '7999594438', 1, 4),
('1RV16CH090', 'Patrick Beeler', 'patrickbeeler.ce16@rvce.edu.in', '8246068948', 1, 4),
('1RV16CH092', 'Danae Batty', 'danaebatty.ch16@rvce.edu.in', '9576424780', 1, 3),
('1RV16CH094', 'Alline Sperdute', 'allinesperdute.ce16@rvce.edu.in', '9740305007', 1, 4),
('1RV16CH096', 'Gertrude Abete', 'gertrudeabete.ce16@rvce.edu.in', '8238502260', 1, 4),
('1RV16CH099', 'Donnie Chobot', 'donniechobot.ch16@rvce.edu.in', '8136479749', 1, 3),
('1RV16CS012', 'Shavon Kratochwil', 'shavonkratochwil.ce16@rvce.edu.in', '9213745105', 1, 4),
('1RV16CS013', 'Karena Varkey', 'karenavarkey.ce16@rvce.edu.in', '9447776460', 1, 4),
('1RV16CS014', 'Lidia Hagger', 'lidiahagger.cs16@rvce.edu.in', '8654296195', 3, 5),
('1RV16CS015', 'Alanna Reitsma', 'alannareitsma.cs16@rvce.edu.in', '8541681225', 1, 5),
('1RV16CS019', 'Terence Rufus', 'terencerufus.ch16@rvce.edu.in', '9643841958', 1, 3),
('1RV16CS026', 'Rudolf Zerr', 'rudolfzerr.cs16@rvce.edu.in', '8381323631', 1, 5),
('1RV16CS030', 'Patsy Tighe', 'patsytighe.cs16@rvce.edu.in', '9776642808', 3, 5),
('1RV16CS041', 'Tresa Akright', 'tresaakright.ce16@rvce.edu.in', '8095362424', 1, 4),
('1RV16CS043', 'Diedra Borreggine', 'diedraborreggine.cs16@rvce.edu.in', '8235239370', 3, 5),
('1RV16CS045', 'Harriette Zubrowski', 'harriettezubrowski.ce16@rvce.edu.in', '8939566214', 3, 4),
('1RV16CS049', 'Buford Harke', 'bufordharke.ce16@rvce.edu.in', '8777238837', 1, 4),
('1RV16CS050', 'Octavia Tom', 'octaviatom.ce16@rvce.edu.in', '9560171359', 1, 4),
('1RV16CS059', 'Alaine Soliz', 'alainesoliz.ce16@rvce.edu.in', '8190422159', 3, 4),
('1RV16CS062', 'Shameka Fillers', 'shamekafillers.cs16@rvce.edu.in', '9478503446', 1, 5),
('1RV16CS063', 'Gaylord Reitman', 'gaylordreitman.cs16@rvce.edu.in', '7919347761', 1, 5),
('1RV16CS065', 'Indira Jabbie', 'indirajabbie.ce16@rvce.edu.in', '9539934162', 3, 4),
('1RV16CS070', 'Robbin Hackenmiller', 'robbinhackenmiller.cs16@rvce.edu.in', '9121163701', 3, 5),
('1RV16CS077', 'Moriah Mcgarr', 'moriahmcgarr@rvce.edu.in', '9412982020', 2, 12),
('1RV16CS078', 'Renato Zelenko', 'renatozelenko.ch16@rvce.edu.in', '9341176400', 1, 3),
('1RV16CS079', 'Joeann Lindinha', 'joeannlindinha.cs16@rvce.edu.in', '9731764584', 1, 5),
('1RV16CS082', 'Elfreda Lazaroff', 'elfredalazaroff.cs16@rvce.edu.in', '8831846677', 1, 5),
('1RV16CS084', 'Holli Wolfinbarger', 'holliwolfinbarger.ch16@rvce.edu.in', '8745625204', 1, 3),
('1RV16CS085', 'Tennille Todoroff', 'tennilletodoroff.cs16@rvce.edu.in', '7890472781', 1, 5),
('1RV16CS086', 'Else Pfeifle', 'elsepfeifle.ch16@rvce.edu.in', '9927190516', 3, 3),
('1RV16CS087', 'Dylan Hendrie', 'dylanhendrie.cs16@rvce.edu.in', '8283026442', 1, 5),
('1RV16CS088', 'Ericka Minardi', 'erickaminardi@rvce.edu.in', '8425283903', 4, 10),
('1RV16CS090', 'Janett Gleckler', 'janettgleckler.cs16@rvce.edu.in', '7905546128', 3, 5),
('1RV16CS091', 'Claretha Hanrath', 'clarethahanrath.cs16@rvce.edu.in', '8280321614', 1, 5),
('1RV16CS095', 'Loren Mikita', 'lorenmikita.cs16@rvce.edu.in', '8419222071', 3, 5),
('1RV16EC016', 'Rosita Yeldell', 'rositayeldell.ch16@rvce.edu.in', '9416379248', 1, 3),
('1RV16EC022', 'Eugena Crocket', 'eugenacrocket.ch16@rvce.edu.in', '7844832774', 1, 3),
('1RV16EC023', 'Tiffani Vigoren', 'tiffanivigoren.ec16@rvce.edu.in', '8394727993', 1, 7),
('1RV16EC027', 'Graig Durousseau', 'graigdurousseau.ch16@rvce.edu.in', '9228107692', 1, 3),
('1RV16EC033', 'Elvina Mccutchen', 'elvinamccutchen.ec16@rvce.edu.in', '9884343668', 1, 7),
('1RV16EC036', 'Melany Dinnendahl', 'melanydinnendahl.ec16@rvce.edu.in', '9498078394', 3, 7),
('1RV16EC037', 'Ellan Lounder', 'ellanlounder.ch16@rvce.edu.in', '9491438501', 1, 3),
('1RV16EC039', 'Bud Serville', 'budserville.ec16@rvce.edu.in', '9503486157', 1, 7),
('1RV16EC046', 'Wesley Goffer', 'wesleygoffer.ec16@rvce.edu.in', '8033786524', 3, 7),
('1RV16EC047', 'Juli Newmyer', 'julinewmyer.ec16@rvce.edu.in', '8828972303', 1, 7),
('1RV16EC050', 'Wm Morman', 'wmmorman.ch16@rvce.edu.in', '9225754250', 1, 3),
('1RV16EC052', 'Nettie Behl', 'nettiebehl@rvce.edu.in', '8789929550', 2, 8),
('1RV16EC054', 'Ligia Ontiveroz', 'ligiaontiveroz.ch16@rvce.edu.in', '8565888164', 1, 3),
('1RV16EC059', 'Vernia Mcmurtrie', 'verniamcmurtrie.ec16@rvce.edu.in', '8731114557', 1, 7),
('1RV16EC061', 'Elinor Castagna', 'elinorcastagna.ch16@rvce.edu.in', '8214746846', 1, 3),
('1RV16EC064', 'Migdalia Baldinger', 'migdaliabaldinger.ec16@rvce.edu.in', '9329452975', 1, 7),
('1RV16EC065', 'Homer Bassali', 'homerbassali.ec16@rvce.edu.in', '8876080520', 1, 7),
('1RV16EC066', 'Janie Schenker', 'janieschenker.ec16@rvce.edu.in', '9398321194', 1, 7),
('1RV16EC068', 'Nickolas Lawhorn', 'nickolaslawhorn.ec16@rvce.edu.in', '8851928650', 3, 7),
('1RV16EC071', 'Madeleine Verser', 'madeleineverser.cs16@rvce.edu.in', '8091053803', 1, 5),
('1RV16EC073', 'Lesha Hardigree', 'leshahardigree.ec16@rvce.edu.in', '9503767102', 1, 7),
('1RV16EC077', 'Lauretta Nicewonger', 'laurettanicewonger@rvce.edu.in', '8930671828', 5, 14),
('1RV16EC080', 'Gretta Burtis', 'grettaburtis.ec16@rvce.edu.in', '9690853694', 1, 7),
('1RV16EC081', 'Kelvin Overfield', 'kelvinoverfield.ec16@rvce.edu.in', '8405255710', 3, 7),
('1RV16EC082', 'Irvin Weis', 'irvinweis.ec16@rvce.edu.in', '8686280626', 1, 7),
('1RV16EC086', 'Stasia Puskas', 'stasiapuskas.ch16@rvce.edu.in', '9023923036', 1, 3),
('1RV16EC090', 'Shamika Carducci', 'shamikacarducci.ec16@rvce.edu.in', '8703596891', 3, 7),
('1RV16EC093', 'Christina Ferra', 'christinaferra.ec16@rvce.edu.in', '9749532901', 1, 7),
('1RV16EC096', 'Exie Szeto', 'exieszeto.ec16@rvce.edu.in', '9982276380', 1, 7),
('1RV16EC098', 'Luci Weeber', 'luciweeber.cs16@rvce.edu.in', '9889437281', 1, 5),
('1RV16EE010', 'Violeta Mollins', 'violetamollins.cs16@rvce.edu.in', '9127778438', 3, 5),
('1RV16EE011', 'Toya Ledec', 'toyaledec.ee16@rvce.edu.in', '8626783175', 1, 6),
('1RV16EE016', 'Concepcion Sperber', 'concepcionsperber.ee16@rvce.edu.in', '9216332369', 1, 6),
('1RV16EE017', 'Anh Gady', 'anhgady.ee16@rvce.edu.in', '9957869141', 1, 6),
('1RV16EE023', 'Lucienne Smiglewski', 'luciennesmiglewski.ee16@rvce.edu.in', '7926516631', 1, 6),
('1RV16EE025', 'Adriene Waldall', 'adrienewaldall.cs16@rvce.edu.in', '9266580862', 1, 5),
('1RV16EE029', 'Bradley Sanabria', 'bradleysanabria.ee16@rvce.edu.in', '8931931085', 3, 6),
('1RV16EE030', 'Stacy Curby', 'stacycurby.ee16@rvce.edu.in', '9947169291', 1, 6),
('1RV16EE032', 'Amal Pero', 'amalpero.ee16@rvce.edu.in', '8312034970', 1, 6),
('1RV16EE035', 'Domitila Abdula', 'domitilaabdula.ec16@rvce.edu.in', '7953298451', 1, 7),
('1RV16EE041', 'Jimmy Furlong', 'jimmyfurlong.ee16@rvce.edu.in', '9659170477', 3, 6),
('1RV16EE046', 'Sonny Rickles', 'sonnyrickles.ee16@rvce.edu.in', '8671892539', 1, 6),
('1RV16EE058', 'Chauncey Lautman', 'chaunceylautman.ee16@rvce.edu.in', '9212383959', 1, 6),
('1RV16EE059', 'Arlinda Besley', 'arlindabesley.ee16@rvce.edu.in', '8555488724', 3, 6),
('1RV16EE060', 'Korey Cherrez', 'koreycherrez.ee16@rvce.edu.in', '8803261838', 1, 6),
('1RV16EE062', 'Kasha Strohmayer', 'kashastrohmayer.ee16@rvce.edu.in', '9041199735', 3, 6),
('1RV16EE065', 'Ryan Cobb', 'ryancobb.ee16@rvce.edu.in', '8938212906', 3, 6),
('1RV16EE069', 'Lizbeth Fagnoni', 'lizbethfagnoni@rvce.edu.in', '8898135651', 2, 11),
('1RV16EE074', 'Mao Kardos', 'maokardos.ec16@rvce.edu.in', '8350741509', 1, 7),
('1RV16EE075', 'Gerald Meineke', 'geraldmeineke.ee16@rvce.edu.in', '9755136331', 1, 6),
('1RV16EE081', 'Lecia Boggan', 'leciaboggan.ec16@rvce.edu.in', '9505821046', 1, 7),
('1RV16EE085', 'Ellis Hickle', 'ellishickle@rvce.edu.in', '8294648514', 5, 13),
('1RV16EE087', 'Adrianne Nienhaus', 'adriannenienhaus.ec16@rvce.edu.in', '9811694338', 1, 7),
('1RV16EE088', 'Hermina Novas', 'herminanovas.ec16@rvce.edu.in', '8797556139', 1, 7),
('1RV16EE092', 'Jacquelin Livoti', 'jacquelinlivoti.ee16@rvce.edu.in', '7964649519', 3, 6),
('1RV16EI012', 'Karren Treister', 'karrentreister.ec16@rvce.edu.in', '9793510449', 1, 7),
('1RV16EI016', 'Israel Spann', 'israelspann.ei16@rvce.edu.in', '8421554115', 1, 8),
('1RV16EI017', 'Annamaria Viloria', 'annamariaviloria.ei16@rvce.edu.in', '9062454593', 1, 8),
('1RV16EI023', 'Tonja Oare', 'tonjaoare@rvce.edu.in', '8381420837', 2, 12),
('1RV16EI024', 'Latia Ivins', 'latiaivins.ec16@rvce.edu.in', '7982555835', 1, 7),
('1RV16EI025', 'Sindy Corak', 'sindycorak.ei16@rvce.edu.in', '9204246376', 1, 8),
('1RV16EI028', 'Fransisca Kottler', 'fransiscakottler@rvce.edu.in', '9556259422', 2, 3),
('1RV16EI030', 'Cris Pasillas', 'crispasillas.ei16@rvce.edu.in', '8534020002', 1, 8),
('1RV16EI034', 'Theda Perrigo', 'thedaperrigo.ei16@rvce.edu.in', '9077766767', 1, 8),
('1RV16EI042', 'Shirleen Santoya', 'shirleensantoya.ei16@rvce.edu.in', '8450983345', 1, 8),
('1RV16EI045', 'Felicidad Prechtl', 'felicidadprechtl.ec16@rvce.edu.in', '8479516899', 1, 7),
('1RV16EI046', 'Tory Lykes', 'torylykes.ei16@rvce.edu.in', '9806440785', 1, 8),
('1RV16EI047', 'George Bakhshian', 'georgebakhshian.ei16@rvce.edu.in', '8440986371', 1, 8),
('1RV16EI050', 'Tammera Mayerle', 'tammeramayerle.ei16@rvce.edu.in', '9009644493', 1, 8),
('1RV16EI052', 'Shelia Wiechman', 'sheliawiechman.ei16@rvce.edu.in', '8670881986', 1, 8),
('1RV16EI057', 'Kara Nord', 'karanord.ei16@rvce.edu.in', '9836437089', 1, 8),
('1RV16EI062', 'Dong Merriwether', 'dongmerriwether.ei16@rvce.edu.in', '9899531026', 3, 8),
('1RV16EI064', 'Vicente Kovats', 'vicentekovats.ec16@rvce.edu.in', '9009941702', 1, 7),
('1RV16EI066', 'Lilla Greaux', 'lillagreaux.ei16@rvce.edu.in', '8318242560', 1, 8),
('1RV16EI069', 'Ardella Caposole', 'ardellacaposole.ec16@rvce.edu.in', '9162082647', 1, 7),
('1RV16EI071', 'Serafina Fagundo', 'serafinafagundo.ei16@rvce.edu.in', '8055854784', 1, 8),
('1RV16EI072', 'Britt Getson', 'brittgetson.ei16@rvce.edu.in', '7932803347', 1, 8),
('1RV16EI073', 'Roma Botner', 'romabotner.ei16@rvce.edu.in', '8075691442', 1, 8),
('1RV16EI074', 'Maxie Ruggieri', 'maxieruggieri@rvce.edu.in', '9804770786', 2, 3),
('1RV16EI076', 'Jammie Quintona', 'jammiequintona@rvce.edu.in', '8133328635', 2, 12),
('1RV16EI077', 'Jeremiah Knauf', 'jeremiahknauf.cs16@rvce.edu.in', '9736876706', 1, 5),
('1RV16EI078', 'Jae Krumholz', 'jaekrumholz.ei16@rvce.edu.in', '7845540335', 3, 8),
('1RV16EI079', 'Cherrie Guilbe', 'cherrieguilbe.ei16@rvce.edu.in', '9733751188', 3, 8),
('1RV16EI080', 'Maryam Ciaschi', 'maryamciaschi.ee16@rvce.edu.in', '8131047714', 1, 6),
('1RV16EI082', 'Audry Stanislaw', 'audrystanislaw.ei16@rvce.edu.in', '9464256908', 1, 8),
('1RV16EI091', 'Merna Brunett', 'mernabrunett.ei16@rvce.edu.in', '9965280164', 3, 8),
('1RV16EI094', 'Eladia Seaberry', 'eladiaseaberry.ee16@rvce.edu.in', '7851768615', 1, 6),
('1RV16EI099', 'Gia Riedle', 'giariedle.ei16@rvce.edu.in', '8189896777', 3, 8),
('1RV16IEM010', 'Johnnie Duyer', 'johnnieduyer.iem16@rvce.edu.in', '9173463301', 3, 9),
('1RV16IEM013', 'Samatha Dilts', 'samathadilts.iem16@rvce.edu.in', '9722789677', 1, 9),
('1RV16IEM017', 'Isabelle Oligee', 'isabelleoligee.iem16@rvce.edu.in', '9933246433', 1, 9),
('1RV16IEM025', 'Jann Taddonio', 'janntaddonio.iem16@rvce.edu.in', '8996182448', 1, 9),
('1RV16IEM027', 'Meghann Onsgard', 'meghannonsgard.iem16@rvce.edu.in', '9153462994', 1, 9),
('1RV16IEM031', 'Pandora Ritterbush', 'pandoraritterbush.ae16@rvce.edu.in', '7860345287', 3, 1),
('1RV16IEM036', 'Freeda Scales', 'freedascales.iem16@rvce.edu.in', '8516396997', 1, 9),
('1RV16IEM039', 'Katrice Cybulski', 'katricecybulski.iem16@rvce.edu.in', '9642005783', 3, 9),
('1RV16IEM040', 'Lashandra Branciforte', 'lashandrabranciforte.iem16@rvce.edu.in', '8710479968', 1, 9),
('1RV16IEM042', 'Owen Evasco', 'owenevasco.iem16@rvce.edu.in', '9800797686', 1, 9),
('1RV16IEM044', 'Samual Conney', 'samualconney.iem16@rvce.edu.in', '8597248007', 1, 9),
('1RV16IEM046', 'Arthur Biglow', 'arthurbiglow.iem16@rvce.edu.in', '9825368628', 1, 9),
('1RV16IEM049', 'Aurelia Rusaw', 'aureliarusaw.ei16@rvce.edu.in', '9681365451', 3, 8),
('1RV16IEM061', 'Chelsey Brierley', 'chelseybrierley.iem16@rvce.edu.in', '9900737979', 1, 9),
('1RV16IEM064', 'Hershel Pforr', 'hershelpforr.iem16@rvce.edu.in', '9988132133', 1, 9),
('1RV16IEM066', 'Ivette Sheck', 'ivettesheck.iem16@rvce.edu.in', '9529153065', 1, 9),
('1RV16IEM068', 'Hunter Relkin', 'hunterrelkin.iem16@rvce.edu.in', '9529931614', 3, 9),
('1RV16IEM070', 'Reginald Kornprobst', 'reginaldkornprobst.iem16@rvce.edu.in', '9494633163', 3, 9),
('1RV16IEM072', 'Gustavo Maytorena', 'gustavomaytorena.iem16@rvce.edu.in', '8033778290', 1, 9),
('1RV16IEM073', 'Hillary Pazo', 'hillarypazo.ec16@rvce.edu.in', '9427867263', 3, 7),
('1RV16IEM075', 'Jamey Deter', 'jameydeter.iem16@rvce.edu.in', '9204259996', 3, 9),
('1RV16IEM078', 'Clarisa Ambroziak', 'clarisaambroziak.iem16@rvce.edu.in', '8602311328', 1, 9),
('1RV16IEM080', 'Alisa Dadd', 'alisadadd.iem16@rvce.edu.in', '7912567469', 3, 9),
('1RV16IEM086', 'Mitchell Polaco', 'mitchellpolaco.iem16@rvce.edu.in', '7992985037', 1, 9),
('1RV16IEM091', 'Dewitt Reaves', 'dewittreaves.iem16@rvce.edu.in', '8983866326', 1, 9),
('1RV16IEM093', 'Adeline Keehan', 'adelinekeehan@rvce.edu.in', '9824835969', 2, 4),
('1RV16IS010', 'Pamella Bintliff', 'pamellabintliff.ee16@rvce.edu.in', '8116586786', 1, 6),
('1RV16IS016', 'Jenae Malmquist', 'jenaemalmquist.is16@rvce.edu.in', '7882955811', 1, 10),
('1RV16IS017', 'Cecilia Pedro', 'ceciliapedro.is16@rvce.edu.in', '7904575266', 1, 10),
('1RV16IS026', 'Charleen Drillock', 'charleendrillock@rvce.edu.in', '9001864364', 2, 9),
('1RV16IS027', 'Jesusita Neylon', 'jesusitaneylon.is16@rvce.edu.in', '8333373832', 3, 10),
('1RV16IS028', 'Layne Der', 'layneder.is16@rvce.edu.in', '9627186780', 3, 10),
('1RV16IS032', 'Maragaret Fracasso', 'maragaretfracasso.is16@rvce.edu.in', '9916343312', 1, 10),
('1RV16IS038', 'Sharice Ritell', 'shariceritell@rvce.edu.in', '8524408609', 2, 4),
('1RV16IS043', 'Robbie Salama', 'robbiesalama.is16@rvce.edu.in', '9142162350', 3, 10),
('1RV16IS059', 'Cary Bascombe', 'carybascombe.ee16@rvce.edu.in', '9534953252', 1, 6),
('1RV16IS061', 'Yetta Sanmartin', 'yettasanmartin.is16@rvce.edu.in', '8129236851', 1, 10),
('1RV16IS064', 'Lanita Odoms', 'lanitaodoms.is16@rvce.edu.in', '8103135253', 1, 10),
('1RV16IS067', 'Sherita Heman', 'sheritaheman.ie16@rvce.edu.in', '8734197756', 3, 9),
('1RV16IS071', 'Jazmine Scavetta', 'jazminescavetta.is16@rvce.edu.in', '9093654425', 1, 10),
('1RV16IS073', 'Wes Imhoff', 'wesimhoff.is16@rvce.edu.in', '9373365404', 1, 10),
('1RV16IS075', 'Kena Atleh', 'kenaatleh.ie16@rvce.edu.in', '8460403647', 3, 9),
('1RV16IS076', 'Earnestine Goodgine', 'earnestinegoodgine.is16@rvce.edu.in', '9265221862', 1, 10),
('1RV16IS080', 'Cecile Preissner', 'cecilepreissner.is16@rvce.edu.in', '7862668732', 3, 10),
('1RV16IS081', 'Lisbeth Dillahunt', 'lisbethdillahunt.is16@rvce.edu.in', '8120908156', 3, 10),
('1RV16IS099', 'Dennis Springfield', 'dennisspringfield.is16@rvce.edu.in', '8303028146', 3, 10),
('1RV16ME010', 'Guadalupe Gottlob', 'guadalupegottlob.ei16@rvce.edu.in', '8136697164', 1, 8),
('1RV16ME014', 'Renay Didonatis', 'renaydidonatis.ei16@rvce.edu.in', '9668258035', 1, 8),
('1RV16ME015', 'Stanton Scherschligt', 'stantonscherschligt.me16@rvce.edu.in', '9489054690', 1, 11),
('1RV16ME022', 'Elenor Crabbe', 'elenorcrabbe.ae16@rvce.edu.in', '7927915805', 1, 1),
('1RV16ME024', 'Willa Plaas', 'willaplaas.me16@rvce.edu.in', '8706345681', 3, 11),
('1RV16ME025', 'Karmen Broadus', 'karmenbroadus.me16@rvce.edu.in', '9679193896', 1, 11),
('1RV16ME030', 'Dexter Taborn', 'dextertaborn.me16@rvce.edu.in', '8522916544', 1, 11),
('1RV16ME040', 'Nicol Gorlich', 'nicolgorlich.ec16@rvce.edu.in', '9402881573', 1, 7),
('1RV16ME041', 'Breanna Vleming', 'breannavleming.me16@rvce.edu.in', '9267501252', 3, 11),
('1RV16ME043', 'Tracie Kelnhofer', 'traciekelnhofer.me16@rvce.edu.in', '8599670692', 3, 11),
('1RV16ME045', 'Malcolm Louato', 'malcolmlouato.me16@rvce.edu.in', '9025766950', 1, 11),
('1RV16ME058', 'Delores Flusche', 'deloresflusche.me16@rvce.edu.in', '9367471553', 1, 11),
('1RV16ME059', 'Emmett Britten', 'emmettbritten.me16@rvce.edu.in', '9992961099', 3, 11),
('1RV16ME069', 'Maricela Platania', 'maricelaplatania.ec16@rvce.edu.in', '8145245287', 1, 7),
('1RV16ME070', 'Celina Willhelm', 'celinawillhelm.ec16@rvce.edu.in', '9782069571', 1, 7),
('1RV16ME072', 'Diedre Mcconnaughey', 'diedremcconnaughey.ee16@rvce.edu.in', '7996499109', 3, 6),
('1RV16ME074', 'Easter Monaldi', 'eastermonaldi.ae16@rvce.edu.in', '7984527583', 3, 1),
('1RV16ME076', 'Leonore Brevo', 'leonorebrevo@rvce.edu.in', '7848920666', 5, 13),
('1RV16ME081', 'Vi Coviello', 'vicoviello.me16@rvce.edu.in', '8843010658', 1, 11),
('1RV16ME084', 'Denver Lawrence', 'denverlawrence.me16@rvce.edu.in', '9069602984', 1, 11),
('1RV16ME091', 'William Darm', 'williamdarm.ei16@rvce.edu.in', '8813029525', 1, 8),
('1RV16TC011', 'Rashad Otex', 'rashadotex.tc16@rvce.edu.in', '9997289062', 1, 12),
('1RV16TC013', 'Darcy Gaumont', 'darcygaumont.tc16@rvce.edu.in', '9699092650', 1, 12),
('1RV16TC018', 'Rosanna Byrns', 'rosannabyrns.tc16@rvce.edu.in', '9620684047', 3, 12),
('1RV16TC030', 'Jill Keagle', 'jillkeagle.tc16@rvce.edu.in', '8192663152', 1, 12),
('1RV16TC034', 'Genevive Zera', 'genevivezera.tc16@rvce.edu.in', '9157785236', 1, 12),
('1RV16TC036', 'Elmo Herem', 'elmoherem.ee16@rvce.edu.in', '8427971383', 1, 6),
('1RV16TC040', 'Darren Najar', 'darrennajar.tc16@rvce.edu.in', '8938675124', 1, 12),
('1RV16TC041', 'Jessia Pepper', 'jessiapepper.ei16@rvce.edu.in', '8108289987', 1, 8),
('1RV16TC042', 'Katlyn Forgue', 'katlynforgue.tc16@rvce.edu.in', '8724070913', 1, 12),
('1RV16TC043', 'Harley Azevedo', 'harleyazevedo.tc16@rvce.edu.in', '8826091040', 3, 12),
('1RV16TC045', 'Aja Risher', 'ajarisher.tc16@rvce.edu.in', '9671394688', 1, 12),
('1RV16TC052', 'Enedina Mccusker', 'enedinamccusker.tc16@rvce.edu.in', '9697422534', 1, 12),
('1RV16TC058', 'Neal Hofferber', 'nealhofferber.me16@rvce.edu.in', '8493923363', 3, 11),
('1RV16TC059', 'Neda Madariaga', 'nedamadariaga.tc16@rvce.edu.in', '8401556766', 1, 12),
('1RV16TC061', 'Libbie Deroos', 'libbiederoos.tc16@rvce.edu.in', '9020411646', 1, 12),
('1RV16TC063', 'Lacy Guillerault', 'lacyguillerault.tc16@rvce.edu.in', '8778845908', 1, 12),
('1RV16TC064', 'Kami Boccanfuso', 'kamiboccanfuso.tc16@rvce.edu.in', '9443380432', 3, 12),
('1RV16TC071', 'Jenna Majeau', 'jennamajeau.tc16@rvce.edu.in', '8771729315', 3, 12),
('1RV16TC072', 'Shanda Mcnear', 'shandamcnear.ei16@rvce.edu.in', '9388245393', 1, 8),
('1RV16TC074', 'Lee Defouw', 'leedefouw.ee16@rvce.edu.in', '8772430537', 1, 6),
('1RV16TC077', 'Lucas Langhorn', 'lucaslanghorn.tc16@rvce.edu.in', '8363729660', 1, 12),
('1RV16TC078', 'Teri Vonderheide', 'terivonderheide.ei16@rvce.edu.in', '8878251636', 1, 8),
('1RV16TC079', 'Ellis Hickle', 'ellishickle.tc16@rvce.edu.in', '8400711185', 1, 12),
('1RV16TC080', 'Rozanne Geen', 'rozannegeen.tc16@rvce.edu.in', '9780149517', 3, 12),
('1RV16TC083', 'Elijah Kilmon', 'elijahkilmon.tc16@rvce.edu.in', '8357071338', 3, 12),
('1RV16TC084', 'Ellsworth Saleme', 'ellsworthsaleme.tc16@rvce.edu.in', '9923916199', 3, 12),
('1RV16TC086', 'Julianna Faull', 'juliannafaull.ie16@rvce.edu.in', '9498280015', 1, 9),
('1RV16TC089', 'Alona Heraty', 'alonaheraty.tc16@rvce.edu.in', '9894198853', 1, 12),
('1RV16TC091', 'Rebeca Feighner', 'rebecafeighner.ie16@rvce.edu.in', '9563530517', 1, 9),
('1RV16TC093', 'Billi Homme', 'billihomme.tc16@rvce.edu.in', '7953479873', 1, 12),
('1RV16TC097', 'Rena Mouw', 'renamouw.tc16@rvce.edu.in', '9391949618', 1, 12),
('1RV17AE017', 'Bertram Herrandez', 'bertramherrandez.ae17@rvce.edu.in', '8652900333', 3, 1),
('1RV17AE019', 'Almeta Altom', 'almetaaltom.ae17@rvce.edu.in', '8579077859', 1, 1),
('1RV17AE028', 'Matt Whiby', 'mattwhiby.ae17@rvce.edu.in', '8653449539', 1, 1),
('1RV17AE031', 'Elmer Epolito', 'elmerepolito.ae17@rvce.edu.in', '8387428123', 1, 1),
('1RV17AE032', 'Valentin Watt', 'valentinwatt.ae17@rvce.edu.in', '8866842359', 3, 1),
('1RV17AE037', 'Frankie Le', 'frankiele.ae17@rvce.edu.in', '9027565717', 3, 1),
('1RV17AE038', 'Ronald Mazzoni', 'ronaldmazzoni.ae17@rvce.edu.in', '9534713441', 1, 1),
('1RV17AE040', 'Hildegard Marrietta', 'hildegardmarrietta.ae17@rvce.edu.in', '9814131359', 1, 1),
('1RV17AE042', 'Aura Baumeister', 'aurabaumeister.ie16@rvce.edu.in', '9713817983', 1, 9),
('1RV17AE045', 'Melvin Budak', 'melvinbudak.ae17@rvce.edu.in', '8466838401', 1, 1),
('1RV17AE050', 'Luana Darkis', 'luanadarkis.is16@rvce.edu.in', '9044807797', 1, 10),
('1RV17AE052', 'Celsa Ciervo', 'celsaciervo.is16@rvce.edu.in', '9070184525', 1, 10),
('1RV17AE054', 'Raymond Angiolillo', 'raymondangiolillo.is16@rvce.edu.in', '8058975500', 1, 10),
('1RV17AE057', 'Ava Schaf', 'avaschaf.is16@rvce.edu.in', '9656440197', 1, 10),
('1RV17AE058', 'Tamesha Arietta', 'tameshaarietta.ae17@rvce.edu.in', '9861517814', 1, 1),
('1RV17AE068', 'Dana Scot', 'danascot@rvce.edu.in', '8160280696', 5, 14),
('1RV17AE072', 'Yaeko Jitchaku', 'yaekojitchaku.is16@rvce.edu.in', '7876405906', 1, 10),
('1RV17AE073', 'Kirby Deanne', 'kirbydeanne.ae17@rvce.edu.in', '7924278566', 1, 1),
('1RV17AE075', 'Joan Olivero', 'joanolivero.me16@rvce.edu.in', '9487193754', 1, 11),
('1RV17AE076', 'Veola Eshelman', 'veolaeshelman.ae17@rvce.edu.in', '9500401823', 1, 1),
('1RV17AE078', 'Micheal Rebold', 'michealrebold.ae17@rvce.edu.in', '9311271909', 3, 1),
('1RV17AE081', 'Suzie Pecha', 'suziepecha.bt17@rvce.edu.in', '8807135139', 1, 2),
('1RV17AE092', 'Raye Cade', 'rayecade.ae17@rvce.edu.in', '9073353183', 3, 1),
('1RV17AE096', 'Gloria Respess', 'gloriarespess.ch17@rvce.edu.in', '9186451216', 1, 3),
('1RV17BT011', 'Alethia Blatherwick', 'alethiablatherwick.bt17@rvce.edu.in', '7955517192', 1, 2),
('1RV17BT012', 'Zona Grabonski', 'zonagrabonski.ei16@rvce.edu.in', '8213185592', 1, 8),
('1RV17BT013', 'Teodora Pondexter', 'teodorapondexter.me16@rvce.edu.in', '9436216427', 1, 11),
('1RV17BT014', 'Mardell Vlasaty', 'mardellvlasaty.me16@rvce.edu.in', '8022487481', 1, 11),
('1RV17BT018', 'Thanh Lardieri', 'thanhlardieri.ae16@rvce.edu.in', '7868733217', 3, 1),
('1RV17BT022', 'Shin Grigaliunas', 'shingrigaliunas.me16@rvce.edu.in', '8767852355', 1, 11),
('1RV17BT023', 'Lavenia Kyler', 'laveniakyler.bt17@rvce.edu.in', '8417881475', 1, 2),
('1RV17BT026', 'Mi Isiordia', 'miisiordia.bt17@rvce.edu.in', '8632097832', 1, 2),
('1RV17BT031', 'Luana Darkis', 'luanadarkis.bt17@rvce.edu.in', '9958405716', 3, 2),
('1RV17BT032', 'Meggan Kekua', 'meggankekua.me16@rvce.edu.in', '8498908350', 1, 11),
('1RV17BT033', 'Curtis Hudnut', 'curtishudnut.bt17@rvce.edu.in', '7861987497', 1, 2),
('1RV17BT036', 'Herma Olde', 'hermaolde.bt17@rvce.edu.in', '8521417446', 1, 2),
('1RV17BT039', 'Carisa Backer', 'carisabacker.tc16@rvce.edu.in', '8817444235', 1, 12),
('1RV17BT040', 'Brandy Stemm', 'brandystemm.bt17@rvce.edu.in', '9476184343', 3, 2),
('1RV17BT042', 'Vida Shape', 'vidashape.bt17@rvce.edu.in', '9373753714', 1, 2),
('1RV17BT044', 'Marc Notari', 'marcnotari.bt17@rvce.edu.in', '8709046481', 3, 2),
('1RV17BT045', 'Valentina Wooters', 'valentinawooters.bt17@rvce.edu.in', '8460312874', 1, 2),
('1RV17BT046', 'Dale Beaucage', 'dalebeaucage.tc16@rvce.edu.in', '9989607194', 1, 12),
('1RV17BT047', 'Robert Wollyung', 'robertwollyung.bt17@rvce.edu.in', '9303649000', 1, 2),
('1RV17BT049', 'Nelia Leveston', 'nelialeveston.bt17@rvce.edu.in', '9739966523', 3, 2),
('1RV17BT052', 'Enda Wojtowich', 'endawojtowich.tc16@rvce.edu.in', '9063282519', 1, 12),
('1RV17BT057', 'Ken Canner', 'kencanner.tc16@rvce.edu.in', '8324725266', 1, 12),
('1RV17BT063', 'Elodia Haselhorst', 'elodiahaselhorst.bt17@rvce.edu.in', '7829017333', 1, 2),
('1RV17BT065', 'Alexandria Kerce', 'alexandriakerce.bt17@rvce.edu.in', '9175011062', 1, 2),
('1RV17BT066', 'Cristobal Brunzel', 'cristobalbrunzel.tc16@rvce.edu.in', '9527781068', 1, 12),
('1RV17BT068', 'Valentina Wooters', 'valentinawooters.tc16@rvce.edu.in', '9155098752', 1, 12),
('1RV17BT072', 'Maynard Mastriano', 'maynardmastriano.bt17@rvce.edu.in', '8374640892', 1, 2),
('1RV17BT074', 'Barbra Landrian', 'barbralandrian.bt17@rvce.edu.in', '8627869814', 1, 2),
('1RV17BT076', 'Iva Seavy', 'ivaseavy.bt17@rvce.edu.in', '8871974102', 1, 2),
('1RV17BT078', 'Milo Mehrtens', 'milomehrtens.bt17@rvce.edu.in', '8263187690', 1, 2),
('1RV17BT080', 'Aisha Legrant', 'aishalegrant.is16@rvce.edu.in', '8356449369', 1, 10),
('1RV17BT082', 'Randi Serrata', 'randiserrata.bt17@rvce.edu.in', '7872433728', 3, 2),
('1RV17BT085', 'Rheba Kempster', 'rhebakempster.bt17@rvce.edu.in', '9754236076', 3, 2),
('1RV17BT086', 'Melvina Stoia', 'melvinastoia.is16@rvce.edu.in', '8181683783', 1, 10),
('1RV17BT087', 'Tierra Soliman', 'tierrasoliman.tc16@rvce.edu.in', '8556366187', 1, 12),
('1RV17BT088', 'Flora Pomfret', 'florapomfret.bt17@rvce.edu.in', '7985916468', 1, 2),
('1RV17BT089', 'Dedra Kaup', 'dedrakaup.bt17@rvce.edu.in', '8616073098', 1, 2),
('1RV17BT090', 'Sun Scher', 'sunscher.bt17@rvce.edu.in', '8050151324', 3, 2),
('1RV17BT091', 'Sally Munford', 'sallymunford.bt17@rvce.edu.in', '9385647469', 1, 2),
('1RV17BT093', 'Georgia Teitel', 'georgiateitel.tc16@rvce.edu.in', '8798207957', 3, 12),
('1RV17BT095', 'Twanda Palay', 'twandapalay.bt17@rvce.edu.in', '8209245719', 1, 2),
('1RV17BT096', 'Angelique Sorrell', 'angeliquesorrell.bt17@rvce.edu.in', '8697985594', 3, 2),
('1RV17BT097', 'Ernestine Waldeck', 'ernestinewaldeck@rvce.edu.in', '8492909755', 2, 5),
('1RV17BT098', 'Mamie Vanzee', 'mamievanzee.me16@rvce.edu.in', '9065450670', 1, 11),
('1RV17CE011', 'Rosalinda Menesez', 'rosalindamenesez.ce17@rvce.edu.in', '8090175133', 3, 4),
('1RV17CE016', 'Shantel Corsino', 'shantelcorsino.me16@rvce.edu.in', '7920740342', 1, 11),
('1RV17CE018', 'Eunice Birdin', 'eunicebirdin.ce17@rvce.edu.in', '9854793767', 3, 4),
('1RV17CE020', 'Sibyl Grober', 'sibylgrober.ce17@rvce.edu.in', '8267490938', 3, 4),
('1RV17CE021', 'Jesse Armour', 'jessearmour.ce17@rvce.edu.in', '9437346931', 1, 4),
('1RV17CE026', 'Renay Didonatis', 'renaydidonatis.ce17@rvce.edu.in', '8965177880', 1, 4),
('1RV17CE027', 'Amber Moudry', 'ambermoudry.ce17@rvce.edu.in', '9899044044', 1, 4),
('1RV17CE028', 'Sammy Widmark', 'sammywidmark.ce17@rvce.edu.in', '9904448389', 3, 4),
('1RV17CE032', 'Major Weier', 'majorweier.ae16@rvce.edu.in', '9715899694', 3, 1),
('1RV17CE034', 'Francesco Mccaghren', 'francescomccaghren@rvce.edu.in', '8487882632', 4, 3),
('1RV17CE040', 'Andree Vasso', 'andreevasso.ae17@rvce.edu.in', '7881556131', 1, 1),
('1RV17CE041', 'Shonna Ricardez', 'shonnaricardez.ae17@rvce.edu.in', '9220662386', 1, 1),
('1RV17CE044', 'Myrl Goodknight', 'myrlgoodknight.ce17@rvce.edu.in', '8002595463', 1, 4),
('1RV17CE046', 'Kisha Milek', 'kishamilek.ce17@rvce.edu.in', '9873573042', 3, 4),
('1RV17CE055', 'Shayne Manygoats', 'shaynemanygoats.ce17@rvce.edu.in', '8834380015', 3, 4),
('1RV17CE059', 'Phyliss Krasley', 'phylisskrasley.ce17@rvce.edu.in', '9934165951', 1, 4),
('1RV17CE063', 'Nelia Leveston', 'nelialeveston.ce17@rvce.edu.in', '8895072648', 3, 4),
('1RV17CE070', 'Emil Notch', 'emilnotch.me16@rvce.edu.in', '8389594569', 1, 11),
('1RV17CE078', 'Julienne Skildum', 'julienneskildum.ce17@rvce.edu.in', '7902872560', 1, 4),
('1RV17CE083', 'Raylene Marcil', 'raylenemarcil.ae17@rvce.edu.in', '9234320067', 1, 1),
('1RV17CE086', 'Kamala Gabino', 'kamalagabino.bt17@rvce.edu.in', '9716325143', 3, 2),
('1RV17CE088', 'Dorine Falldorf', 'dorinefalldorf.ce17@rvce.edu.in', '9384495515', 1, 4),
('1RV17CE094', 'Mickey Petrey', 'mickeypetrey.ce17@rvce.edu.in', '9665968805', 1, 4),
('1RV17CE098', 'Cyril Prukop', 'cyrilprukop.me16@rvce.edu.in', '9275893716', 1, 11),
('1RV17CE099', 'Scot Schellermann', 'scotschellermann.ce17@rvce.edu.in', '9688164534', 1, 4),
('1RV17CH013', 'Kip Quarrell', 'kipquarrell.ae17@rvce.edu.in', '8553395806', 3, 1),
('1RV17CH014', 'Alvina Loofbourrow', 'alvinaloofbourrow.ch17@rvce.edu.in', '8193397965', 1, 3),
('1RV17CH018', 'Zetta Schooner', 'zettaschooner.ch17@rvce.edu.in', '8014779697', 1, 3),
('1RV17CH021', 'Vina Tindol', 'vinatindol.ch17@rvce.edu.in', '8556395516', 3, 3),
('1RV17CH023', 'Humberto Heng', 'humbertoheng.ch17@rvce.edu.in', '9915504217', 3, 3),
('1RV17CH024', 'Lauren Mangubat', 'laurenmangubat.bt17@rvce.edu.in', '8549410554', 3, 2),
('1RV17CH029', 'Dot Struss', 'dotstruss.ce17@rvce.edu.in', '8560264097', 3, 4),
('1RV17CH033', 'Margherita Amidon', 'margheritaamidon.ch17@rvce.edu.in', '8992631540', 1, 3),
('1RV17CH036', 'Bebe Rioz', 'beberioz.ch17@rvce.edu.in', '8488631442', 1, 3),
('1RV17CH038', 'Rima Lappe', 'rimalappe.ch17@rvce.edu.in', '8164360404', 1, 3),
('1RV17CH039', 'Lauri Merchant', 'laurimerchant.ch17@rvce.edu.in', '8648440632', 1, 3),
('1RV17CH041', 'Oren Needle', 'orenneedle.ce17@rvce.edu.in', '8723938519', 3, 4),
('1RV17CH043', 'Wonda Stufflebeam', 'wondastufflebeam.bt17@rvce.edu.in', '9725202401', 1, 2),
('1RV17CH046', 'Yvonne Sherry', 'yvonnesherry.ch17@rvce.edu.in', '9814247206', 1, 3),
('1RV17CH053', 'Dario Shemwell', 'darioshemwell.ch17@rvce.edu.in', '8680912348', 1, 3),
('1RV17CH057', 'Pat Yeisley', 'patyeisley.bt17@rvce.edu.in', '9227127335', 1, 2),
('1RV17CH059', 'Marni Holsey', 'marniholsey.ch17@rvce.edu.in', '8697509581', 1, 3),
('1RV17CH068', 'Angelina Rubens', 'angelinarubens.ch17@rvce.edu.in', '8500618961', 1, 3),
('1RV17CH069', 'Mistie Mcbeth', 'mistiemcbeth.ce17@rvce.edu.in', '8416654123', 3, 4),
('1RV17CH070', 'Lakisha Magouyrk', 'lakishamagouyrk.ch17@rvce.edu.in', '9423366390', 1, 3),
('1RV17CH072', 'Cristal Irey', 'cristalirey.bt17@rvce.edu.in', '9210158966', 1, 2),
('1RV17CH075', 'Reanna Manues', 'reannamanues.ch17@rvce.edu.in', '8337326616', 1, 3),
('1RV17CH082', 'Denny Luca', 'dennyluca.ch17@rvce.edu.in', '9285371329', 1, 3),
('1RV17CH083', 'Perry Tuer', 'perrytuer.ch17@rvce.edu.in', '7942355348', 1, 3),
('1RV17CH085', 'Nicky Sorrentino', 'nickysorrentino.ch17@rvce.edu.in', '8636599509', 3, 3),
('1RV17CH090', 'Genia Musselwhite', 'geniamusselwhite.bt17@rvce.edu.in', '9237556124', 1, 2),
('1RV17CH091', 'Oleta Visnic', 'oletavisnic.ch17@rvce.edu.in', '9350482170', 1, 3),
('1RV17CH092', 'Tamica Pasquarella', 'tamicapasquarella.bt17@rvce.edu.in', '9488266322', 1, 2),
('1RV17CH094', 'Avis Campbell', 'aviscampbell.ch17@rvce.edu.in', '8484679531', 1, 3),
('1RV17CH099', 'Arcelia Barlett', 'arceliabarlett.ch17@rvce.edu.in', '9709474043', 1, 3),
('1RV17CS010', 'Tegan Model', 'teganmodel.cs17@rvce.edu.in', '9266391796', 1, 5),
('1RV17CS011', 'Tracey Cantore', 'traceycantore.cs17@rvce.edu.in', '7953676096', 1, 5),
('1RV17CS019', 'Elisha Megan', 'elishamegan.cs17@rvce.edu.in', '8283153656', 1, 5),
('1RV17CS024', 'Alba Fortun', 'albafortun.cs17@rvce.edu.in', '8432237348', 3, 5),
('1RV17CS025', 'Maryanna Jelinek', 'maryannajelinek.ae17@rvce.edu.in', '8842899453', 1, 1),
('1RV17CS030', 'Jonell Fuhrmann', 'jonellfuhrmann.bt17@rvce.edu.in', '8313915509', 1, 2),
('1RV17CS033', 'Fran Kempe', 'frankempe.bt17@rvce.edu.in', '8848094120', 3, 2),
('1RV17CS038', 'Donette Abrell', 'donetteabrell.ch17@rvce.edu.in', '9537566953', 3, 3),
('1RV17CS045', 'Flor Lipski', 'florlipski.ae17@rvce.edu.in', '8395139986', 1, 1),
('1RV17CS051', 'Giuseppe Moultry', 'giuseppemoultry.cs17@rvce.edu.in', '9255275543', 3, 5),
('1RV17CS055', 'Youlanda Aler', 'youlandaaler.cs17@rvce.edu.in', '8147099285', 1, 5),
('1RV17CS057', 'Claude Andrzejczyk', 'claudeandrzejczyk@rvce.edu.in', '8607597904', 4, 6),
('1RV17CS061', 'Sirena Diego', 'sirenadiego.cs17@rvce.edu.in', '9013814408', 1, 5),
('1RV17CS066', 'Donte Munzell', 'dontemunzell.ce17@rvce.edu.in', '8062382472', 3, 4),
('1RV17CS069', 'Gwenda Darnley', 'gwendadarnley.bt17@rvce.edu.in', '9914309131', 1, 2),
('1RV17CS071', 'Ariel Foppiano', 'arielfoppiano.cs17@rvce.edu.in', '8616621201', 1, 5),
('1RV17CS072', 'Patsy Tighe', 'patsytighe.bt17@rvce.edu.in', '9350249014', 1, 2),
('1RV17CS075', 'Luna Stabb', 'lunastabb.cs17@rvce.edu.in', '9167547077', 1, 5),
('1RV17CS080', 'Ludie Pollo', 'ludiepollo.bt17@rvce.edu.in', '8631728886', 1, 2),
('1RV17CS090', 'Oleta Visnic', 'oletavisnic.ce17@rvce.edu.in', '8350258711', 1, 4),
('1RV17CS091', 'Elisha Bartoldus', 'elishabartoldus@rvce.edu.in', '9615684462', 2, 10),
('1RV17CS092', 'Valeria Liebert', 'valerialiebert.ce17@rvce.edu.in', '9229123472', 1, 4),
('1RV17CS095', 'Natashia Karmazyn', 'natashiakarmazyn.cs17@rvce.edu.in', '8578133945', 3, 5),
('1RV17EC011', 'Madonna Steever', 'madonnasteever.ec17@rvce.edu.in', '9951264338', 3, 7),
('1RV17EC015', 'Stacy Woolard', 'stacywoolard.ec17@rvce.edu.in', '9756979197', 1, 7),
('1RV17EC016', 'Alberta Byner', 'albertabyner.ce17@rvce.edu.in', '8170772441', 1, 4),
('1RV17EC020', 'Corinne Stailey', 'corinnestailey.ec17@rvce.edu.in', '7955885264', 1, 7),
('1RV17EC023', 'Melinda Macdougal', 'melindamacdougal.ec17@rvce.edu.in', '9466795061', 1, 7),
('1RV17EC028', 'Jacinda Melone', 'jacindamelone.cs17@rvce.edu.in', '9626031424', 3, 5),
('1RV17EC032', 'Columbus Amspaugh', 'columbusamspaugh.bt17@rvce.edu.in', '7954668592', 1, 2),
('1RV17EC041', 'Altha Gelber', 'althagelber.cs17@rvce.edu.in', '8848389771', 3, 5),
('1RV17EC044', 'Tisa Cockfield', 'tisacockfield.ec17@rvce.edu.in', '9264228915', 1, 7),
('1RV17EC046', 'Herminia Mczeal', 'herminiamczeal.cs17@rvce.edu.in', '9484272360', 3, 5),
('1RV17EC050', 'Bernardina Tottingham', 'bernardinatottingham@rvce.edu.in', '9648985693', 5, 13),
('1RV17EC059', 'Latarsha Hooey', 'latarshahooey@rvce.edu.in', '9913859023', 2, 9),
('1RV17EC066', 'Carlena Danson', 'carlenadanson.ec17@rvce.edu.in', '8268645700', 1, 7),
('1RV17EC067', 'Julissa Bartholf', 'julissabartholf.bt17@rvce.edu.in', '8970866329', 1, 2),
('1RV17EC068', 'Enola Kassem', 'enolakassem.ec17@rvce.edu.in', '9276355259', 1, 7),
('1RV17EC069', 'Ara Bolar', 'arabolar.ce17@rvce.edu.in', '7960590221', 1, 4),
('1RV17EC070', 'Caryn Stalberger', 'carynstalberger.cs17@rvce.edu.in', '9343086063', 3, 5),
('1RV17EC071', 'Pei Bleck', 'peibleck.ec17@rvce.edu.in', '9610528304', 1, 7),
('1RV17EC072', 'Luciano Sebert', 'lucianosebert.bt17@rvce.edu.in', '9501295739', 1, 2),
('1RV17EC073', 'Lauran Kilcher', 'laurankilcher.ec17@rvce.edu.in', '8745225905', 1, 7),
('1RV17EC075', 'Valencia Scandurra', 'valenciascandurra@rvce.edu.in', '9840808744', 5, 14),
('1RV17EC077', 'Edna Lemelin', 'ednalemelin.ch17@rvce.edu.in', '8276021988', 1, 3),
('1RV17EC080', 'Princess Abney', 'princessabney.bt17@rvce.edu.in', '9303435171', 1, 2),
('1RV17EC084', 'Viva Sternal', 'vivasternal@rvce.edu.in', '9688748061', 5, 13),
('1RV17EC085', 'Brad Reevers', 'bradreevers.ec17@rvce.edu.in', '8982396044', 3, 7),
('1RV17EC090', 'Barb Hustedt', 'barbhustedt.ce17@rvce.edu.in', '9886026811', 1, 4),
('1RV17EC093', 'Marilynn Fenelus', 'marilynnfenelus.ce17@rvce.edu.in', '7832849517', 1, 4),
('1RV17EC095', 'Rosana Wojciak', 'rosanawojciak.ce17@rvce.edu.in', '8700239393', 1, 4),
('1RV17EC099', 'Opal Heidebrecht', 'opalheidebrecht.ec17@rvce.edu.in', '9877572387', 1, 7),
('1RV17EE011', 'Margit Hullihen', 'margithullihen.ee17@rvce.edu.in', '8425309947', 1, 6),
('1RV17EE014', 'Galina Anderholm', 'galinaanderholm.ce17@rvce.edu.in', '9589081796', 1, 4),
('1RV17EE015', 'Samuel Nakama', 'samuelnakama.ee17@rvce.edu.in', '8860323079', 3, 6),
('1RV17EE017', 'Roman Spanswick', 'romanspanswick.ee17@rvce.edu.in', '8273429181', 1, 6),
('1RV17EE020', 'Vella Dugger', 'velladugger.ch17@rvce.edu.in', '9032898672', 1, 3),
('1RV17EE021', 'Novella Kleier', 'novellakleier@rvce.edu.in', '9238960165', 2, 3),
('1RV17EE022', 'Mervin Carthon', 'mervincarthon.ee17@rvce.edu.in', '9845425822', 3, 6),
('1RV17EE023', 'Bernadette Escovar', 'bernadetteescovar.ee17@rvce.edu.in', '8010640795', 1, 6),
('1RV17EE026', 'Chastity Wielgosz', 'chastitywielgosz.ch17@rvce.edu.in', '9142321304', 1, 3),
('1RV17EE037', 'Rich Kryston', 'richkryston.ee17@rvce.edu.in', '7861688145', 1, 6),
('1RV17EE045', 'Fae Hollander', 'faehollander.ch17@rvce.edu.in', '8271671170', 1, 3),
('1RV17EE054', 'Barney Marlowe', 'barneymarlowe.cs17@rvce.edu.in', '7991739744', 3, 5),
('1RV17EE063', 'Kellee Gartrell', 'kelleegartrell.ch17@rvce.edu.in', '9869911058', 1, 3),
('1RV17EE064', 'Manuela Fresh', 'manuelafresh.ee17@rvce.edu.in', '8873096988', 1, 6),
('1RV17EE065', 'Kenneth Bergner', 'kennethbergner.ch17@rvce.edu.in', '8508403534', 1, 3),
('1RV17EE070', 'Beryl Lebario', 'beryllebario.ee17@rvce.edu.in', '8190644214', 3, 6),
('1RV17EE072', 'Keneth Chittick', 'kenethchittick.ee17@rvce.edu.in', '7855860566', 1, 6),
('1RV17EE075', 'Calista Tornquist', 'calistatornquist.ee17@rvce.edu.in', '8104276003', 1, 6),
('1RV17EE076', 'Tiesha Leaks', 'tieshaleaks@rvce.edu.in', '9451378941', 5, 14),
('1RV17EE077', 'Darnell Pellin', 'darnellpellin.ec17@rvce.edu.in', '7987880449', 3, 7),
('1RV17EE081', 'Dyan Polisky', 'dyanpolisky.ee17@rvce.edu.in', '9735692116', 3, 6),
('1RV17EE087', 'Samuel Evenson', 'samuelevenson.cs17@rvce.edu.in', '8951217440', 1, 5),
('1RV17EE098', 'Brady Joiner', 'bradyjoiner.ch17@rvce.edu.in', '8444264828', 1, 3),
('1RV17EE099', 'Yanira Kercher', 'yanirakercher.ee17@rvce.edu.in', '8259298436', 3, 6),
('1RV17EI010', 'Jaimee Konik', 'jaimeekonik.ei17@rvce.edu.in', '9475571876', 1, 8),
('1RV17EI011', 'Esta Ownes', 'estaownes.ec17@rvce.edu.in', '7969212106', 3, 7),
('1RV17EI012', 'Tammara Lineweaver', 'tammaralineweaver.ei17@rvce.edu.in', '9652965621', 1, 8),
('1RV17EI014', 'Billy Caffarelli', 'billycaffarelli@rvce.edu.in', '9094950564', 2, 11),
('1RV17EI016', 'Williams Stoll', 'williamsstoll.cs17@rvce.edu.in', '9758791046', 1, 5),
('1RV17EI021', 'Mandi Loewenstein', 'mandiloewenstein.cs17@rvce.edu.in', '9494001090', 1, 5),
('1RV17EI023', 'Rachel Steenburg', 'rachelsteenburg.ei17@rvce.edu.in', '8717009855', 3, 8),
('1RV17EI024', 'Cierra Gyllensten', 'cierragyllensten@rvce.edu.in', '9875538626', 2, 10),
('1RV17EI032', 'Kendall Miko', 'kendallmiko.cs17@rvce.edu.in', '7972468965', 1, 5),
('1RV17EI033', 'Estell Rabren', 'estellrabren.ei17@rvce.edu.in', '9710849086', 3, 8),
('1RV17EI041', 'Alvaro Hooker', 'alvarohooker.ec17@rvce.edu.in', '9806088320', 3, 7),
('1RV17EI046', 'Curtis Sundt', 'curtissundt.ei17@rvce.edu.in', '7903449517', 1, 8),
('1RV17EI048', 'Latoya Duos', 'latoyaduos.ei17@rvce.edu.in', '8054625091', 1, 8),
('1RV17EI052', 'Loralee Slagel', 'loraleeslagel.ec17@rvce.edu.in', '8470857832', 1, 7),
('1RV17EI055', 'Jerald Carrilo', 'jeraldcarrilo.cs17@rvce.edu.in', '8147979401', 1, 5),
('1RV17EI058', 'Jasmin Walling', 'jasminwalling.ei17@rvce.edu.in', '9832731841', 1, 8),
('1RV17EI063', 'Tabatha Rodis', 'tabatharodis@rvce.edu.in', '8456299025', 5, 14),
('1RV17EI067', 'Maritza Soltani', 'maritzasoltani.cs17@rvce.edu.in', '8077415006', 1, 5),
('1RV17EI068', 'Rosalyn Butor', 'rosalynbutor.ec17@rvce.edu.in', '7922219164', 3, 7),
('1RV17EI077', 'Iliana Vecchia', 'ilianavecchia.ec17@rvce.edu.in', '8172030912', 3, 7),
('1RV17EI078', 'Brittanie Hallio', 'brittaniehallio.cs17@rvce.edu.in', '8340916401', 1, 5),
('1RV17EI080', 'Shawnta Lopiccolo', 'shawntalopiccolo.ei17@rvce.edu.in', '8414855263', 3, 8),
('1RV17EI082', 'Bonny Shirar', 'bonnyshirar.ei17@rvce.edu.in', '7998396298', 1, 8),
('1RV17EI083', 'Ai Therres', 'aitherres.ei17@rvce.edu.in', '9398572128', 1, 8),
('1RV17EI088', 'Carmen Petrecca', 'carmenpetrecca.ei17@rvce.edu.in', '9768945073', 1, 8),
('1RV17EI090', 'Isreal Tochterman', 'isrealtochterman.ec17@rvce.edu.in', '8905197033', 1, 7),
('1RV17EI091', 'Kathlyn Willits', 'kathlynwillits.ei17@rvce.edu.in', '9932819514', 1, 8),
('1RV17EI093', 'Lovie Muehlman', 'loviemuehlman@rvce.edu.in', '8098046616', 5, 13),
('1RV17EI095', 'Miss Weimar', 'missweimar.ei17@rvce.edu.in', '9629547359', 1, 8),
('1RV17IEM014', 'Willetta Feerst', 'willettafeerst.ee17@rvce.edu.in', '8559937908', 3, 6),
('1RV17IEM015', 'Teresa Wedd', 'teresawedd.iem17@rvce.edu.in', '8243086714', 1, 9),
('1RV17IEM019', 'Agustina Marcus', 'agustinamarcus.iem17@rvce.edu.in', '8211275947', 1, 9),
('1RV17IEM033', 'Emmitt Mccloud', 'emmittmccloud.iem17@rvce.edu.in', '9012705134', 1, 9),
('1RV17IEM035', 'Paulene Trimble', 'paulenetrimble.iem17@rvce.edu.in', '8292881817', 1, 9),
('1RV17IEM037', 'Temple Sobania', 'templesobania.iem17@rvce.edu.in', '9606418182', 3, 9),
('1RV17IEM038', 'Gene Maniatis', 'genemaniatis.ec17@rvce.edu.in', '9453534315', 1, 7),
('1RV17IEM039', 'Deangelo Hargrave', 'deangelohargrave.ec17@rvce.edu.in', '8204671344', 1, 7),
('1RV17IEM041', 'Laine Blogg', 'laineblogg.iem17@rvce.edu.in', '9180931861', 1, 9),
('1RV17IEM042', 'Ruthe Zirkles', 'ruthezirkles.iem17@rvce.edu.in', '8484791087', 1, 9),
('1RV17IEM048', 'Felecia Kotyk', 'feleciakotyk.iem17@rvce.edu.in', '9779978650', 1, 9),
('1RV17IEM052', 'Martin Ellington', 'martinellington.iem17@rvce.edu.in', '7974573132', 1, 9),
('1RV17IEM054', 'Brynn Taublee', 'brynntaublee.iem17@rvce.edu.in', '8539098625', 1, 9),
('1RV17IEM057', 'Emely Besso', 'emelybesso.ec17@rvce.edu.in', '9135981964', 1, 7),
('1RV17IEM059', 'Kristan Snide', 'kristansnide.ee17@rvce.edu.in', '9439067338', 3, 6),
('1RV17IEM061', 'Christopher Grossetete', 'christophergrossetete.ec17@rvce.edu.in', '8621487761', 1, 7),
('1RV17IEM063', 'Nisha Rectenwald', 'nisharectenwald.iem17@rvce.edu.in', '9402432499', 1, 9),
('1RV17IEM065', 'Yan Arcuo', 'yanarcuo.iem17@rvce.edu.in', '9470940564', 3, 9),
('1RV17IEM067', 'Delores Flusche', 'deloresflusche.ae17@rvce.edu.in', '9182011240', 1, 1),
('1RV17IEM068', 'Miguel Viano', 'miguelviano.iem17@rvce.edu.in', '9925854656', 1, 9),
('1RV17IEM069', 'Mariette Umstead', 'marietteumstead@rvce.edu.in', '8709822664', 4, 9),
('1RV17IEM070', 'Patience Gerbatz', 'patiencegerbatz.iem17@rvce.edu.in', '8574182803', 1, 9),
('1RV17IEM073', 'September Leblond', 'septemberleblond.iem17@rvce.edu.in', '9823033792', 1, 9),
('1RV17IEM074', 'Jeanne Fillare', 'jeannefillare.ee17@rvce.edu.in', '8858701471', 1, 6),
('1RV17IEM075', 'Robbi Texiera', 'robbitexiera.ee17@rvce.edu.in', '9552992815', 3, 6),
('1RV17IEM077', 'Tama Parler', 'tamaparler.ee17@rvce.edu.in', '9393190316', 3, 6),
('1RV17IEM079', 'Denis Wininger', 'deniswininger.iem17@rvce.edu.in', '9107097404', 1, 9),
('1RV17IEM083', 'Elton Plambeck', 'eltonplambeck.ee17@rvce.edu.in', '7925879004', 1, 6),
('1RV17IEM090', 'Keva Lamborne', 'kevalamborne.ec17@rvce.edu.in', '8585316184', 1, 7),
('1RV17IEM092', 'Avery Suga', 'averysuga.ee17@rvce.edu.in', '9466690899', 3, 6),
('1RV17IEM093', 'Sharron Koutz', 'sharronkoutz.iem17@rvce.edu.in', '7888040337', 1, 9),
('1RV17IEM094', 'Toni Duplesis', 'toniduplesis.iem17@rvce.edu.in', '7880907162', 1, 9),
('1RV17IEM099', 'Kaila Keeny', 'kailakeeny.ee17@rvce.edu.in', '9078831742', 1, 6),
('1RV17IS010', 'Ayesha Walzier', 'ayeshawalzier.is17@rvce.edu.in', '8348326806', 1, 10),
('1RV17IS021', 'Brian Rodeheaver', 'brianrodeheaver.is17@rvce.edu.in', '8357560865', 1, 10),
('1RV17IS025', 'Rosenda Linenberger', 'rosendalinenberger.is17@rvce.edu.in', '9834901598', 3, 10),
('1RV17IS026', 'Fredrick Hackworth', 'fredrickhackworth.ee17@rvce.edu.in', '9262317001', 1, 6),
('1RV17IS029', 'Larry Serna', 'larryserna.is17@rvce.edu.in', '9707294819', 3, 10),
('1RV17IS030', 'Terrence Broxterman', 'terrencebroxterman.is17@rvce.edu.in', '9394070093', 3, 10),
('1RV17IS031', 'Nathanial Fitzmier', 'nathanialfitzmier.is17@rvce.edu.in', '9443947007', 1, 10),
('1RV17IS033', 'Lashonda Gains', 'lashondagains.is17@rvce.edu.in', '9000424849', 3, 10),
('1RV17IS034', 'Adele Sandusky', 'adelesandusky.is17@rvce.edu.in', '9693461398', 1, 10),
('1RV17IS037', 'Layne Der', 'layneder@rvce.edu.in', '9921479612', 5, 14),
('1RV17IS043', 'Leilani Swee', 'leilaniswee.ei17@rvce.edu.in', '7967595874', 1, 8),
('1RV17IS045', 'Doyle Milland', 'doylemilland.ee17@rvce.edu.in', '8876117669', 1, 6),
('1RV17IS047', 'Kym Kolker', 'kymkolker@rvce.edu.in', '8684206132', 4, 2),
('1RV17IS048', 'Liane Pinero', 'lianepinero.is17@rvce.edu.in', '8820809020', 3, 10),
('1RV17IS053', 'Vicente Kovats', 'vicentekovats.is17@rvce.edu.in', '8563782366', 3, 10),
('1RV17IS071', 'Ned Nejaime', 'nednejaime.ei17@rvce.edu.in', '8012472233', 1, 8),
('1RV17IS073', 'Synthia Baires', 'synthiabaires@rvce.edu.in', '7932734139', 2, 12),
('1RV17IS076', 'Effie Allhands', 'effieallhands.is17@rvce.edu.in', '8394109691', 1, 10),
('1RV17IS082', 'Cordia Eckles', 'cordiaeckles.is17@rvce.edu.in', '7876064660', 1, 10),
('1RV17IS083', 'Lincoln Kofman', 'lincolnkofman.ee17@rvce.edu.in', '7837512367', 1, 6),
('1RV17IS085', 'Andrew Schudel', 'andrewschudel.is17@rvce.edu.in', '9566225849', 1, 10),
('1RV17IS088', 'Normand Beska', 'normandbeska@rvce.edu.in', '9063573414', 4, 3),
('1RV17IS099', 'Bryan Barkle', 'bryanbarkle.is17@rvce.edu.in', '9411623106', 1, 10),
('1RV17ME010', 'Jena Sisley', 'jenasisley.me17@rvce.edu.in', '9669316474', 1, 11),
('1RV17ME011', 'Louis Trayer', 'louistrayer.ee17@rvce.edu.in', '9404533379', 3, 6),
('1RV17ME012', 'Eusebio Guinasso', 'eusebioguinasso.me17@rvce.edu.in', '8557743117', 1, 11),
('1RV17ME015', 'Deeanna Oehl', 'deeannaoehl.ei17@rvce.edu.in', '8847333511', 1, 8),
('1RV17ME018', 'Inga Fewell', 'ingafewell.ee17@rvce.edu.in', '9501917277', 3, 6),
('1RV17ME025', 'Juan Serviss', 'juanserviss.me17@rvce.edu.in', '9619717513', 1, 11),
('1RV17ME026', 'Leatrice Hatstat', 'leatricehatstat.ei17@rvce.edu.in', '7834977687', 1, 8),
('1RV17ME034', 'Emile Mcchain', 'emilemcchain.me17@rvce.edu.in', '8094431416', 3, 11),
('1RV17ME035', 'Charlesetta Boey', 'charlesettaboey.me17@rvce.edu.in', '8104513311', 1, 11);
INSERT INTO `member` (`ID`, `Name`, `EmailID`, `PhoneNo`, `Type`, `DNumber`) VALUES
('1RV17ME037', 'Krystle Muysenberg', 'krystlemuysenberg.me17@rvce.edu.in', '8346392113', 1, 11),
('1RV17ME042', 'Shaunte Canterberry', 'shauntecanterberry.me17@rvce.edu.in', '9801618544', 1, 11),
('1RV17ME043', 'Nicky Messer', 'nickymesser.ei17@rvce.edu.in', '8037430858', 1, 8),
('1RV17ME045', 'Corliss Atcher', 'corlissatcher@rvce.edu.in', '8705014526', 5, 14),
('1RV17ME051', 'Carlita Buchanon', 'carlitabuchanon.me17@rvce.edu.in', '9316977600', 1, 11),
('1RV17ME057', 'Raguel Keisler', 'raguelkeisler.ei17@rvce.edu.in', '8486294439', 1, 8),
('1RV17ME063', 'Wilfred Oppel', 'wilfredoppel@rvce.edu.in', '8204339658', 5, 14),
('1RV17ME067', 'Shana Foutz', 'shanafoutz.ei17@rvce.edu.in', '8347864481', 1, 8),
('1RV17ME068', 'Allyson Rothstein', 'allysonrothstein.me17@rvce.edu.in', '9359027995', 1, 11),
('1RV17ME070', 'Gerry Buehl', 'gerrybuehl.ee17@rvce.edu.in', '9990931835', 3, 6),
('1RV17ME071', 'Kristyn Izak', 'kristynizak.me17@rvce.edu.in', '9335847940', 1, 11),
('1RV17ME075', 'Charlette Penale', 'charlettepenale.me17@rvce.edu.in', '8015599495', 1, 11),
('1RV17ME079', 'Heidi Kinsolving', 'heidikinsolving.me17@rvce.edu.in', '8513702663', 1, 11),
('1RV17ME082', 'Lonnie Dirienzo', 'lonniedirienzo.me17@rvce.edu.in', '8359701835', 1, 11),
('1RV17ME083', 'Rutha Osendorf', 'ruthaosendorf.me17@rvce.edu.in', '9976072381', 3, 11),
('1RV17ME093', 'Vergie Cedeno', 'vergiecedeno.me17@rvce.edu.in', '8024397083', 1, 11),
('1RV17ME096', 'Robbi Texiera', 'robbitexiera.me17@rvce.edu.in', '9908699297', 1, 11),
('1RV17ME099', 'Eve Beyda', 'evebeyda.ei17@rvce.edu.in', '9731842902', 1, 8),
('1RV17TC012', 'Daphne Benallie', 'daphnebenallie.ei17@rvce.edu.in', '9718699986', 1, 8),
('1RV17TC025', 'Kecia Delgenio', 'keciadelgenio.ei17@rvce.edu.in', '8747038338', 3, 8),
('1RV17TC028', 'Delena Cusatis', 'delenacusatis.ei17@rvce.edu.in', '9711399719', 1, 8),
('1RV17TC029', 'Marty Vandiver', 'martyvandiver@rvce.edu.in', '9702711492', 2, 10),
('1RV17TC030', 'Valery Bleak', 'valerybleak.tc17@rvce.edu.in', '8234878620', 1, 12),
('1RV17TC034', 'Elaina Weissbrodt', 'elainaweissbrodt.ei17@rvce.edu.in', '9896258315', 1, 8),
('1RV17TC040', 'Manie Briscoe', 'maniebriscoe.ei17@rvce.edu.in', '9509983789', 1, 8),
('1RV17TC045', 'Roscoe Dassow', 'roscoedassow.ei17@rvce.edu.in', '8312575151', 3, 8),
('1RV17TC054', 'Edgardo Redler', 'edgardoredler.ie17@rvce.edu.in', '9473970256', 3, 9),
('1RV17TC055', 'Jackelyn Scrimpsher', 'jackelynscrimpsher.ei17@rvce.edu.in', '7874365263', 3, 8),
('1RV17TC056', 'Palma Hiltunen', 'palmahiltunen.ie17@rvce.edu.in', '8296857041', 1, 9),
('1RV17TC057', 'Josette Octave', 'josetteoctave.tc17@rvce.edu.in', '8385629288', 1, 12),
('1RV17TC062', 'Mercedes Pabelick', 'mercedespabelick.tc17@rvce.edu.in', '8358304338', 3, 12),
('1RV17TC065', 'Sean Jordahl', 'seanjordahl@rvce.edu.in', '8100004143', 5, 14),
('1RV17TC078', 'Kathern Harre', 'kathernharre.tc17@rvce.edu.in', '9282824815', 1, 12),
('1RV17TC082', 'Elaina Weissbrodt', 'elainaweissbrodt.tc17@rvce.edu.in', '8011650147', 3, 12),
('1RV17TC083', 'Judson Salley', 'judsonsalley.tc17@rvce.edu.in', '8496961031', 1, 12),
('1RV17TC098', 'Eugenie Cavin', 'eugeniecavin.tc17@rvce.edu.in', '8415469740', 3, 12);

-- --------------------------------------------------------

--
-- Table structure for table `memberattendance`
--

CREATE TABLE IF NOT EXISTS `memberattendance` (
  `MemberID` varchar(12) NOT NULL,
  `Date` date NOT NULL,
  `Attendance` char(1) DEFAULT NULL
) ENGINE=InnoDB DEFAULT CHARSET=latin1;

--
-- Dumping data for table `memberattendance`
--

INSERT INTO `memberattendance` (`MemberID`, `Date`, `Attendance`) VALUES
('10N6130', '2018-05-03', 'Y'),
('10N7426', '2018-05-03', 'Y'),
('10N9503', '2018-05-03', 'Y'),
('10T1443', '2018-05-03', 'Y'),
('10T2082', '2018-05-03', 'Y'),
('10T3067', '2018-05-03', 'Y'),
('10T3332', '2018-05-03', 'Y'),
('10T3483', '2018-05-03', 'Y'),
('10T3968', '2018-05-03', 'Y'),
('10T5639', '2018-05-03', 'Y'),
('10T6768', '2018-05-03', 'Y'),
('10T8036', '2018-05-03', 'Y'),
('10T8692', '2018-05-03', 'Y'),
('10T9817', '2018-05-03', 'Y'),
('11N5648', '2018-05-03', 'Y'),
('11N9501', '2018-05-03', 'Y'),
('11T1621', '2018-05-03', 'Y'),
('11T2475', '2018-05-03', 'Y'),
('11T3312', '2018-05-03', 'Y'),
('11T3442', '2018-05-03', 'Y'),
('11T3564', '2018-05-03', 'Y'),
('11T3722', '2018-05-03', 'Y'),
('11T3795', '2018-05-03', 'Y'),
('11T4371', '2018-05-03', 'Y'),
('11T4380', '2018-05-03', 'Y'),
('11T6036', '2018-05-03', 'N'),
('11T7798', '2018-05-03', 'Y'),
('11T7800', '2018-05-03', 'Y'),
('11T8722', '2018-05-03', 'Y'),
('11T9527', '2018-05-03', 'N'),
('12N3753', '2018-05-03', 'Y'),
('12N6861', '2018-05-03', 'N'),
('12N7414', '2018-05-03', 'Y'),
('12N7722', '2018-05-03', 'Y'),
('12N7809', '2018-05-03', 'Y'),
('12N8624', '2018-05-03', 'Y'),
('12T2553', '2018-05-03', 'Y'),
('12T2990', '2018-05-03', 'Y'),
('12T3171', '2018-05-03', 'Y'),
('12T3588', '2018-05-03', 'Y'),
('12T3599', '2018-05-03', 'Y'),
('12T3973', '2018-05-03', 'Y'),
('12T5757', '2018-05-03', 'Y'),
('12T6590', '2018-05-03', 'Y'),
('12T7759', '2018-05-03', 'Y'),
('12T8908', '2018-05-03', 'Y'),
('13N1488', '2018-05-03', 'Y'),
('13N4090', '2018-05-03', 'Y'),
('13N4249', '2018-05-03', 'Y'),
('13N5042', '2018-05-03', 'Y'),
('13N5672', '2018-05-03', 'Y'),
('13N5726', '2018-05-03', 'Y'),
('13N8576', '2018-05-03', 'Y'),
('13N9270', '2018-05-03', 'Y'),
('13N9466', '2018-05-03', 'Y'),
('13T1110', '2018-05-03', 'Y'),
('13T1218', '2018-05-03', 'Y'),
('13T2030', '2018-05-03', 'Y'),
('13T3381', '2018-05-03', 'Y'),
('13T5151', '2018-05-03', 'Y'),
('13T6318', '2018-05-03', 'Y'),
('13T6494', '2018-05-03', 'Y'),
('13T6497', '2018-05-03', 'Y'),
('13T6987', '2018-05-03', 'Y'),
('13T7207', '2018-05-03', 'Y'),
('13T8647', '2018-05-03', 'Y'),
('13T8967', '2018-05-03', 'Y'),
('14N2293', '2018-04-16', 'N'),
('14N2293', '2018-05-03', 'Y'),
('14N2977', '2018-05-03', 'Y'),
('14N3371', '2018-05-03', 'Y'),
('14N3631', '2018-05-03', 'Y'),
('14N4312', '2018-05-03', 'Y'),
('14N6452', '2018-05-03', 'Y'),
('14N7392', '2018-05-03', 'Y'),
('14N7782', '2018-05-03', 'Y'),
('14N9218', '2018-05-03', 'Y'),
('14T1711', '2018-05-03', 'Y'),
('14T2025', '2018-05-03', 'Y'),
('14T2416', '2018-05-03', 'Y'),
('14T3204', '2018-05-03', 'Y'),
('14T3359', '2018-05-03', 'Y'),
('14T3990', '2018-05-03', 'Y'),
('14T4834', '2018-05-03', 'Y'),
('14T7187', '2018-05-03', 'Y'),
('14T7670', '2018-05-03', 'Y'),
('14T8280', '2018-05-03', 'Y'),
('14T8501', '2018-04-16', 'N'),
('14T8501', '2018-05-03', 'Y'),
('14T8902', '2018-04-16', 'Y'),
('14T8902', '2018-05-03', 'Y'),
('14T9577', '2018-05-03', 'Y'),
('14T9683', '2018-05-03', 'Y'),
('14T9712', '2018-04-16', 'Y'),
('14T9712', '2018-05-03', 'Y'),
('15N1839', '2018-05-03', 'Y'),
('15N3433', '2018-05-03', 'Y'),
('15N4200', '2018-05-03', 'Y'),
('15N8718', '2018-05-03', 'Y'),
('15T3142', '2018-05-03', 'Y'),
('15T4387', '2018-05-03', 'Y'),
('15T5995', '2018-05-03', 'Y'),
('15T6657', '2018-05-03', 'Y'),
('15T6887', '2018-05-03', 'Y'),
('15T7073', '2018-05-03', 'Y'),
('16N1436', '2018-04-16', 'N'),
('16N4631', '2018-05-03', 'Y'),
('16T1359', '2018-04-16', 'N'),
('16T2945', '2018-05-03', 'Y'),
('16T4086', '2018-04-16', 'N'),
('16T4268', '2018-05-03', 'Y'),
('16T5715', '2018-05-03', 'Y'),
('16T7926', '2018-05-03', 'Y'),
('17N5664', '2018-05-03', 'Y'),
('17N8772', '2018-05-03', 'Y'),
('17T3749', '2018-05-03', 'Y'),
('17T5391', '2018-05-03', 'N'),
('1RV14AE015', '2018-05-03', 'Y'),
('1RV14AE020', '2018-05-03', 'Y'),
('1RV14AE025', '2018-05-03', 'N'),
('1RV14AE035', '2018-05-03', 'Y'),
('1RV14AE039', '2018-05-03', 'Y'),
('1RV14AE040', '2018-05-03', 'Y'),
('1RV14AE070', '2018-05-03', 'Y'),
('1RV14AE071', '2018-05-03', 'Y'),
('1RV14BT012', '2018-05-03', 'Y'),
('1RV14BT013', '2018-05-03', 'Y'),
('1RV14BT021', '2018-05-03', 'N'),
('1RV14BT025', '2018-05-03', 'Y'),
('1RV14BT027', '2018-05-03', 'Y'),
('1RV14BT032', '2018-05-03', 'N'),
('1RV14BT034', '2018-05-03', 'Y'),
('1RV14BT040', '2018-05-03', 'Y'),
('1RV14BT044', '2018-05-03', 'Y'),
('1RV14BT048', '2018-05-03', 'N'),
('1RV14BT055', '2018-05-03', 'Y'),
('1RV14BT056', '2018-05-03', 'Y'),
('1RV14BT057', '2018-05-03', 'Y'),
('1RV14BT062', '2018-05-03', 'Y'),
('1RV14BT066', '2018-05-03', 'Y'),
('1RV14BT079', '2018-05-03', 'Y'),
('1RV14BT082', '2018-05-03', 'Y'),
('1RV14BT085', '2018-05-03', 'Y'),
('1RV14BT087', '2018-05-03', 'Y'),
('1RV14BT097', '2018-05-03', 'Y'),
('1RV14CE017', '2018-05-03', 'Y'),
('1RV14CE018', '2018-05-03', 'Y'),
('1RV14CE034', '2018-05-03', 'Y'),
('1RV14CE040', '2018-05-03', 'N'),
('1RV14CE049', '2018-05-03', 'Y'),
('1RV14CE062', '2018-05-03', 'Y'),
('1RV14CE083', '2018-05-03', 'Y'),
('1RV14CE086', '2018-05-03', 'Y'),
('1RV14CE089', '2018-05-03', 'Y'),
('1RV14CE090', '2018-05-03', 'Y'),
('1RV14CE092', '2018-05-03', 'N'),
('1RV14CE094', '2018-05-03', 'Y'),
('1RV14CH019', '2018-05-03', 'Y'),
('1RV14CH024', '2018-05-03', 'Y'),
('1RV14CH056', '2018-05-03', 'Y'),
('1RV14CH059', '2018-05-03', 'Y'),
('1RV14CH061', '2018-05-03', 'N'),
('1RV14CH073', '2018-05-03', 'Y'),
('1RV14CH086', '2018-05-03', 'Y'),
('1RV14CH087', '2018-05-03', 'Y'),
('1RV14CS015', '2018-05-03', 'N'),
('1RV14CS019', '2018-05-03', 'Y'),
('1RV14CS020', '2018-05-03', 'Y'),
('1RV14CS028', '2018-05-03', 'Y'),
('1RV14CS031', '2018-05-03', 'Y'),
('1RV14CS036', '2018-05-03', 'Y'),
('1RV14CS038', '2018-05-03', 'Y'),
('1RV14CS040', '2018-05-03', 'Y'),
('1RV14CS053', '2018-05-03', 'Y'),
('1RV14CS057', '2018-05-03', 'Y'),
('1RV14CS058', '2018-05-03', 'Y'),
('1RV14CS061', '2018-05-03', 'Y'),
('1RV14CS069', '2018-05-03', 'Y'),
('1RV14CS080', '2018-05-03', 'Y'),
('1RV14CS084', '2018-05-03', 'Y'),
('1RV14CS089', '2018-05-03', 'Y'),
('1RV14CS092', '2018-05-03', 'Y'),
('1RV14EC013', '2018-05-03', 'Y'),
('1RV14EC023', '2018-05-03', 'Y'),
('1RV14EC033', '2018-05-03', 'Y'),
('1RV14EC036', '2018-05-03', 'Y'),
('1RV14EC039', '2018-05-03', 'Y'),
('1RV14EC041', '2018-05-03', 'Y'),
('1RV14EC042', '2018-05-03', 'Y'),
('1RV14EC068', '2018-05-03', 'Y'),
('1RV14EC081', '2018-05-03', 'Y'),
('1RV14EC084', '2018-05-03', 'Y'),
('1RV14EC091', '2018-05-03', 'Y'),
('1RV14EC096', '2018-05-03', 'Y'),
('1RV14EC097', '2018-05-03', 'Y'),
('1RV14EE014', '2018-05-03', 'Y'),
('1RV14EE028', '2018-05-03', 'Y'),
('1RV14EE031', '2018-05-03', 'Y'),
('1RV14EE042', '2018-05-03', 'Y'),
('1RV14EE044', '2018-05-03', 'N'),
('1RV14EE050', '2018-05-03', 'Y'),
('1RV14EE058', '2018-05-03', 'Y'),
('1RV14EE060', '2018-05-03', 'N'),
('1RV14EE069', '2018-05-03', 'Y'),
('1RV14EE093', '2018-05-03', 'Y'),
('1RV14EI010', '2018-05-03', 'Y'),
('1RV14EI014', '2018-05-03', 'Y'),
('1RV14EI027', '2018-05-03', 'Y'),
('1RV14EI041', '2018-05-03', 'Y'),
('1RV14EI042', '2018-05-03', 'Y'),
('1RV14EI054', '2018-05-03', 'Y'),
('1RV14EI058', '2018-05-03', 'Y'),
('1RV14EI072', '2018-05-03', 'Y'),
('1RV14EI087', '2018-05-03', 'Y'),
('1RV14EI094', '2018-05-03', 'Y'),
('1RV14EI098', '2018-05-03', 'Y'),
('1RV14EI099', '2018-05-03', 'N'),
('1RV14IEM015', '2018-05-03', 'Y'),
('1RV14IEM016', '2018-05-03', 'Y'),
('1RV14IEM021', '2018-05-03', 'Y'),
('1RV14IEM027', '2018-05-03', 'Y'),
('1RV14IEM030', '2018-05-03', 'Y'),
('1RV14IEM046', '2018-05-03', 'Y'),
('1RV14IEM049', '2018-05-03', 'Y'),
('1RV14IEM053', '2018-05-03', 'Y'),
('1RV14IEM057', '2018-05-03', 'Y'),
('1RV14IEM059', '2018-05-03', 'Y'),
('1RV14IEM064', '2018-05-03', 'Y'),
('1RV14IEM068', '2018-05-03', 'Y'),
('1RV14IEM069', '2018-05-03', 'Y'),
('1RV14IEM080', '2018-05-03', 'Y'),
('1RV14IEM084', '2018-05-03', 'Y'),
('1RV14IEM090', '2018-05-03', 'Y'),
('1RV14IS021', '2018-05-03', 'Y'),
('1RV14IS032', '2018-05-03', 'Y'),
('1RV14IS039', '2018-05-03', 'Y'),
('1RV14IS049', '2018-05-03', 'Y'),
('1RV14IS056', '2018-05-03', 'Y'),
('1RV14IS060', '2018-05-03', 'Y'),
('1RV14IS085', '2018-05-03', 'Y'),
('1RV14IS092', '2018-05-03', 'Y'),
('1RV14IS094', '2018-05-03', 'Y'),
('1RV14ME021', '2018-05-03', 'Y'),
('1RV14ME022', '2018-05-03', 'Y'),
('1RV14ME031', '2018-05-03', 'Y'),
('1RV14ME034', '2018-05-03', 'Y'),
('1RV14ME038', '2018-05-03', 'Y'),
('1RV14ME051', '2018-05-03', 'Y'),
('1RV14ME059', '2018-05-03', 'Y'),
('1RV14ME067', '2018-05-03', 'Y'),
('1RV14ME076', '2018-05-03', 'Y'),
('1RV14ME079', '2018-05-03', 'Y'),
('1RV14ME083', '2018-05-03', 'Y'),
('1RV14ME097', '2018-05-03', 'Y'),
('1RV14TC017', '2018-05-03', 'Y'),
('1RV14TC021', '2018-05-03', 'Y'),
('1RV14TC035', '2018-05-03', 'Y'),
('1RV14TC036', '2018-05-03', 'Y'),
('1RV14TC040', '2018-05-03', 'Y'),
('1RV14TC058', '2018-05-03', 'Y'),
('1RV14TC066', '2018-05-03', 'Y'),
('1RV14TC068', '2018-05-03', 'Y'),
('1RV14TC086', '2018-05-03', 'N'),
('1RV14TC088', '2018-05-03', 'Y'),
('1RV14TC089', '2018-05-03', 'Y'),
('1RV14TC094', '2018-05-03', 'Y'),
('1RV15AE014', '2018-05-03', 'Y'),
('1RV15AE016', '2018-05-03', 'Y'),
('1RV15AE021', '2018-05-03', 'Y'),
('1RV15AE022', '2018-05-03', 'Y'),
('1RV15AE025', '2018-05-03', 'Y'),
('1RV15AE026', '2018-05-03', 'Y'),
('1RV15AE028', '2018-04-16', 'Y'),
('1RV15AE028', '2018-05-03', 'Y'),
('1RV15AE051', '2018-04-16', 'N'),
('1RV15AE052', '2018-05-03', 'N'),
('1RV15AE060', '2018-05-03', 'Y'),
('1RV15AE061', '2018-05-03', 'Y'),
('1RV15BT024', '2018-05-03', 'Y'),
('1RV15BT031', '2018-05-03', 'Y'),
('1RV15BT034', '2018-05-03', 'Y'),
('1RV15BT038', '2018-05-03', 'Y'),
('1RV15BT045', '2018-05-03', 'Y'),
('1RV15BT052', '2018-05-03', 'Y'),
('1RV15BT062', '2018-05-03', 'Y'),
('1RV15BT063', '2018-05-03', 'Y'),
('1RV15BT064', '2018-05-03', 'Y'),
('1RV15BT074', '2018-05-03', 'Y'),
('1RV15BT075', '2018-05-03', 'N'),
('1RV15BT076', '2018-05-03', 'Y'),
('1RV15BT081', '2018-05-03', 'N'),
('1RV15BT083', '2018-05-03', 'Y'),
('1RV15BT085', '2018-05-03', 'Y'),
('1RV15BT087', '2018-05-03', 'N'),
('1RV15BT092', '2018-05-03', 'Y'),
('1RV15BT093', '2018-05-03', 'Y'),
('1RV15BT095', '2018-05-03', 'Y'),
('1RV15BT097', '2018-05-03', 'Y'),
('1RV15BT098', '2018-05-03', 'Y'),
('1RV15BT099', '2018-05-03', 'Y'),
('1RV15CE033', '2018-05-03', 'Y'),
('1RV15CE035', '2018-05-03', 'Y'),
('1RV15CE039', '2018-05-03', 'Y'),
('1RV15CE047', '2018-05-03', 'Y'),
('1RV15CE051', '2018-05-03', 'N'),
('1RV15CE055', '2018-05-03', 'Y'),
('1RV15CE056', '2018-05-03', 'Y'),
('1RV15CE086', '2018-05-03', 'Y'),
('1RV15CE090', '2018-05-03', 'Y'),
('1RV15CH013', '2018-05-03', 'N'),
('1RV15CH015', '2018-05-03', 'Y'),
('1RV15CH016', '2018-05-03', 'Y'),
('1RV15CH019', '2018-05-03', 'Y'),
('1RV15CH021', '2018-05-03', 'Y'),
('1RV15CH022', '2018-05-03', 'Y'),
('1RV15CH023', '2018-05-03', 'Y'),
('1RV15CH038', '2018-05-03', 'N'),
('1RV15CH039', '2018-05-03', 'Y'),
('1RV15CH043', '2018-05-03', 'Y'),
('1RV15CH050', '2018-05-03', 'Y'),
('1RV15CH052', '2018-05-03', 'Y'),
('1RV15CH055', '2018-05-03', 'Y'),
('1RV15CH061', '2018-05-03', 'Y'),
('1RV15CH064', '2018-05-03', 'Y'),
('1RV15CH076', '2018-05-03', 'Y'),
('1RV15CH079', '2018-04-16', 'N'),
('1RV15CH079', '2018-05-03', 'Y'),
('1RV15CH091', '2018-05-03', 'N'),
('1RV15CS010', '2018-05-03', 'N'),
('1RV15CS015', '2018-05-03', 'Y'),
('1RV15CS021', '2018-05-03', 'Y'),
('1RV15CS029', '2018-05-03', 'Y'),
('1RV15CS032', '2018-04-16', 'N'),
('1RV15CS042', '2018-05-03', 'Y'),
('1RV15CS052', '2018-04-16', 'N'),
('1RV15CS052', '2018-05-03', 'Y'),
('1RV15CS068', '2018-05-03', 'Y'),
('1RV15CS071', '2018-05-03', 'Y'),
('1RV15CS080', '2018-04-16', 'N'),
('1RV15CS080', '2018-05-03', 'Y'),
('1RV15CS086', '2018-04-16', 'N'),
('1RV15CS086', '2018-05-03', 'Y'),
('1RV15CS089', '2018-05-03', 'Y'),
('1RV15CS092', '2018-04-16', 'N'),
('1RV15CS092', '2018-05-03', 'Y'),
('1RV15CS093', '2018-05-03', 'Y'),
('1RV15CS099', '2018-05-03', 'Y'),
('1RV15EC016', '2018-05-03', 'Y'),
('1RV15EC017', '2018-05-03', 'Y'),
('1RV15EC033', '2018-05-03', 'N'),
('1RV15EC034', '2018-05-03', 'Y'),
('1RV15EC038', '2018-05-03', 'Y'),
('1RV15EC052', '2018-05-03', 'Y'),
('1RV15EC081', '2018-05-03', 'Y'),
('1RV15EC097', '2018-05-03', 'Y'),
('1RV15EE018', '2018-05-03', 'Y'),
('1RV15EI062', '2018-04-16', 'N'),
('1RV15IEM068', '2018-04-16', 'N'),
('1RV15IS009', '2018-05-01', 'Y'),
('1RV15IS009', '2018-05-06', 'Y'),
('1RV15IS041', '2018-05-01', 'Y'),
('1RV15IS041', '2018-05-06', 'N'),
('1RV15IS074', '2018-04-16', 'N'),
('1RV15ME026', '2018-04-16', 'N'),
('1RV16AE022', '2018-04-16', 'N'),
('1RV16BT068', '2018-04-16', 'N'),
('1RV16CE012', '2018-04-16', 'N'),
('1RV16CE080', '2018-04-16', 'N'),
('1RV16CH020', '2018-04-16', 'N'),
('1RV16CH052', '2018-04-16', 'N'),
('1RV16CH060', '2018-04-16', 'N'),
('1RV16CS077', '2018-04-16', 'N'),
('1RV16EC052', '2018-04-16', 'N'),
('1RV16EC077', '2018-04-16', 'N'),
('1RV16EE069', '2018-04-16', 'N'),
('1RV16EE085', '2018-04-16', 'N'),
('1RV16EI023', '2018-04-16', 'N'),
('1RV16EI028', '2018-04-16', 'N'),
('1RV16EI074', '2018-04-16', 'N'),
('1RV16EI076', '2018-04-16', 'N'),
('1RV16IEM093', '2018-04-16', 'N'),
('1RV16IS026', '2018-04-16', 'N'),
('1RV16IS038', '2018-04-16', 'N'),
('1RV16ME076', '2018-04-16', 'N'),
('1RV17AE068', '2018-04-16', 'N');

-- --------------------------------------------------------

--
-- Table structure for table `parkinglot`
--

CREATE TABLE IF NOT EXISTS `parkinglot` (
  `ParkingAreaID` int(11) NOT NULL,
  `ParkingAreaName` varchar(15) DEFAULT NULL,
  `2WS` int(11) DEFAULT NULL,
  `2WF` int(11) DEFAULT NULL,
  `2WH` int(11) DEFAULT NULL,
  `4WS` int(11) DEFAULT NULL,
  `4WF` int(11) DEFAULT NULL,
  `4WH` int(11) DEFAULT NULL
) ENGINE=InnoDB DEFAULT CHARSET=latin1;

--
-- Dumping data for table `parkinglot`
--

INSERT INTO `parkinglot` (`ParkingAreaID`, `ParkingAreaName`, `2WS`, `2WF`, `2WH`, `4WS`, `4WF`, `4WH`) VALUES
(1, 'Bank Parking', 50, 50, 0, 10, 10, 0),
(2, 'EC Parking', 0, 20, 0, 0, 0, 0),
(3, 'CS Parking', 50, 20, 0, 0, 4, 0),
(4, 'TC Parking', 50, 20, 0, 10, 5, 0),
(5, 'Cognitive', 10, 20, 0, 0, 5, 0),
(6, 'IS Parking', 0, 10, 0, 0, 10, 0),
(7, 'FoodCourt', 100, 100, 0, 50, 50, 0),
(8, 'Shelter', 150, 150, 0, 20, 20, 0),
(9, 'IEM parking', 50, 20, 0, 0, 0, 0),
(10, 'ME parking', 50, 20, 0, 0, 0, 0),
(11, 'Vishweshwaria', 0, 0, 80, 0, 0, 40),
(12, 'New Cauvery', 0, 0, 200, 0, 0, 100);

-- --------------------------------------------------------

--
-- Table structure for table `registersfor`
--

CREATE TABLE IF NOT EXISTS `registersfor` (
  `MemberID` varchar(12) NOT NULL,
  `VID` char(11) NOT NULL,
  `ReceiptNo` int(11) NOT NULL,
  `RegAmount` int(11) NOT NULL,
  `Date` date DEFAULT NULL
) ENGINE=InnoDB DEFAULT CHARSET=latin1;

--
-- Dumping data for table `registersfor`
--

INSERT INTO `registersfor` (`MemberID`, `VID`, `ReceiptNo`, `RegAmount`, `Date`) VALUES
('10T1011', '20174WF3547', 40744, 2300, '2017-07-24'),
('10T1106', '20172WF0298', 38544, 1250, '2017-07-24'),
('10T1681', '20172WF3317', 90594, 1250, '2017-07-22'),
('10T2073', '20172WH3930', 14874, 1250, '2017-07-25'),
('10T2306', '20174WF6381', 81648, 2300, '2017-07-21'),
('10T2723', '20172WF2823', 40148, 1250, '2017-07-21'),
('10T3502', '20172WH6894', 51898, 1250, '2017-07-22'),
('10T3585', '20172WH0373', 15342, 1250, '2017-07-23'),
('10T3635', '20172WF4229', 81918, 1250, '2017-07-21'),
('10T4157', '20174WF6570', 97076, 2300, '2017-07-24'),
('10T4192', '20172WF6001', 74836, 1250, '2017-07-22'),
('10T4569', '20174WF7177', 95013, 2300, '2017-07-23'),
('10T4627', '20172WF7537', 36523, 1250, '2017-07-25'),
('10T4897', '20172WH3057', 23683, 1250, '2017-07-23'),
('10T4909', '20172WH2391', 85364, 1250, '2017-07-22'),
('10T5113', '20172WF2213', 59228, 1250, '2017-07-24'),
('10T5234', '20174WF3902', 38997, 2300, '2017-07-25'),
('10T5985', '20172WF3639', 56890, 1250, '2017-07-25'),
('10T6144', '20174WF8884', 49152, 2300, '2017-07-21'),
('10T6262', '20174WF6266', 37856, 2300, '2017-07-21'),
('10T6542', '20172WF2970', 45132, 1250, '2017-07-23'),
('10T7394', '20172WF2344', 66091, 1250, '2017-07-23'),
('10T8051', '20172WH0971', 20661, 1250, '2017-07-21'),
('10T8167', '20174WF2145', 70627, 2300, '2017-07-22'),
('10T8430', '20172WF7296', 88884, 1250, '2017-07-24'),
('10T8749', '20174WF2830', 88069, 2300, '2017-07-22'),
('10T9190', '20172WF4625', 34713, 1250, '2017-07-21'),
('10T9348', '20174WF9726', 89859, 2300, '2017-07-24'),
('10T9396', '20172WF3329', 77586, 1250, '2017-07-21'),
('10T9715', '20174WF5383', 90001, 2300, '2017-07-22'),
('11T1062', '20174WH4220', 57409, 2300, '2017-07-23'),
('11T1785', '20172WF7570', 87112, 1250, '2017-07-25'),
('11T1942', '20174WF2175', 18039, 2300, '2017-07-21'),
('11T2226', '20174WF8797', 84282, 2300, '2017-07-21'),
('11T2277', '20172WH1343', 66164, 1250, '2017-07-23'),
('11T2318', '20172WF4470', 29675, 1250, '2017-07-24'),
('11T2725', '20172WF0155', 40383, 1250, '2017-07-22'),
('11T3249', '20172WF5779', 28222, 1250, '2017-07-23'),
('11T4456', '20172WF6139', 71888, 1250, '2017-07-24'),
('11T4689', '20174WF2630', 95817, 2300, '2017-07-21'),
('11T4699', '20172WF0904', 30098, 1250, '2017-07-24'),
('11T4963', '20174WF1235', 14018, 2300, '2017-07-23'),
('11T4994', '20174WF6674', 65521, 2300, '2017-07-21'),
('11T5418', '20172WF1548', 57922, 1250, '2017-07-25'),
('11T5586', '20174WF5903', 27766, 2300, '2017-07-25'),
('11T5599', '20172WF9654', 46963, 1250, '2017-07-23'),
('11T5723', '20174WF8263', 41987, 2300, '2017-07-22'),
('11T5966', '20172WF9567', 37014, 1250, '2017-07-23'),
('11T5978', '20174WF2926', 69473, 2300, '2017-07-25'),
('11T6725', '20172WF4335', 54642, 1250, '2017-07-24'),
('11T7463', '20172WF8958', 88462, 1250, '2017-07-24'),
('11T7928', '20172WF5612', 96469, 1250, '2017-07-23'),
('11T8300', '20172WF4020', 79969, 1250, '2017-07-21'),
('11T8509', '20172WF2430', 96242, 1250, '2017-07-24'),
('11T9596', '20174WF5737', 13954, 2300, '2017-07-21'),
('11T9635', '20172WF1771', 22058, 1250, '2017-07-24'),
('12N3445', '20172WN1115', 58429, 1250, '2017-07-23'),
('12N4912', '20174WN8052', 78490, 2300, '2017-07-21'),
('12T1282', '20172WF1162', 18562, 1250, '2017-07-25'),
('12T1538', '20174WF8941', 23144, 2300, '2017-07-22'),
('12T1647', '20174WF8203', 55108, 2300, '2017-07-24'),
('12T3187', '20172WF3724', 60944, 1250, '2017-07-21'),
('12T3318', '20172WH2636', 55348, 1250, '2017-07-24'),
('12T3329', '20174WF8101', 98293, 2300, '2017-07-22'),
('12T3384', '20172WF8905', 23070, 1250, '2017-07-23'),
('12T3670', '20172WH6221', 21872, 1250, '2017-07-25'),
('12T3674', '20174WH0627', 40805, 2300, '2017-07-24'),
('12T3715', '20174WF1039', 95433, 2300, '2017-07-25'),
('12T5133', '20172WF4141', 38550, 1250, '2017-07-24'),
('12T5323', '20174WF4416', 90276, 2300, '2017-07-24'),
('12T5589', '20172WF7676', 21668, 1250, '2017-07-24'),
('12T5831', '20174WF6279', 81158, 2300, '2017-07-23'),
('12T6233', '20172WF4571', 98113, 1250, '2017-07-24'),
('12T6513', '20172WF6219', 87960, 1250, '2017-07-21'),
('12T8030', '20172WF4100', 38663, 1250, '2017-07-22'),
('12T8106', '20174WH8877', 55349, 2300, '2017-07-22'),
('12T8378', '20172WF7777', 18932, 1250, '2017-07-22'),
('12T8379', '20172WF6000', 50643, 1250, '2017-07-21'),
('12T8750', '20174WF6171', 81418, 2300, '2017-07-23'),
('12T9404', '20172WF5432', 59574, 1250, '2017-07-23'),
('12T9435', '20172WF7290', 70722, 1250, '2017-07-22'),
('12T9909', '20172WF1541', 97044, 1250, '2017-07-23'),
('12T9969', '20174WF5051', 74607, 2300, '2017-07-25'),
('13N2287', '20174WN2466', 96037, 2300, '2017-07-25'),
('13N2909', '20174WN7362', 98732, 2300, '2017-07-25'),
('13N3846', '20172WN9582', 13661, 1250, '2017-07-22'),
('13N8768', '20174WN7722', 30065, 2300, '2017-07-23'),
('13T1138', '20172WF8535', 56224, 1250, '2017-07-23'),
('13T1241', '20174WF4980', 99599, 2300, '2017-07-22'),
('13T1261', '20172WF3648', 80924, 1250, '2017-07-25'),
('13T1917', '20174WH2187', 86520, 2300, '2017-07-22'),
('13T2238', '20172WF1626', 82870, 1250, '2017-07-25'),
('13T2338', '20172WF4203', 83618, 1250, '2017-07-22'),
('13T2392', '20172WF4616', 72176, 1250, '2017-07-23'),
('13T3062', '20172WF1773', 44158, 1250, '2017-07-21'),
('13T3326', '20172WF8397', 36352, 1250, '2017-07-22'),
('13T3750', '20172WF0505', 78872, 1250, '2017-07-24'),
('13T4372', '20172WF3288', 59380, 1250, '2017-07-22'),
('13T6172', '20172WF8793', 59404, 1250, '2017-07-21'),
('13T6183', '20174WF3634', 20508, 2300, '2017-07-24'),
('13T7164', '20174WF4421', 13257, 2300, '2017-07-24'),
('13T7681', '20174WH8301', 68848, 2300, '2017-07-25'),
('13T7829', '20172WF1205', 93478, 1250, '2017-07-22'),
('13T8080', '20172WF9122', 35767, 1250, '2017-07-22'),
('13T8269', '20172WF1596', 16731, 1250, '2017-07-25'),
('13T8635', '20172WF4559', 23180, 1250, '2017-07-22'),
('13T8723', '20172WF0803', 31679, 1250, '2017-07-23'),
('13T9077', '20172WF6711', 49858, 1250, '2017-07-22'),
('13T9395', '20172WH2133', 47012, 1250, '2017-07-24'),
('13T9492', '20172WF4409', 53480, 1250, '2017-07-24'),
('13T9803', '20174WH5271', 48236, 2300, '2017-07-23'),
('14N5214', '20172WN5853', 28339, 1250, '2017-07-22'),
('14N6603', '20172WN5288', 16309, 1250, '2017-07-23'),
('14T1078', '20172WF3785', 46366, 1250, '2017-07-25'),
('14T1511', '20172WF7956', 97366, 1250, '2017-07-24'),
('14T2023', '20174WH0423', 76083, 2300, '2017-07-24'),
('14T2164', '20172WH2912', 77362, 1250, '2017-07-25'),
('14T2609', '20174WF6257', 19398, 2300, '2017-07-25'),
('14T3160', '20172WH8253', 75003, 1250, '2017-07-24'),
('14T3170', '20174WH5987', 60852, 2300, '2017-07-24'),
('14T3650', '20172WH7350', 49218, 1250, '2017-07-25'),
('14T3889', '20174WH7498', 92020, 2300, '2017-07-25'),
('14T4659', '20174WF5714', 26853, 2300, '2017-07-24'),
('14T5231', '20172WF9873', 80503, 1250, '2017-07-23'),
('14T5881', '20174WF1392', 64057, 2300, '2017-07-25'),
('14T5886', '20172WF5510', 86765, 1250, '2017-07-21'),
('14T6251', '20172WF8689', 14951, 1250, '2017-07-21'),
('14T6657', '20174WF4967', 48438, 2300, '2017-07-23'),
('14T6696', '20172WF6005', 57134, 1250, '2017-07-21'),
('14T6906', '20172WF1421', 93738, 1250, '2017-07-24'),
('14T7077', '20172WF4825', 52259, 1250, '2017-07-25'),
('14T8026', '20174WH5734', 35097, 2300, '2017-07-21'),
('14T8174', '20172WF2324', 57657, 1250, '2017-07-23'),
('14T8888', '20174WF7419', 59386, 2300, '2017-07-24'),
('14T9089', '20174WF2680', 35822, 2300, '2017-07-25'),
('14T9283', '20174WH1622', 70426, 2300, '2017-07-24'),
('14T9557', '20174WF8616', 10382, 2300, '2017-07-22'),
('14T9778', '20174WH7282', 43159, 2300, '2017-07-22'),
('14T9852', '20172WF7376', 59414, 1250, '2017-07-21'),
('15N1224', '20174WN6101', 70336, 2300, '2017-07-25'),
('15N6804', '20172WN8878', 27192, 1250, '2017-07-24'),
('15N7361', '20174WN7943', 58516, 2300, '2017-07-25'),
('15T1519', '20174WH4183', 53981, 2300, '2017-07-23'),
('15T1550', '20172WH9780', 69859, 1250, '2017-07-23'),
('15T1553', '20174WH7006', 86068, 2300, '2017-07-21'),
('15T1757', '20172WF7486', 77620, 1250, '2017-07-25'),
('15T1771', '20174WH8370', 73606, 2300, '2017-07-22'),
('15T1819', '20172WF5091', 73611, 1250, '2017-07-23'),
('15T2354', '20172WF1789', 31535, 1250, '2017-07-25'),
('15T2470', '20174WH7226', 57465, 2300, '2017-07-24'),
('15T4137', '20172WH2625', 74615, 1250, '2017-07-25'),
('15T4728', '20172WF7232', 60805, 1250, '2017-07-25'),
('15T5215', '20172WH9528', 24658, 1250, '2017-07-25'),
('15T5343', '20174WF6905', 90265, 2300, '2017-07-22'),
('15T5456', '20174WF7564', 87713, 2300, '2017-07-25'),
('15T5548', '20174WF5866', 45822, 2300, '2017-07-24'),
('15T5610', '20172WF1810', 12216, 1250, '2017-07-22'),
('15T7155', '20174WF4398', 53290, 2300, '2017-07-24'),
('15T7562', '20172WF3813', 56586, 1250, '2017-07-23'),
('15T8266', '20172WF2057', 12285, 1250, '2017-07-21'),
('15T8326', '20172WF4768', 16272, 1250, '2017-07-22'),
('15T8686', '20172WF5362', 37608, 1250, '2017-07-24'),
('15T8764', '20172WF5227', 11066, 1250, '2017-07-22'),
('15T9180', '20172WF4961', 58331, 1250, '2017-07-25'),
('15T9267', '20172WF8809', 88648, 1250, '2017-07-22'),
('16N2896', '20172WN0015', 59080, 1250, '2017-07-25'),
('16N3593', '20172WN7726', 78395, 1250, '2017-07-22'),
('16N4796', '20172WN3848', 67116, 1250, '2017-07-23'),
('16N5604', '20172WN8447', 53210, 1250, '2017-07-21'),
('16T1004', '20172WF0811', 64342, 1250, '2017-07-25'),
('16T1082', '20172WF5285', 82750, 1250, '2017-07-22'),
('16T1210', '20174WF2499', 24943, 2300, '2017-07-22'),
('16T1225', '20174WH6197', 62890, 2300, '2017-07-22'),
('16T1699', '20174WF3048', 43851, 2300, '2017-07-22'),
('16T2254', '20172WF4280', 86774, 1250, '2017-07-23'),
('16T2658', '20172WF1008', 80363, 1250, '2017-07-21'),
('16T2676', '20174WF7245', 61324, 2300, '2017-07-23'),
('16T2753', '20172WH9043', 27844, 1250, '2017-07-22'),
('16T4568', '20172WF0399', 94703, 1250, '2017-07-25'),
('16T4780', '20172WF3032', 27248, 1250, '2017-07-24'),
('16T4998', '20172WF8140', 45207, 1250, '2017-07-24'),
('16T5119', '20172WF8666', 44948, 1250, '2017-07-24'),
('16T5288', '20174WH7940', 99712, 2300, '2017-07-25'),
('16T5445', '20172WF6667', 13439, 1250, '2017-07-22'),
('16T6020', '20174WF6074', 41990, 2300, '2017-07-24'),
('16T7403', '20172WF4772', 63466, 1250, '2017-07-21'),
('16T7424', '20172WF2502', 70671, 1250, '2017-07-24'),
('16T7426', '20172WF1619', 62256, 1250, '2017-07-25'),
('16T7496', '20172WF3606', 92993, 1250, '2017-07-22'),
('16T7817', '20174WF9209', 30750, 2300, '2017-07-22'),
('16T7836', '20174WF0536', 84088, 2300, '2017-07-25'),
('16T7960', '20172WF5716', 43675, 1250, '2017-07-25'),
('16T8409', '20172WF8895', 22303, 1250, '2017-07-23'),
('16T9260', '20172WF7910', 14845, 1250, '2017-07-25'),
('16T9458', '20174WH7540', 72225, 2300, '2017-07-25'),
('16T9631', '20174WH5656', 53833, 2300, '2017-07-25'),
('17N4563', '20172WN7122', 15286, 1250, '2017-07-24'),
('17N5477', '20172WN1281', 51306, 1250, '2017-07-24'),
('17N6627', '20174WN4863', 84586, 2300, '2017-07-21'),
('17T1270', '20172WF1581', 32803, 1250, '2017-07-25'),
('17T1745', '20172WF0528', 44408, 1250, '2017-07-22'),
('17T2044', '20172WF9437', 56999, 1250, '2017-07-21'),
('17T2091', '20172WF8988', 68766, 1250, '2017-07-22'),
('17T2698', '20174WH1955', 78972, 2300, '2017-07-24'),
('17T3010', '20174WF5322', 52588, 2300, '2017-07-21'),
('17T3073', '20172WF9619', 20152, 1250, '2017-07-21'),
('17T3681', '20174WF5468', 21110, 2300, '2017-07-22'),
('17T4219', '20172WF9002', 57744, 1250, '2017-07-22'),
('17T4336', '20172WF0317', 24160, 1250, '2017-07-22'),
('17T4429', '20174WF1752', 89107, 2300, '2017-07-23'),
('17T5783', '20172WF3886', 93793, 1250, '2017-07-24'),
('17T5893', '20172WH8901', 30326, 1250, '2017-07-21'),
('17T6326', '20174WF8026', 11744, 2300, '2017-07-25'),
('17T6458', '20172WF2768', 80762, 1250, '2017-07-25'),
('17T7169', '20174WH1028', 93023, 2300, '2017-07-25'),
('17T7532', '20174WF8539', 47090, 2300, '2017-07-23'),
('17T9126', '20172WF6326', 24266, 1250, '2017-07-25'),
('17T9129', '20172WF4586', 96779, 1250, '2017-07-23'),
('17T9145', '20172WF3091', 52093, 1250, '2017-07-23'),
('17T9436', '20172WF7556', 71393, 1250, '2017-07-21'),
('1RV14AE023', '20172WS6593', 93202, 1250, '2017-07-24'),
('1RV14AE084', '20172WH8947', 80075, 1250, '2017-07-24'),
('1RV14AE095', '20172WH9157', 80228, 1250, '2017-07-21'),
('1RV14BT015', '20172WH9149', 80671, 1250, '2017-07-24'),
('1RV14BT016', '20172WH4755', 47424, 1250, '2017-07-21'),
('1RV14BT020', '20172WS1978', 22129, 1250, '2017-07-24'),
('1RV14BT024', '20172WS8144', 57059, 1250, '2017-07-21'),
('1RV14BT033', '20172WS7413', 40656, 1250, '2017-07-22'),
('1RV14BT035', '20174WH9463', 47818, 2300, '2017-07-21'),
('1RV14BT045', '20172WS4308', 93866, 1250, '2017-07-21'),
('1RV14BT057', '20172WS1656', 87653, 1250, '2017-07-22'),
('1RV14BT058', '20174WS6637', 36627, 2300, '2017-07-23'),
('1RV14BT059', '20174WS7974', 42912, 2300, '2017-07-24'),
('1RV14BT064', '20172WS1859', 84055, 1250, '2017-07-21'),
('1RV14BT067', '20172WS5276', 10593, 1250, '2017-07-24'),
('1RV14BT068', '20172WS3606', 20937, 1250, '2017-07-24'),
('1RV14BT073', '20174WH9370', 77229, 2300, '2017-07-21'),
('1RV14BT080', '20172WS0662', 22312, 1250, '2017-07-24'),
('1RV14BT096', '20174WH2613', 54711, 2300, '2017-07-21'),
('1RV14CE012', '20172WS4630', 98490, 1250, '2017-07-22'),
('1RV14CE033', '20172WH4911', 85662, 1250, '2017-07-23'),
('1RV14CE038', '20172WH8153', 61282, 1250, '2017-07-24'),
('1RV14CE044', '20172WS7278', 44210, 1250, '2017-07-25'),
('1RV14CE046', '20172WH7514', 87547, 1250, '2017-07-24'),
('1RV14CE053', '20172WS0457', 61320, 1250, '2017-07-25'),
('1RV14CE056', '20172WS1938', 48369, 1250, '2017-07-22'),
('1RV14CE058', '20172WS2557', 48269, 1250, '2017-07-24'),
('1RV14CE078', '20172WS0970', 46290, 1250, '2017-07-24'),
('1RV14CE079', '20172WS7777', 28894, 1250, '2017-07-21'),
('1RV14CE088', '20172WH1595', 78922, 1250, '2017-07-21'),
('1RV14CH011', '20174WS6426', 31735, 2300, '2017-07-25'),
('1RV14CH013', '20172WS0399', 43716, 1250, '2017-07-25'),
('1RV14CH029', '20174WS2932', 30133, 2300, '2017-07-23'),
('1RV14CH030', '20172WH3675', 72729, 1250, '2017-07-23'),
('1RV14CH035', '20172WH5073', 26451, 1250, '2017-07-21'),
('1RV14CH087', '20172WS6112', 14579, 1250, '2017-07-22'),
('1RV14CS013', '20172WS5929', 25127, 1250, '2017-07-21'),
('1RV14CS031', '20174WH9410', 11280, 2300, '2017-07-25'),
('1RV14CS041', '20172WS2192', 63618, 1250, '2017-07-25'),
('1RV14CS060', '20172WS0275', 17554, 1250, '2017-07-24'),
('1RV14CS086', '20172WH8854', 68797, 1250, '2017-07-23'),
('1RV14CS092', '20172WH8284', 67038, 1250, '2017-07-22'),
('1RV14CS097', '20174WS7313', 78055, 2300, '2017-07-25'),
('1RV14EC015', '20172WS6180', 25780, 1250, '2017-07-23'),
('1RV14EC021', '20172WS9468', 78445, 1250, '2017-07-24'),
('1RV14EC049', '20174WS9687', 53928, 2300, '2017-07-22'),
('1RV14EC054', '20174WH9465', 23121, 2300, '2017-07-22'),
('1RV14EC063', '20172WS9344', 62771, 1250, '2017-07-25'),
('1RV14EC069', '20172WH2698', 79494, 1250, '2017-07-22'),
('1RV14EC086', '20172WS0710', 18963, 1250, '2017-07-25'),
('1RV14EC098', '20172WS2537', 45270, 1250, '2017-07-24'),
('1RV14EE013', '20172WS8105', 94491, 1250, '2017-07-22'),
('1RV14EE018', '20174WS5250', 31271, 2300, '2017-07-22'),
('1RV14EE029', '20174WH2026', 14087, 2300, '2017-07-25'),
('1RV14EE044', '20174WS5639', 64518, 2300, '2017-07-21'),
('1RV14EE049', '20172WS9418', 86355, 1250, '2017-07-22'),
('1RV14EE062', '20172WS0609', 73390, 1250, '2017-07-24'),
('1RV14EE077', '20172WS4881', 40160, 1250, '2017-07-24'),
('1RV14EE078', '20172WS1320', 32949, 1250, '2017-07-24'),
('1RV14EE089', '20172WS6897', 96815, 1250, '2017-07-21'),
('1RV14EE096', '20172WS6983', 98744, 1250, '2017-07-23'),
('1RV14EE098', '20174WS0840', 89521, 2300, '2017-07-24'),
('1RV14EI012', '20172WS0350', 99615, 1250, '2017-07-23'),
('1RV14EI018', '20174WH8463', 50813, 2300, '2017-07-25'),
('1RV14EI029', '20172WS4933', 74957, 1250, '2017-07-25'),
('1RV14EI041', '20174WH3725', 58891, 2300, '2017-07-21'),
('1RV14EI053', '20172WS2188', 43299, 1250, '2017-07-25'),
('1RV14EI062', '20172WS0612', 77589, 1250, '2017-07-22'),
('1RV14EI078', '20172WS6609', 36639, 1250, '2017-07-23'),
('1RV14EI083', '20172WS2121', 36698, 1250, '2017-07-25'),
('1RV14EI086', '20172WS6592', 80028, 1250, '2017-07-23'),
('1RV14EI092', '20174WS3390', 89437, 2300, '2017-07-24'),
('1RV14EI095', '20172WS9561', 14762, 1250, '2017-07-25'),
('1RV14EI096', '20172WS7033', 76517, 1250, '2017-07-24'),
('1RV14IEM013', '20172WS5526', 58133, 1250, '2017-07-23'),
('1RV14IEM022', '20172WH1429', 39076, 1250, '2017-07-23'),
('1RV14IEM037', '20174WH1590', 39553, 2300, '2017-07-22'),
('1RV14IEM042', '20174WH0394', 84749, 2300, '2017-07-23'),
('1RV14IEM050', '20172WS3265', 47741, 1250, '2017-07-21'),
('1RV14IEM052', '20172WS3162', 92246, 1250, '2017-07-24'),
('1RV14IEM073', '20172WS6329', 13150, 1250, '2017-07-24'),
('1RV14IEM074', '20172WS1173', 84566, 1250, '2017-07-21'),
('1RV14IEM079', '20172WS5659', 13176, 1250, '2017-07-25'),
('1RV14IEM089', '20172WS9885', 96667, 1250, '2017-07-23'),
('1RV14IS010', '20174WH7796', 21272, 2300, '2017-07-22'),
('1RV14IS021', '20172WS3908', 84629, 1250, '2017-07-21'),
('1RV14IS025', '20172WS2214', 85605, 1250, '2017-07-21'),
('1RV14IS026', '20172WS4372', 90680, 1250, '2017-07-21'),
('1RV14IS027', '20172WS6992', 21421, 1250, '2017-07-25'),
('1RV14IS040', '20172WH5576', 84953, 1250, '2017-07-23'),
('1RV14IS067', '20172WS3417', 57142, 1250, '2017-07-23'),
('1RV14IS073', '20174WH9804', 28837, 2300, '2017-07-25'),
('1RV14IS076', '20172WS9746', 78827, 1250, '2017-07-23'),
('1RV14IS078', '20172WS0303', 32044, 1250, '2017-07-21'),
('1RV14IS079', '20172WH1002', 12247, 1250, '2017-07-21'),
('1RV14IS091', '20172WS8921', 78251, 1250, '2017-07-21'),
('1RV14IS099', '20172WS3141', 52368, 1250, '2017-07-21'),
('1RV14ME011', '20172WH3898', 15146, 1250, '2017-07-22'),
('1RV14ME017', '20174WS7828', 58134, 2300, '2017-07-24'),
('1RV14ME024', '20174WH8068', 82240, 2300, '2017-07-23'),
('1RV14ME026', '20172WH3733', 27650, 1250, '2017-07-25'),
('1RV14ME034', '20172WH0211', 89649, 1250, '2017-07-22'),
('1RV14ME035', '20172WS0829', 20925, 1250, '2017-07-25'),
('1RV14ME046', '20174WH2766', 57179, 2300, '2017-07-21'),
('1RV14ME051', '20172WS1894', 28187, 1250, '2017-07-23'),
('1RV14ME072', '20172WH5375', 77675, 1250, '2017-07-24'),
('1RV14ME080', '20174WS2931', 72388, 2300, '2017-07-22'),
('1RV14ME085', '20172WS2198', 43415, 1250, '2017-07-21'),
('1RV14ME086', '20174WH4644', 57114, 2300, '2017-07-21'),
('1RV14ME087', '20172WS8348', 54453, 1250, '2017-07-24'),
('1RV14TC011', '20172WS4099', 91416, 1250, '2017-07-23'),
('1RV14TC033', '20172WH0389', 92842, 1250, '2017-07-21'),
('1RV14TC037', '20172WS9915', 27662, 1250, '2017-07-24'),
('1RV14TC040', '20172WH1353', 95581, 1250, '2017-07-25'),
('1RV14TC048', '20174WS9934', 39918, 2300, '2017-07-25'),
('1RV14TC049', '20172WS9017', 19304, 1250, '2017-07-23'),
('1RV14TC055', '20172WH4356', 97886, 1250, '2017-07-25'),
('1RV14TC085', '20172WS0834', 22338, 1250, '2017-07-23'),
('1RV14TC086', '20174WH9330', 57171, 2300, '2017-07-25'),
('1RV14TC091', '20172WH2518', 99072, 1250, '2017-07-25'),
('1RV15AE011', '20172WS2778', 97475, 1250, '2017-07-23'),
('1RV15AE012', '20174WH8795', 81498, 2300, '2017-07-21'),
('1RV15AE017', '20172WS4762', 26556, 1250, '2017-07-23'),
('1RV15AE026', '20172WS2370', 82502, 1250, '2017-07-22'),
('1RV15AE039', '20172WS1446', 51189, 1250, '2017-07-25'),
('1RV15AE043', '20172WS7128', 51983, 1250, '2017-07-23'),
('1RV15AE056', '20172WS0349', 39665, 1250, '2017-07-25'),
('1RV15AE060', '20172WH4227', 40363, 1250, '2017-07-22'),
('1RV15AE061', '20172WS5108', 80185, 1250, '2017-07-22'),
('1RV15AE068', '20172WH8259', 14735, 1250, '2017-07-24'),
('1RV15AE074', '20174WH5504', 62166, 2300, '2017-07-22'),
('1RV15AE079', '20172WH0251', 41722, 1250, '2017-07-24'),
('1RV15AE085', '20174WS2499', 64539, 2300, '2017-07-25'),
('1RV15BT011', '20172WS5597', 53962, 1250, '2017-07-22'),
('1RV15BT012', '20174WH5940', 20311, 2300, '2017-07-24'),
('1RV15BT013', '20172WS6819', 39687, 1250, '2017-07-21'),
('1RV15BT018', '20172WS2210', 56611, 1250, '2017-07-25'),
('1RV15BT021', '20172WS8078', 83409, 1250, '2017-07-21'),
('1RV15BT023', '20172WS0653', 83614, 1250, '2017-07-23'),
('1RV15BT026', '20172WH3433', 37042, 1250, '2017-07-24'),
('1RV15BT028', '20172WS3507', 77552, 1250, '2017-07-24'),
('1RV15BT035', '20172WS3876', 82763, 1250, '2017-07-24'),
('1RV15BT039', '20174WH8698', 68798, 2300, '2017-07-23'),
('1RV15BT040', '20172WS9725', 20727, 1250, '2017-07-25'),
('1RV15BT051', '20172WH2108', 52685, 1250, '2017-07-24'),
('1RV15BT053', '20172WS4020', 62971, 1250, '2017-07-24'),
('1RV15BT054', '20172WS3100', 81073, 1250, '2017-07-22'),
('1RV15BT058', '20172WS2044', 50965, 1250, '2017-07-23'),
('1RV15BT062', '20172WS3981', 62858, 1250, '2017-07-25'),
('1RV15BT063', '20172WS0561', 91783, 1250, '2017-07-25'),
('1RV15BT068', '20172WS8679', 91401, 1250, '2017-07-22'),
('1RV15BT076', '20172WS7903', 94524, 1250, '2017-07-21'),
('1RV15BT080', '20174WS8628', 27655, 2300, '2017-07-24'),
('1RV15BT086', '20172WS8735', 57421, 1250, '2017-07-22'),
('1RV15BT089', '20172WS0165', 56042, 1250, '2017-07-24'),
('1RV15BT094', '20172WH7285', 29772, 1250, '2017-07-23'),
('1RV15BT097', '20172WS0238', 28657, 1250, '2017-07-21'),
('1RV15CE012', '20172WS1176', 16169, 1250, '2017-07-21'),
('1RV15CE013', '20172WS0547', 93688, 1250, '2017-07-23'),
('1RV15CE017', '20174WS3419', 97422, 2300, '2017-07-21'),
('1RV15CE030', '20172WS7912', 26543, 1250, '2017-07-25'),
('1RV15CE032', '20174WH9649', 70284, 2300, '2017-07-22'),
('1RV15CE043', '20172WH6995', 93859, 1250, '2017-07-25'),
('1RV15CE047', '20172WS9339', 93325, 1250, '2017-07-22'),
('1RV15CE049', '20172WS7892', 12749, 1250, '2017-07-24'),
('1RV15CE052', '20172WH5147', 21483, 1250, '2017-07-22'),
('1RV15CE065', '20172WS2270', 22424, 1250, '2017-07-21'),
('1RV15CE075', '20172WH5702', 30100, 1250, '2017-07-24'),
('1RV15CE094', '20172WS9996', 91043, 1250, '2017-07-24'),
('1RV15CE096', '20172WS0290', 47848, 1250, '2017-07-21'),
('1RV15CH013', '20172WH1096', 42819, 1250, '2017-07-22'),
('1RV15CH058', '20172WS4218', 25460, 1250, '2017-07-22'),
('1RV15CH060', '20172WH9078', 99399, 1250, '2017-07-21'),
('1RV15CH066', '20172WS5946', 65585, 1250, '2017-07-22'),
('1RV15CH072', '20172WS1400', 95011, 1250, '2017-07-25'),
('1RV15CH083', '20172WS7823', 71654, 1250, '2017-07-23'),
('1RV15CH089', '20172WH5376', 89372, 1250, '2017-07-22'),
('1RV15CH096', '20172WS0523', 58772, 1250, '2017-07-21'),
('1RV15CS014', '20174WS4190', 15160, 2300, '2017-07-21'),
('1RV15CS034', '20172WS9768', 69477, 1250, '2017-07-25'),
('1RV15CS035', '20172WS9064', 45257, 1250, '2017-07-24'),
('1RV15CS042', '20172WS8725', 92642, 1250, '2017-07-25'),
('1RV15CS070', '20172WS1982', 97510, 1250, '2017-07-21'),
('1RV15EC014', '20172WS4480', 55357, 1250, '2017-07-22'),
('1RV15EC015', '20172WH6786', 14638, 1250, '2017-07-24'),
('1RV15EC024', '20172WS2063', 15811, 1250, '2017-07-25'),
('1RV15EC052', '20172WS8651', 72166, 1250, '2017-07-25'),
('1RV15EC066', '20172WS8251', 58144, 1250, '2017-07-24'),
('1RV15EC092', '20172WS6226', 19103, 1250, '2017-07-21'),
('1RV15EC095', '20172WS0877', 76165, 1250, '2017-07-21'),
('1RV15EC097', '20172WH7680', 91496, 1250, '2017-07-23'),
('1RV15EE014', '20172WS9783', 40887, 1250, '2017-07-23'),
('1RV15EE016', '20174WH8833', 60949, 2300, '2017-07-23'),
('1RV15EE035', '20172WS2805', 91164, 1250, '2017-07-25'),
('1RV15EE039', '20172WS6089', 18772, 1250, '2017-07-22'),
('1RV15EE050', '20172WS0017', 55505, 1250, '2017-07-22'),
('1RV15EE059', '20172WS4360', 43069, 1250, '2017-07-21'),
('1RV15EE066', '20172WS2246', 57422, 1250, '2017-07-23'),
('1RV15EE081', '20174WH6872', 48794, 2300, '2017-07-25'),
('1RV15EI020', '20172WH7769', 33550, 1250, '2017-07-22'),
('1RV15EI045', '20172WS6064', 44309, 1250, '2017-07-24'),
('1RV15EI047', '20172WS7214', 51216, 1250, '2017-07-23'),
('1RV15EI050', '20172WS1328', 78797, 1250, '2017-07-24'),
('1RV15EI060', '20172WS8646', 61037, 1250, '2017-07-24'),
('1RV15EI074', '20172WS8840', 90568, 1250, '2017-07-24'),
('1RV15EI079', '20172WH1907', 29359, 1250, '2017-07-21'),
('1RV15EI084', '20174WH8989', 19131, 2300, '2017-07-24'),
('1RV15EI094', '20172WS6850', 33666, 1250, '2017-07-22'),
('1RV15EI097', '20174WH9532', 92357, 2300, '2017-07-24'),
('1RV15IEM037', '20172WS1386', 11551, 1250, '2017-07-24'),
('1RV15IEM044', '20172WH7302', 16089, 1250, '2017-07-24'),
('1RV15IEM050', '20172WS4293', 26963, 1250, '2017-07-23'),
('1RV15IEM054', '20172WH9804', 55050, 1250, '2017-07-25'),
('1RV15IEM079', '20172WH6026', 94679, 1250, '2017-07-24'),
('1RV15IEM093', '20172WS3356', 44048, 1250, '2017-07-25'),
('1RV15IS009', '20182WS0001', 0, 1250, '2018-05-06'),
('1RV15IS011', '20182WH0001', 0, 1250, '2018-05-01'),
('1RV15IS012', '20182WF0001', 0, 1250, '2018-05-01'),
('1RV15IS013', '20172WS1463', 44653, 1250, '2017-07-21'),
('1RV15IS022', '20172WS3996', 22201, 1250, '2017-07-25'),
('1RV15IS041', '20184WH0001', 0, 2300, '2016-04-18'),
('1RV15IS080', '20172WS1503', 40788, 1250, '2017-07-21'),
('1RV15IS081', '20172WH0271', 57718, 1250, '2017-07-25'),
('1RV15ME014', '20172WS0882', 86994, 1250, '2017-07-23'),
('1RV15ME021', '20172WS4852', 62134, 1250, '2017-07-23'),
('1RV15ME024', '20172WS9990', 60054, 1250, '2017-07-24'),
('1RV15ME041', '20172WS6059', 78192, 1250, '2017-07-23'),
('1RV15ME042', '20172WS0291', 87950, 1250, '2017-07-21'),
('1RV15ME054', '20172WH6711', 39624, 1250, '2017-07-24'),
('1RV15ME056', '20172WS4214', 54928, 1250, '2017-07-21'),
('1RV15ME068', '20172WS8048', 27318, 1250, '2017-07-25'),
('1RV15ME070', '20172WS3874', 93051, 1250, '2017-07-23'),
('1RV15ME071', '20172WS5151', 23491, 1250, '2017-07-24'),
('1RV15ME077', '20172WH6288', 78442, 1250, '2017-07-23'),
('1RV15TC010', '20172WS9726', 30843, 1250, '2017-07-24'),
('1RV15TC031', '20174WH3183', 63002, 2300, '2017-07-25'),
('1RV15TC078', '20172WS9534', 81282, 1250, '2017-07-24'),
('1RV15TC081', '20172WS6857', 94698, 1250, '2017-07-25'),
('1RV15TC085', '20172WS6358', 57432, 1250, '2017-07-24'),
('1RV15TC087', '20172WS9302', 13015, 1250, '2017-07-25'),
('1RV15TC088', '20172WS6106', 60378, 1250, '2017-07-23'),
('1RV15TC096', '20172WH8206', 50498, 1250, '2017-07-21'),
('1RV16AE010', '20174WH2996', 81519, 2300, '2017-07-23'),
('1RV16AE017', '20172WS4888', 59638, 1250, '2017-07-25'),
('1RV16AE018', '20174WS7467', 33744, 2300, '2017-07-25'),
('1RV16AE038', '20174WS6432', 70912, 2300, '2017-07-21'),
('1RV16AE072', '20172WS3132', 31227, 1250, '2017-07-23'),
('1RV16AE088', '20172WS8838', 56347, 1250, '2017-07-21'),
('1RV16AE097', '20172WS8516', 76999, 1250, '2017-07-22'),
('1RV16BT013', '20172WS7917', 40279, 1250, '2017-07-24'),
('1RV16BT015', '20174WS0747', 47404, 2300, '2017-07-22'),
('1RV16BT017', '20172WS9393', 96898, 1250, '2017-07-21'),
('1RV16BT028', '20174WH1431', 10293, 2300, '2017-07-25'),
('1RV16BT030', '20172WS6170', 41430, 1250, '2017-07-24'),
('1RV16BT033', '20174WH1757', 84148, 2300, '2017-07-22'),
('1RV16BT044', '20172WS6071', 71895, 1250, '2017-07-25'),
('1RV16BT047', '20172WH9763', 84248, 1250, '2017-07-22'),
('1RV16BT053', '20172WH1243', 66344, 1250, '2017-07-24'),
('1RV16BT055', '20172WS2090', 95536, 1250, '2017-07-22'),
('1RV16BT066', '20174WH2222', 45325, 2300, '2017-07-24'),
('1RV16BT067', '20172WS5045', 75288, 1250, '2017-07-24'),
('1RV16BT074', '20172WS9740', 51668, 1250, '2017-07-23'),
('1RV16BT077', '20172WS1440', 10442, 1250, '2017-07-25'),
('1RV16BT084', '20172WS5707', 68159, 1250, '2017-07-21'),
('1RV16BT086', '20172WS6324', 48650, 1250, '2017-07-25'),
('1RV16BT090', '20172WH8986', 58412, 1250, '2017-07-23'),
('1RV16BT092', '20172WS9679', 71852, 1250, '2017-07-22'),
('1RV16BT093', '20172WS9854', 76988, 1250, '2017-07-23'),
('1RV16BT094', '20174WS3099', 54203, 2300, '2017-07-21'),
('1RV16CE010', '20172WS1394', 28205, 1250, '2017-07-22'),
('1RV16CE015', '20172WS8872', 94731, 1250, '2017-07-25'),
('1RV16CE018', '20172WS6108', 53216, 1250, '2017-07-24'),
('1RV16CE023', '20172WS6228', 80008, 1250, '2017-07-22'),
('1RV16CE041', '20172WS4202', 90010, 1250, '2017-07-22'),
('1RV16CE048', '20172WS0006', 20230, 1250, '2017-07-22'),
('1RV16CE056', '20172WS7042', 87402, 1250, '2017-07-24'),
('1RV16CE059', '20172WH7457', 50185, 1250, '2017-07-22'),
('1RV16CE061', '20172WH4549', 65645, 1250, '2017-07-24'),
('1RV16CE064', '20172WS2379', 42962, 1250, '2017-07-24'),
('1RV16CE066', '20172WS5675', 85056, 1250, '2017-07-25'),
('1RV16CE067', '20172WS9168', 64703, 1250, '2017-07-25'),
('1RV16CE072', '20172WH0243', 73640, 1250, '2017-07-24'),
('1RV16CE081', '20172WH8349', 83758, 1250, '2017-07-22'),
('1RV16CE082', '20172WH8979', 50835, 1250, '2017-07-23'),
('1RV16CH010', '20172WS8249', 52454, 1250, '2017-07-24'),
('1RV16CH015', '20172WH4318', 46763, 1250, '2017-07-22'),
('1RV16CH024', '20174WH5211', 64594, 2300, '2017-07-25'),
('1RV16CH026', '20172WS4596', 37950, 1250, '2017-07-24'),
('1RV16CH039', '20172WH1836', 61416, 1250, '2017-07-23'),
('1RV16CH042', '20172WS7606', 69508, 1250, '2017-07-23'),
('1RV16CH049', '20172WH0617', 46579, 1250, '2017-07-21'),
('1RV16CH063', '20172WH6158', 50004, 1250, '2017-07-22'),
('1RV16CH073', '20174WS8188', 17801, 2300, '2017-07-23'),
('1RV16CH099', '20172WS3680', 27209, 1250, '2017-07-22'),
('1RV16CS014', '20174WH1072', 39388, 2300, '2017-07-25'),
('1RV16CS015', '20174WS3387', 24682, 2300, '2017-07-22'),
('1RV16CS030', '20174WH4976', 98203, 2300, '2017-07-22'),
('1RV16CS062', '20172WS8694', 71692, 1250, '2017-07-24'),
('1RV16CS063', '20172WS1616', 91853, 1250, '2017-07-23'),
('1RV16CS070', '20172WH1803', 24047, 1250, '2017-07-23'),
('1RV16CS079', '20172WS8386', 82114, 1250, '2017-07-25'),
('1RV16CS085', '20174WS0042', 45496, 2300, '2017-07-22'),
('1RV16CS087', '20174WS9705', 36262, 2300, '2017-07-22'),
('1RV16CS091', '20172WS1755', 11361, 1250, '2017-07-24'),
('1RV16CS095', '20172WH6508', 74810, 1250, '2017-07-21'),
('1RV16EC023', '20174WS6152', 28062, 2300, '2017-07-22'),
('1RV16EC033', '20172WS8167', 14827, 1250, '2017-07-25'),
('1RV16EC039', '20172WS9752', 44271, 1250, '2017-07-22'),
('1RV16EC046', '20174WH9854', 22559, 2300, '2017-07-21'),
('1RV16EC047', '20172WS4296', 13513, 1250, '2017-07-24'),
('1RV16EC064', '20172WS3644', 10596, 1250, '2017-07-24'),
('1RV16EC065', '20172WS8541', 32391, 1250, '2017-07-21'),
('1RV16EC066', '20172WS7552', 12968, 1250, '2017-07-25'),
('1RV16EC081', '20172WH6424', 62664, 1250, '2017-07-24'),
('1RV16EC090', '20174WH6929', 34804, 2300, '2017-07-25'),
('1RV16EC093', '20172WS7085', 60061, 1250, '2017-07-23'),
('1RV16EE029', '20172WH4999', 37590, 1250, '2017-07-22'),
('1RV16EE030', '20174WS3879', 92771, 2300, '2017-07-24'),
('1RV16EE032', '20172WS5152', 72422, 1250, '2017-07-25'),
('1RV16EE046', '20172WS4638', 50475, 1250, '2017-07-23'),
('1RV16EE059', '20172WH9648', 86181, 1250, '2017-07-22'),
('1RV16EE060', '20172WS4403', 54553, 1250, '2017-07-22'),
('1RV16EE062', '20174WH1832', 82470, 2300, '2017-07-23'),
('1RV16EE092', '20172WH8900', 50540, 1250, '2017-07-25'),
('1RV16EI016', '20172WS1375', 44193, 1250, '2017-07-23'),
('1RV16EI017', '20172WS1350', 83048, 1250, '2017-07-22'),
('1RV16EI025', '20172WS1439', 57029, 1250, '2017-07-22'),
('1RV16EI034', '20172WS9954', 96029, 1250, '2017-07-24'),
('1RV16EI046', '20172WS5233', 12112, 1250, '2017-07-24'),
('1RV16EI047', '20174WS9643', 30906, 2300, '2017-07-25'),
('1RV16EI050', '20172WS5603', 84438, 1250, '2017-07-22'),
('1RV16EI052', '20172WS2364', 38390, 1250, '2017-07-23'),
('1RV16EI057', '20172WS2329', 27528, 1250, '2017-07-24'),
('1RV16EI071', '20172WS4557', 33433, 1250, '2017-07-24'),
('1RV16EI072', '20172WS9825', 19838, 1250, '2017-07-22'),
('1RV16EI079', '20172WH9207', 99945, 1250, '2017-07-24'),
('1RV16IEM010', '20174WH0478', 68812, 2300, '2017-07-24'),
('1RV16IEM017', '20172WS5782', 45975, 1250, '2017-07-23'),
('1RV16IEM025', '20174WS1639', 78801, 2300, '2017-07-21'),
('1RV16IEM036', '20172WS1636', 99672, 1250, '2017-07-24'),
('1RV16IEM039', '20172WH5065', 98401, 1250, '2017-07-23'),
('1RV16IEM040', '20172WS4930', 27754, 1250, '2017-07-25'),
('1RV16IEM044', '20172WS1217', 33151, 1250, '2017-07-22'),
('1RV16IEM046', '20172WS8448', 44486, 1250, '2017-07-23'),
('1RV16IEM061', '20174WS7045', 10588, 2300, '2017-07-25'),
('1RV16IEM066', '20172WS3326', 40350, 1250, '2017-07-24'),
('1RV16IEM068', '20172WH8440', 36245, 1250, '2017-07-25'),
('1RV16IEM070', '20172WH7950', 10134, 1250, '2017-07-21'),
('1RV16IEM072', '20172WS7767', 84124, 1250, '2017-07-22'),
('1RV16IEM075', '20172WH2910', 11307, 1250, '2017-07-21'),
('1RV16IEM080', '20174WH4750', 76406, 2300, '2017-07-21'),
('1RV16IS016', '20172WS3721', 58248, 1250, '2017-07-23'),
('1RV16IS017', '20172WS6345', 55982, 1250, '2017-07-23'),
('1RV16IS028', '20174WH3070', 96199, 2300, '2017-07-23'),
('1RV16IS043', '20172WH3275', 90267, 1250, '2017-07-23'),
('1RV16IS061', '20172WS2736', 83285, 1250, '2017-07-22'),
('1RV16IS064', '20174WS8484', 95707, 2300, '2017-07-25'),
('1RV16IS071', '20172WS6278', 44126, 1250, '2017-07-22'),
('1RV16IS073', '20172WS4918', 28179, 1250, '2017-07-21'),
('1RV16IS076', '20172WS7747', 52191, 1250, '2017-07-22'),
('1RV16IS099', '20172WH9908', 17425, 1250, '2017-07-25'),
('1RV16ME015', '20172WS1146', 18650, 1250, '2017-07-24'),
('1RV16ME024', '20172WH8754', 76065, 1250, '2017-07-25'),
('1RV16ME025', '20172WS6417', 25338, 1250, '2017-07-23'),
('1RV16ME030', '20174WS1756', 53876, 2300, '2017-07-24'),
('1RV16ME041', '20172WH4878', 53954, 1250, '2017-07-23'),
('1RV16ME059', '20174WH6560', 36100, 2300, '2017-07-21'),
('1RV16TC013', '20174WS3408', 75210, 2300, '2017-07-25'),
('1RV16TC018', '20174WH1798', 91798, 2300, '2017-07-21'),
('1RV16TC042', '20172WS4051', 89566, 1250, '2017-07-22'),
('1RV16TC043', '20174WH0356', 24066, 2300, '2017-07-21'),
('1RV16TC052', '20172WS8250', 99876, 1250, '2017-07-25'),
('1RV16TC059', '20172WS2130', 88292, 1250, '2017-07-22'),
('1RV16TC061', '20172WS9644', 45769, 1250, '2017-07-21'),
('1RV16TC063', '20172WS5330', 81956, 1250, '2017-07-25'),
('1RV16TC064', '20172WH9182', 83083, 1250, '2017-07-25'),
('1RV16TC071', '20172WH2474', 44161, 1250, '2017-07-25'),
('1RV16TC079', '20172WS6263', 87341, 1250, '2017-07-24'),
('1RV16TC080', '20174WH4294', 85961, 2300, '2017-07-25'),
('1RV16TC083', '20174WH4622', 55805, 2300, '2017-07-24'),
('1RV16TC084', '20172WH4904', 40465, 1250, '2017-07-23'),
('1RV16TC097', '20172WS1067', 93795, 1250, '2017-07-22'),
('1RV17AE017', '20174WH1202', 19509, 2300, '2017-07-21'),
('1RV17AE019', '20172WS3625', 39521, 1250, '2017-07-24'),
('1RV17AE031', '20172WS0922', 47207, 1250, '2017-07-23'),
('1RV17AE032', '20172WH2902', 67080, 1250, '2017-07-25'),
('1RV17AE037', '20174WH4285', 20880, 2300, '2017-07-21'),
('1RV17AE038', '20172WS9755', 92129, 1250, '2017-07-21'),
('1RV17AE045', '20172WS3571', 65835, 1250, '2017-07-25'),
('1RV17AE058', '20172WS9556', 59487, 1250, '2017-07-22'),
('1RV17AE073', '20172WS3043', 91408, 1250, '2017-07-23'),
('1RV17AE076', '20174WS4723', 95455, 2300, '2017-07-21'),
('1RV17AE078', '20174WH8477', 31176, 2300, '2017-07-22'),
('1RV17BT023', '20172WS3557', 86925, 1250, '2017-07-25'),
('1RV17BT026', '20172WS6517', 85465, 1250, '2017-07-21'),
('1RV17BT031', '20172WH8660', 41285, 1250, '2017-07-23'),
('1RV17BT033', '20174WS1299', 22399, 2300, '2017-07-21'),
('1RV17BT036', '20172WS9508', 28438, 1250, '2017-07-24'),
('1RV17BT040', '20174WH0762', 11050, 2300, '2017-07-22'),
('1RV17BT042', '20172WS8340', 52760, 1250, '2017-07-23'),
('1RV17BT044', '20172WH4236', 78780, 1250, '2017-07-23'),
('1RV17BT047', '20172WS2314', 62355, 1250, '2017-07-22'),
('1RV17BT063', '20172WS9347', 96410, 1250, '2017-07-25'),
('1RV17BT072', '20172WS7960', 13498, 1250, '2017-07-22'),
('1RV17BT074', '20172WS1436', 10072, 1250, '2017-07-23'),
('1RV17BT076', '20172WS6177', 71861, 1250, '2017-07-23'),
('1RV17BT078', '20172WS9378', 44530, 1250, '2017-07-21'),
('1RV17BT085', '20174WH6793', 91993, 2300, '2017-07-23'),
('1RV17BT089', '20172WS3930', 80911, 1250, '2017-07-24'),
('1RV17BT090', '20172WH2914', 85216, 1250, '2017-07-22'),
('1RV17BT091', '20172WS0271', 36440, 1250, '2017-07-21'),
('1RV17BT095', '20174WS9177', 85704, 2300, '2017-07-23'),
('1RV17BT096', '20172WH5030', 42082, 1250, '2017-07-24'),
('1RV17CE018', '20172WH2791', 92741, 1250, '2017-07-21'),
('1RV17CE020', '20172WH3591', 96139, 1250, '2017-07-24'),
('1RV17CE021', '20172WS4307', 78510, 1250, '2017-07-23'),
('1RV17CE026', '20172WS3519', 60172, 1250, '2017-07-23'),
('1RV17CE027', '20174WS2808', 28491, 2300, '2017-07-25'),
('1RV17CE028', '20172WH6209', 32179, 1250, '2017-07-21'),
('1RV17CE055', '20172WH6183', 63978, 1250, '2017-07-22'),
('1RV17CE063', '20172WH6737', 87689, 1250, '2017-07-22'),
('1RV17CE094', '20172WS2780', 74974, 1250, '2017-07-21'),
('1RV17CE099', '20172WS6284', 47726, 1250, '2017-07-22'),
('1RV17CH014', '20172WS5029', 89801, 1250, '2017-07-23'),
('1RV17CH018', '20172WS3578', 39893, 1250, '2017-07-25'),
('1RV17CH021', '20172WH4074', 34055, 1250, '2017-07-25'),
('1RV17CH023', '20172WH8437', 92285, 1250, '2017-07-22'),
('1RV17CH033', '20172WS8219', 54669, 1250, '2017-07-24'),
('1RV17CH036', '20172WS6248', 41242, 1250, '2017-07-22'),
('1RV17CH038', '20172WS1593', 20617, 1250, '2017-07-23'),
('1RV17CH053', '20172WS5815', 19104, 1250, '2017-07-22'),
('1RV17CH059', '20172WS0446', 97281, 1250, '2017-07-23'),
('1RV17CH068', '20172WS1331', 51731, 1250, '2017-07-22'),
('1RV17CH070', '20172WS3570', 67426, 1250, '2017-07-21'),
('1RV17CH082', '20172WS0008', 20631, 1250, '2017-07-23'),
('1RV17CH083', '20172WS1462', 51555, 1250, '2017-07-21'),
('1RV17CH085', '20174WH2622', 86695, 2300, '2017-07-21'),
('1RV17CH091', '20172WS2858', 77612, 1250, '2017-07-23'),
('1RV17CH094', '20172WS4652', 64102, 1250, '2017-07-23'),
('1RV17CS010', '20172WS5344', 33570, 1250, '2017-07-25'),
('1RV17CS011', '20172WS8081', 92957, 1250, '2017-07-21'),
('1RV17CS019', '20174WS7721', 76733, 2300, '2017-07-25'),
('1RV17CS051', '20174WH0757', 52553, 2300, '2017-07-25'),
('1RV17CS055', '20172WS6562', 87453, 1250, '2017-07-25'),
('1RV17CS061', '20172WS3269', 18076, 1250, '2017-07-22'),
('1RV17CS071', '20172WS4517', 56275, 1250, '2017-07-24'),
('1RV17CS075', '20172WS2638', 51597, 1250, '2017-07-22'),
('1RV17CS095', '20172WH2070', 28293, 1250, '2017-07-24'),
('1RV17EC011', '20172WH8823', 92029, 1250, '2017-07-21'),
('1RV17EC015', '20172WS5554', 83546, 1250, '2017-07-21'),
('1RV17EC020', '20172WS3621', 53534, 1250, '2017-07-25'),
('1RV17EC044', '20172WS1772', 50990, 1250, '2017-07-25'),
('1RV17EC068', '20172WS2394', 53169, 1250, '2017-07-22'),
('1RV17EC071', '20172WS7770', 29203, 1250, '2017-07-22'),
('1RV17EC073', '20172WS1283', 71377, 1250, '2017-07-21'),
('1RV17EC085', '20172WH5398', 27508, 1250, '2017-07-21'),
('1RV17EC099', '20172WS5157', 29940, 1250, '2017-07-24'),
('1RV17EE011', '20172WS9991', 94610, 1250, '2017-07-22'),
('1RV17EE015', '20172WH2081', 59496, 1250, '2017-07-25'),
('1RV17EE017', '20172WS7678', 87666, 1250, '2017-07-24'),
('1RV17EE022', '20174WH1766', 39694, 2300, '2017-07-24'),
('1RV17EE037', '20172WS6194', 41933, 1250, '2017-07-22'),
('1RV17EE070', '20174WH2212', 32936, 2300, '2017-07-23'),
('1RV17EE075', '20172WS2950', 56681, 1250, '2017-07-21'),
('1RV17EE081', '20172WH8216', 71041, 1250, '2017-07-24'),
('1RV17EE099', '20172WH6184', 71578, 1250, '2017-07-23'),
('1RV17EI012', '20172WS3371', 82256, 1250, '2017-07-23'),
('1RV17EI023', '20174WH7439', 23591, 2300, '2017-07-25'),
('1RV17EI033', '20174WH2599', 19650, 2300, '2017-07-24'),
('1RV17EI046', '20172WS3231', 99353, 1250, '2017-07-23'),
('1RV17EI058', '20172WS9405', 56434, 1250, '2017-07-22'),
('1RV17EI080', '20172WH2221', 91174, 1250, '2017-07-24'),
('1RV17EI082', '20172WS0766', 60556, 1250, '2017-07-22'),
('1RV17EI083', '20172WS5868', 16491, 1250, '2017-07-21'),
('1RV17EI088', '20172WS7140', 29143, 1250, '2017-07-21'),
('1RV17EI095', '20172WS2105', 38227, 1250, '2017-07-25'),
('1RV17IEM015', '20172WS0871', 92320, 1250, '2017-07-21'),
('1RV17IEM019', '20172WS4071', 40914, 1250, '2017-07-24'),
('1RV17IEM033', '20172WS4572', 41232, 1250, '2017-07-22'),
('1RV17IEM035', '20172WS0885', 18836, 1250, '2017-07-25'),
('1RV17IEM037', '20172WH2439', 28623, 1250, '2017-07-24'),
('1RV17IEM042', '20172WS6818', 34547, 1250, '2017-07-25'),
('1RV17IEM048', '20172WS5348', 61760, 1250, '2017-07-22'),
('1RV17IEM054', '20172WS9365', 44601, 1250, '2017-07-24'),
('1RV17IEM068', '20172WS7800', 31644, 1250, '2017-07-24'),
('1RV17IEM073', '20174WS7886', 19076, 2300, '2017-07-21'),
('1RV17IEM079', '20172WS8325', 88180, 1250, '2017-07-23'),
('1RV17IEM093', '20172WS7482', 21634, 1250, '2017-07-23'),
('1RV17IEM094', '20172WS8061', 37864, 1250, '2017-07-23'),
('1RV17IS010', '20172WS9945', 50260, 1250, '2017-07-21'),
('1RV17IS025', '20172WH4631', 15071, 1250, '2017-07-21'),
('1RV17IS029', '20172WH4602', 90974, 1250, '2017-07-21'),
('1RV17IS030', '20174WH7083', 56750, 2300, '2017-07-21'),
('1RV17IS031', '20172WS7079', 27818, 1250, '2017-07-25'),
('1RV17IS048', '20172WH2367', 47449, 1250, '2017-07-24'),
('1RV17IS053', '20172WH5918', 51703, 1250, '2017-07-21'),
('1RV17IS076', '20172WS5719', 87042, 1250, '2017-07-21'),
('1RV17IS099', '20172WS4242', 72905, 1250, '2017-07-22'),
('1RV17ME010', '20172WS2757', 73748, 1250, '2017-07-23'),
('1RV17ME012', '20172WS3261', 57545, 1250, '2017-07-21'),
('1RV17ME034', '20174WH0305', 76523, 2300, '2017-07-25'),
('1RV17ME035', '20172WS5873', 65560, 1250, '2017-07-25'),
('1RV17ME037', '20172WS0841', 65307, 1250, '2017-07-22'),
('1RV17ME042', '20172WS0720', 11351, 1250, '2017-07-21'),
('1RV17ME051', '20172WS4899', 67925, 1250, '2017-07-25'),
('1RV17ME071', '20174WS3357', 49806, 2300, '2017-07-22'),
('1RV17ME075', '20172WS9597', 39767, 1250, '2017-07-22'),
('1RV17ME093', '20172WS5319', 65333, 1250, '2017-07-24'),
('1RV17TC030', '20172WS8191', 86183, 1250, '2017-07-21'),
('1RV17TC057', '20172WS8513', 76600, 1250, '2017-07-25'),
('1RV17TC078', '20172WS6893', 76036, 1250, '2017-07-25'),
('1RV17TC082', '20172WH4651', 64596, 1250, '2017-07-21'),
('1RV17TC083', '20172WS2595', 39745, 1250, '2017-07-21'),
('1RV17TC098', '20174WH2310', 54667, 2300, '2017-07-23');

-- --------------------------------------------------------

--
-- Table structure for table `route`
--

CREATE TABLE IF NOT EXISTS `route` (
  `RouteNo` int(11) NOT NULL,
  `Date` date NOT NULL,
  `RouteName` varchar(25) DEFAULT NULL,
  `NoOfStops` int(11) DEFAULT NULL
) ENGINE=InnoDB DEFAULT CHARSET=latin1;

--
-- Dumping data for table `route`
--

INSERT INTO `route` (`RouteNo`, `Date`, `RouteName`, `NoOfStops`) VALUES
(1, '2017-07-10', 'RSST', 13),
(2, '2017-07-10', 'Udupi Garden', 13),
(3, '2017-07-10', 'Domlur Junction', 9),
(5, '2018-05-01', 'Kengeri', 2),
(6, '2017-07-10', 'Shivajinagar', 14),
(7, '2017-07-10', 'Nandini Layout', 10),
(8, '2017-07-10', 'Mekhri Circle', 11),
(9, '2017-07-10', 'Indiranagar', 9),
(10, '2017-07-10', 'Jayanagar(Staff)', 19),
(11, '2017-07-10', 'Shivajinagar(Staff)', 15),
(12, '2017-07-10', 'Mahadevpura', 20);

-- --------------------------------------------------------

--
-- Table structure for table `routedetails`
--

CREATE TABLE IF NOT EXISTS `routedetails` (
  `RouteNo` int(11) NOT NULL,
  `Date` date NOT NULL,
  `StopNo` int(11) NOT NULL,
  `StopName` varchar(60) DEFAULT NULL
) ENGINE=InnoDB DEFAULT CHARSET=latin1;

--
-- Dumping data for table `routedetails`
--

INSERT INTO `routedetails` (`RouteNo`, `Date`, `StopNo`, `StopName`) VALUES
(1, '2017-07-10', 1, 'RSST'),
(1, '2017-07-10', 2, 'Ashoka Pillar'),
(1, '2017-07-10', 3, 'Madhavan Park'),
(1, '2017-07-10', 4, 'Boys Hostel (Jayanagar 3rd Block)'),
(1, '2017-07-10', 5, 'South End Circle'),
(1, '2017-07-10', 6, 'Taxi Stand(Gandhi Bazaar)'),
(1, '2017-07-10', 7, 'Ramakrishna Ashrama'),
(1, '2017-07-10', 8, 'Canara Bank'),
(1, '2017-07-10', 9, 'Hanumanthanagar'),
(1, '2017-07-10', 10, 'Bank Colony'),
(1, '2017-07-10', 11, 'Seetha Circle'),
(1, '2017-07-10', 12, 'Hoskerehalli'),
(1, '2017-07-10', 13, 'RVCE'),
(2, '2017-07-10', 1, 'Udupi Garden'),
(2, '2017-07-10', 2, 'Jayadeva Cardiology'),
(2, '2017-07-10', 3, 'Ragi Gudda'),
(2, '2017-07-10', 4, 'Jayanagar 9th Block (Noor Store)'),
(2, '2017-07-10', 5, 'S.G.H. BusStop'),
(2, '2017-07-10', 6, 'Coffee Day'),
(2, '2017-07-10', 7, 'Telephone Exchange'),
(2, '2017-07-10', 8, 'Bangalore High School'),
(2, '2017-07-10', 9, 'K.R.Road (Shastri Bakery)'),
(2, '2017-07-10', 10, 'Indira Nursing Home'),
(2, '2017-07-10', 11, 'KIMS'),
(2, '2017-07-10', 12, 'D.G. Petrol Bunk'),
(2, '2017-07-10', 13, 'RVCE'),
(3, '2017-07-10', 1, 'Domlur Junction (Fly-Over)'),
(3, '2017-07-10', 2, 'WIPRO Park'),
(3, '2017-07-10', 3, 'Canara Bank (Koramangala)'),
(3, '2017-07-10', 4, '4th Block(Koramangala)'),
(3, '2017-07-10', 5, 'Kendriya Sadan'),
(3, '2017-07-10', 6, 'Silk Board Junction'),
(3, '2017-07-10', 7, 'East End Circle(Jayanagar)'),
(3, '2017-07-10', 8, 'D.G. Petrol Bunk'),
(3, '2017-07-10', 9, 'RVCE'),
(5, '2018-05-01', 1, 'Kengeri'),
(5, '2018-05-01', 2, 'RVCE'),
(6, '2017-07-10', 1, 'Shivajinagar (Ramda Hotel)'),
(6, '2017-07-10', 2, 'Indian Express'),
(6, '2017-07-10', 3, 'Raj Bhavan'),
(6, '2017-07-10', 4, 'Shivananda Stores'),
(6, '2017-07-10', 5, 'Nataraja Theatre'),
(6, '2017-07-10', 6, 'Okalipuram'),
(6, '2017-07-10', 7, 'Rajajinagar Entrance'),
(6, '2017-07-10', 8, 'Bhashyam Circle'),
(6, '2017-07-10', 9, 'Rajajinagar 6thBlock'),
(6, '2017-07-10', 10, 'Prasanna Theatre'),
(6, '2017-07-10', 11, 'Vijayanagar Bus Stand'),
(6, '2017-07-10', 12, 'B.M.T.C Garage'),
(6, '2017-07-10', 13, 'Attiguppe'),
(6, '2017-07-10', 14, 'RVCE'),
(7, '2017-07-10', 1, 'Nandini layout'),
(7, '2017-07-10', 2, 'Srinivasa Temple'),
(7, '2017-07-10', 3, 'Rajajinagar 1stBlock'),
(7, '2017-07-10', 4, 'Hotel Gokul'),
(7, '2017-07-10', 5, 'Shankar Mutt'),
(7, '2017-07-10', 6, '8th Main(Basaveshwara nagar)'),
(7, '2017-07-10', 7, 'Havanur circle'),
(7, '2017-07-10', 8, 'Vijayanagar Bus Stand'),
(7, '2017-07-10', 9, 'BHEL Town Ship'),
(7, '2017-07-10', 10, 'RVCE'),
(8, '2017-07-10', 1, 'Mekhri Circle'),
(8, '2017-07-10', 2, 'RajamahalGuttahalli'),
(8, '2017-07-10', 3, 'Sadashivanagar (Bhashyam Circle)'),
(8, '2017-07-10', 4, '18thCross (Malleshwaram)'),
(8, '2017-07-10', 5, 'K.C.General Hospital'),
(8, '2017-07-10', 6, 'Harishchandra Ghat'),
(8, '2017-07-10', 7, 'Navarang'),
(8, '2017-07-10', 8, 'Power House'),
(8, '2017-07-10', 9, 'Dhobi Ghat'),
(8, '2017-07-10', 10, 'Vijayanagar Bus Stand'),
(8, '2017-07-10', 11, 'RVCE'),
(9, '2017-07-10', 1, 'Big Bazaar (Old Madras Road)'),
(9, '2017-07-10', 2, 'Chinmaya Hospital'),
(9, '2017-07-10', 3, 'ACP Office'),
(9, '2017-07-10', 4, 'Ulsoor Bus Stand'),
(9, '2017-07-10', 5, 'KIDS Kemp'),
(9, '2017-07-10', 6, 'Richmond circle'),
(9, '2017-07-10', 7, 'Corporation'),
(9, '2017-07-10', 8, 'Town Hall'),
(9, '2017-07-10', 9, 'RVCE'),
(10, '2017-07-10', 1, 'Madhavan Park'),
(10, '2017-07-10', 2, 'Vijaya Bank (11th Main)'),
(10, '2017-07-10', 3, 'Himalaya Stores (18th Main)'),
(10, '2017-07-10', 4, 'Pump House (CarmelConvent Road)'),
(10, '2017-07-10', 5, 'IX Block (East Circle)'),
(10, '2017-07-10', 6, 'BPRI'),
(10, '2017-07-10', 7, 'Sevakshetra Hospital'),
(10, '2017-07-10', 8, '(40th Cross, 9th Main) Junction'),
(10, '2017-07-10', 9, 'JSS School (38th Cross)'),
(10, '2017-07-10', 10, '19th Cross'),
(10, '2017-07-10', 11, 'K.R Road'),
(10, '2017-07-10', 12, 'KIET'),
(10, '2017-07-10', 13, 'Shamanna Park (Nagasandra Circle)'),
(10, '2017-07-10', 14, 'Ramakrishna Ashram'),
(10, '2017-07-10', 15, 'Canara Bank'),
(10, '2017-07-10', 16, 'Hanumantha Nagar'),
(10, '2017-07-10', 17, 'Bank Colony'),
(10, '2017-07-10', 18, 'Ring Road'),
(10, '2017-07-10', 19, 'RVCE'),
(11, '2017-07-10', 1, 'Shivajinagar (Ramda Hotel)'),
(11, '2017-07-10', 2, 'Shivananda stores'),
(11, '2017-07-10', 3, 'Nataraja Theatre'),
(11, '2017-07-10', 4, 'Malleshwaram Circle (K.G.Hospital)'),
(11, '2017-07-10', 5, 'Harischandra Ghat'),
(11, '2017-07-10', 6, 'Mariyappana Palya'),
(11, '2017-07-10', 7, 'Navarang Theatre'),
(11, '2017-07-10', 8, 'ESI'),
(11, '2017-07-10', 9, 'Rama Mandira'),
(11, '2017-07-10', 10, 'Prasanna Theatre'),
(11, '2017-07-10', 11, 'Vijayanagar Bus Stand'),
(11, '2017-07-10', 12, 'Maruthi Mandira'),
(11, '2017-07-10', 13, 'BMTC Depot'),
(11, '2017-07-10', 14, 'Attiguppe'),
(11, '2017-07-10', 15, 'RVCE'),
(12, '2017-07-10', 1, 'Mahadevipura HDFC Bank( B.Narayanapura'),
(12, '2017-07-10', 2, 'EMC-2'),
(12, '2017-07-10', 3, 'Karthiknagar Bus stop'),
(12, '2017-07-10', 4, 'Marathalli Kalamandir'),
(12, '2017-07-10', 5, 'JP Margan'),
(12, '2017-07-10', 6, 'Belandur Eco Space'),
(12, '2017-07-10', 7, 'Akmey Harmony Apartments'),
(12, '2017-07-10', 8, 'Sarjapura/Iblur Signal'),
(12, '2017-07-10', 9, 'Agara Signal'),
(12, '2017-07-10', 10, 'SBI Bank HSR Layout 24th Main'),
(12, '2017-07-10', 11, 'HSR BDA Complex'),
(12, '2017-07-10', 12, 'Jnanai Tour & Travels/Furnhill Apartments'),
(12, '2017-07-10', 13, 'Central Silk Board'),
(12, '2017-07-10', 14, 'Jayadeva signal'),
(12, '2017-07-10', 15, 'JD Mara Signal'),
(12, '2017-07-10', 16, 'Delmia Signal'),
(12, '2017-07-10', 17, 'Brigade Residency/Chikkalsandra Shanimahatma Temple'),
(12, '2017-07-10', 18, 'Uttarahalli Circle'),
(12, '2017-07-10', 19, 'RR Nagar Arch'),
(12, '2017-07-10', 20, 'RVCE');

-- --------------------------------------------------------

--
-- Table structure for table `vehicle`
--

CREATE TABLE IF NOT EXISTS `vehicle` (
  `VID` char(11) NOT NULL,
  `VehicleType` char(2) NOT NULL,
  `ParkingAreaID` int(11) DEFAULT NULL,
  `SlotID` varchar(10) DEFAULT NULL
) ENGINE=InnoDB DEFAULT CHARSET=latin1;

--
-- Dumping data for table `vehicle`
--

INSERT INTO `vehicle` (`VID`, `VehicleType`, `ParkingAreaID`, `SlotID`) VALUES
('20172WF0155', '2W', 8, 'PID082W001'),
('20172WF0298', '2W', 7, 'PID072W001'),
('20172WF0317', '2W', 9, 'PID092W001'),
('20172WF0399', '2W', 8, 'PID082W002'),
('20172WF0505', '2W', 8, 'PID082W003'),
('20172WF0528', '2W', 1, 'PID012W001'),
('20172WF0803', '2W', 1, 'PID012W002'),
('20172WF0811', '2W', 8, 'PID082W004'),
('20172WF0904', '2W', 7, 'PID072W002'),
('20172WF1008', '2W', 7, 'PID072W003'),
('20172WF1162', '2W', 7, 'PID072W004'),
('20172WF1205', '2W', 7, 'PID072W005'),
('20172WF1421', '2W', 8, 'PID082W005'),
('20172WF1541', '2W', 8, 'PID082W006'),
('20172WF1548', '2W', 7, 'PID072W006'),
('20172WF1581', '2W', 5, 'PID052W002'),
('20172WF1596', '2W', 5, 'PID052W001'),
('20172WF1619', '2W', 8, 'PID082W007'),
('20172WF1626', '2W', 7, 'PID072W007'),
('20172WF1771', '2W', 8, 'PID082W008'),
('20172WF1773', '2W', 8, 'PID082W009'),
('20172WF1789', '2W', 7, 'PID072W008'),
('20172WF1810', '2W', 3, 'PID032W001'),
('20172WF2057', '2W', 1, 'PID012W003'),
('20172WF2213', '2W', 2, 'PID022W001'),
('20172WF2324', '2W', 9, 'PID092W002'),
('20172WF2344', '2W', 8, 'PID082W010'),
('20172WF2430', '2W', 9, 'PID092W003'),
('20172WF2502', '2W', 8, 'PID082W011'),
('20172WF2768', '2W', 4, 'PID042W001'),
('20172WF2823', '2W', 8, 'PID082W012'),
('20172WF2970', '2W', 8, 'PID082W013'),
('20172WF3032', '2W', 2, 'PID022W002'),
('20172WF3091', '2W', 8, 'PID082W014'),
('20172WF3288', '2W', 1, 'PID012W004'),
('20172WF3317', '2W', 7, 'PID072W009'),
('20172WF3329', '2W', 7, 'PID072W010'),
('20172WF3606', '2W', 8, 'PID082W015'),
('20172WF3639', '2W', 8, 'PID082W016'),
('20172WF3648', '2W', 1, 'PID012W005'),
('20172WF3724', '2W', 10, 'PID102W002'),
('20172WF3785', '2W', 8, 'PID082W017'),
('20172WF3813', '2W', 7, 'PID072W011'),
('20172WF3886', '2W', 8, 'PID082W018'),
('20172WF4020', '2W', 1, 'PID012W006'),
('20172WF4100', '2W', 7, 'PID072W012'),
('20172WF4141', '2W', 8, 'PID082W019'),
('20172WF4203', '2W', 1, 'PID012W007'),
('20172WF4229', '2W', 8, 'PID082W020'),
('20172WF4280', '2W', 2, 'PID022W003'),
('20172WF4335', '2W', 8, 'PID082W021'),
('20172WF4409', '2W', 7, 'PID072W013'),
('20172WF4470', '2W', 7, 'PID072W014'),
('20172WF4559', '2W', 8, 'PID082W022'),
('20172WF4571', '2W', 6, 'PID062W002'),
('20172WF4586', '2W', 8, 'PID082W023'),
('20172WF4616', '2W', 8, 'PID082W024'),
('20172WF4625', '2W', 7, 'PID072W015'),
('20172WF4768', '2W', 10, 'PID102W001'),
('20172WF4772', '2W', 8, 'PID082W025'),
('20172WF4825', '2W', 7, 'PID072W016'),
('20172WF4961', '2W', 3, 'PID032W002'),
('20172WF5091', '2W', 8, 'PID082W026'),
('20172WF5227', '2W', 7, 'PID072W017'),
('20172WF5285', '2W', 1, 'PID012W008'),
('20172WF5362', '2W', 4, 'PID042W002'),
('20172WF5432', '2W', 8, 'PID082W027'),
('20172WF5510', '2W', 3, 'PID032W003'),
('20172WF5612', '2W', 9, 'PID092W004'),
('20172WF5716', '2W', 8, 'PID082W028'),
('20172WF5779', '2W', 7, 'PID072W018'),
('20172WF6000', '2W', 8, 'PID082W029'),
('20172WF6001', '2W', 10, 'PID102W003'),
('20172WF6005', '2W', 8, 'PID082W030'),
('20172WF6139', '2W', 8, 'PID082W031'),
('20172WF6219', '2W', 7, 'PID072W019'),
('20172WF6326', '2W', 7, 'PID072W020'),
('20172WF6667', '2W', 8, 'PID082W032'),
('20172WF6711', '2W', 7, 'PID072W021'),
('20172WF7232', '2W', 8, 'PID082W033'),
('20172WF7290', '2W', 7, 'PID072W022'),
('20172WF7296', '2W', 8, 'PID082W034'),
('20172WF7376', '2W', 6, 'PID062W001'),
('20172WF7486', '2W', 7, 'PID072W023'),
('20172WF7537', '2W', 7, 'PID072W024'),
('20172WF7556', '2W', 8, 'PID082W035'),
('20172WF7570', '2W', 2, 'PID022W004'),
('20172WF7676', '2W', 8, 'PID082W036'),
('20172WF7777', '2W', 1, 'PID012W009'),
('20172WF7910', '2W', 7, 'PID072W025'),
('20172WF7956', '2W', 7, 'PID072W026'),
('20172WF8140', '2W', 8, 'PID082W037'),
('20172WF8397', '2W', 7, 'PID072W027'),
('20172WF8535', '2W', 8, 'PID082W038'),
('20172WF8666', '2W', 9, 'PID092W005'),
('20172WF8689', '2W', 8, 'PID082W039'),
('20172WF8793', '2W', 1, 'PID012W010'),
('20172WF8809', '2W', 7, 'PID072W028'),
('20172WF8895', '2W', 7, 'PID072W029'),
('20172WF8905', '2W', 8, 'PID082W040'),
('20172WF8958', '2W', 3, 'PID032W004'),
('20172WF8988', '2W', 10, 'PID102W004'),
('20172WF9002', '2W', 1, 'PID012W011'),
('20172WF9122', '2W', 1, 'PID012W012'),
('20172WF9437', '2W', 8, 'PID082W041'),
('20172WF9567', '2W', 7, 'PID072W030'),
('20172WF9619', '2W', 8, 'PID082W042'),
('20172WF9654', '2W', 8, 'PID082W043'),
('20172WF9873', '2W', 8, 'PID082W044'),
('20172WH0211', '2W', 12, 'PID122W053'),
('20172WH0243', '2W', 11, 'PID112W033'),
('20172WH0251', '2W', 12, 'PID122W051'),
('20172WH0271', '2W', 12, 'PID122W049'),
('20172WH0373', '2W', 12, 'PID122W046'),
('20172WH0389', '2W', 11, 'PID112W027'),
('20172WH0617', '2W', 11, 'PID112W026'),
('20172WH0971', '2W', 12, 'PID122W043'),
('20172WH1002', '2W', 12, 'PID122W041'),
('20172WH1096', '2W', 12, 'PID122W038'),
('20172WH1243', '2W', 12, 'PID122W036'),
('20172WH1343', '2W', 12, 'PID122W034'),
('20172WH1353', '2W', 12, 'PID122W032'),
('20172WH1429', '2W', 11, 'PID112W022'),
('20172WH1595', '2W', 12, 'PID122W027'),
('20172WH1803', '2W', 11, 'PID112W021'),
('20172WH1836', '2W', 12, 'PID122W024'),
('20172WH1907', '2W', 11, 'PID112W020'),
('20172WH2070', '2W', 11, 'PID112W018'),
('20172WH2081', '2W', 12, 'PID122W021'),
('20172WH2108', '2W', 11, 'PID112W016'),
('20172WH2133', '2W', 11, 'PID112W013'),
('20172WH2221', '2W', 12, 'PID122W017'),
('20172WH2367', '2W', 11, 'PID112W011'),
('20172WH2391', '2W', 11, 'PID112W010'),
('20172WH2439', '2W', 11, 'PID112W009'),
('20172WH2474', '2W', 12, 'PID122W013'),
('20172WH2518', '2W', 12, 'PID122W012'),
('20172WH2625', '2W', 12, 'PID122W010'),
('20172WH2636', '2W', 12, 'PID122W009'),
('20172WH2698', '2W', 12, 'PID122W007'),
('20172WH2791', '2W', 12, 'PID122W005'),
('20172WH2902', '2W', 11, 'PID112W003'),
('20172WH2910', '2W', 11, 'PID112W002'),
('20172WH2912', '2W', 12, 'PID122W002'),
('20172WH2914', '2W', 12, 'PID122W001'),
('20172WH3057', '2W', 12, 'PID122W003'),
('20172WH3275', '2W', 11, 'PID112W001'),
('20172WH3433', '2W', 12, 'PID122W004'),
('20172WH3591', '2W', 12, 'PID122W006'),
('20172WH3675', '2W', 12, 'PID122W008'),
('20172WH3733', '2W', 11, 'PID112W004'),
('20172WH3898', '2W', 12, 'PID122W011'),
('20172WH3930', '2W', 11, 'PID112W005'),
('20172WH4074', '2W', 11, 'PID112W006'),
('20172WH4227', '2W', 11, 'PID112W007'),
('20172WH4236', '2W', 12, 'PID122W014'),
('20172WH4318', '2W', 11, 'PID112W008'),
('20172WH4356', '2W', 12, 'PID122W015'),
('20172WH4549', '2W', 12, 'PID122W016'),
('20172WH4602', '2W', 12, 'PID122W018'),
('20172WH4631', '2W', 12, 'PID122W019'),
('20172WH4651', '2W', 11, 'PID112W012'),
('20172WH4755', '2W', 12, 'PID122W020'),
('20172WH4878', '2W', 11, 'PID112W014'),
('20172WH4904', '2W', 11, 'PID112W015'),
('20172WH4911', '2W', 11, 'PID112W017'),
('20172WH4999', '2W', 12, 'PID122W022'),
('20172WH5030', '2W', 12, 'PID122W023'),
('20172WH5065', '2W', 11, 'PID112W019'),
('20172WH5073', '2W', 12, 'PID122W025'),
('20172WH5147', '2W', 12, 'PID122W026'),
('20172WH5375', '2W', 12, 'PID122W028'),
('20172WH5376', '2W', 12, 'PID122W029'),
('20172WH5398', '2W', 12, 'PID122W030'),
('20172WH5576', '2W', 12, 'PID122W031'),
('20172WH5702', '2W', 12, 'PID122W033'),
('20172WH5918', '2W', 12, 'PID122W035'),
('20172WH6026', '2W', 11, 'PID112W023'),
('20172WH6158', '2W', 12, 'PID122W037'),
('20172WH6183', '2W', 12, 'PID122W039'),
('20172WH6184', '2W', 12, 'PID122W040'),
('20172WH6209', '2W', 12, 'PID122W042'),
('20172WH6221', '2W', 11, 'PID112W024'),
('20172WH6288', '2W', 12, 'PID122W044'),
('20172WH6424', '2W', 12, 'PID122W045'),
('20172WH6508', '2W', 11, 'PID112W025'),
('20172WH6711', '2W', 12, 'PID122W047'),
('20172WH6737', '2W', 12, 'PID122W048'),
('20172WH6786', '2W', 11, 'PID112W028'),
('20172WH6894', '2W', 12, 'PID122W050'),
('20172WH6995', '2W', 11, 'PID112W029'),
('20172WH7285', '2W', 12, 'PID122W052'),
('20172WH7302', '2W', 11, 'PID112W030'),
('20172WH7350', '2W', 11, 'PID112W031'),
('20172WH7457', '2W', 11, 'PID112W032'),
('20172WH7514', '2W', 12, 'PID122W054'),
('20172WH7680', '2W', 12, 'PID122W055'),
('20172WH7769', '2W', 12, 'PID122W056'),
('20172WH7950', '2W', 12, 'PID122W057'),
('20172WH8153', '2W', 11, 'PID112W034'),
('20172WH8206', '2W', 11, 'PID112W035'),
('20172WH8216', '2W', 12, 'PID122W058'),
('20172WH8253', '2W', 11, 'PID112W036'),
('20172WH8259', '2W', 12, 'PID122W059'),
('20172WH8284', '2W', 12, 'PID122W060'),
('20172WH8349', '2W', 11, 'PID112W037'),
('20172WH8437', '2W', 12, 'PID122W061'),
('20172WH8440', '2W', 12, 'PID122W062'),
('20172WH8660', '2W', 11, 'PID112W038'),
('20172WH8754', '2W', 11, 'PID112W039'),
('20172WH8823', '2W', 12, 'PID122W063'),
('20172WH8854', '2W', 12, 'PID122W064'),
('20172WH8900', '2W', 12, 'PID122W065'),
('20172WH8901', '2W', 12, 'PID122W066'),
('20172WH8947', '2W', 12, 'PID122W067'),
('20172WH8979', '2W', 12, 'PID122W068'),
('20172WH8986', '2W', 12, 'PID122W069'),
('20172WH9043', '2W', 12, 'PID122W070'),
('20172WH9078', '2W', 12, 'PID122W071'),
('20172WH9149', '2W', 11, 'PID112W040'),
('20172WH9157', '2W', 12, 'PID122W072'),
('20172WH9182', '2W', 11, 'PID112W041'),
('20172WH9207', '2W', 11, 'PID112W042'),
('20172WH9528', '2W', 11, 'PID112W043'),
('20172WH9648', '2W', 11, 'PID112W044'),
('20172WH9763', '2W', 12, 'PID122W073'),
('20172WH9780', '2W', 12, 'PID122W074'),
('20172WH9804', '2W', 11, 'PID112W045'),
('20172WH9908', '2W', 12, 'PID122W075'),
('20172WN0015', '2W', 8, 'PID082W045'),
('20172WN1115', '2W', 8, 'PID082W046'),
('20172WN1281', '2W', 4, 'PID042W003'),
('20172WN3848', '2W', 8, 'PID082W047'),
('20172WN5288', '2W', 7, 'PID072W031'),
('20172WN5853', '2W', 8, 'PID082W048'),
('20172WN7122', '2W', 8, 'PID082W049'),
('20172WN7726', '2W', 1, 'PID012W013'),
('20172WN8447', '2W', 7, 'PID072W032'),
('20172WN8878', '2W', 6, 'PID062W003'),
('20172WN9582', '2W', 4, 'PID042W004'),
('20172WS0006', '2W', 9, 'PID092W006'),
('20172WS0008', '2W', 8, 'PID082W050'),
('20172WS0017', '2W', 10, 'PID102W005'),
('20172WS0165', '2W', 5, 'PID052W003'),
('20172WS0238', '2W', 1, 'PID012W014'),
('20172WS0271', '2W', 7, 'PID072W033'),
('20172WS0275', '2W', 8, 'PID082W051'),
('20172WS0290', '2W', 3, 'PID032W005'),
('20172WS0291', '2W', 8, 'PID082W052'),
('20172WS0303', '2W', 7, 'PID072W034'),
('20172WS0349', '2W', 1, 'PID012W015'),
('20172WS0350', '2W', 3, 'PID032W006'),
('20172WS0399', '2W', 8, 'PID082W053'),
('20172WS0446', '2W', 8, 'PID082W054'),
('20172WS0457', '2W', 4, 'PID042W005'),
('20172WS0523', '2W', 7, 'PID072W035'),
('20172WS0547', '2W', 8, 'PID082W055'),
('20172WS0561', '2W', 8, 'PID082W056'),
('20172WS0609', '2W', 8, 'PID082W057'),
('20172WS0612', '2W', 3, 'PID032W007'),
('20172WS0653', '2W', 8, 'PID082W058'),
('20172WS0662', '2W', 5, 'PID052W004'),
('20172WS0710', '2W', 9, 'PID092W007'),
('20172WS0720', '2W', 8, 'PID082W059'),
('20172WS0766', '2W', 8, 'PID082W060'),
('20172WS0829', '2W', 3, 'PID032W008'),
('20172WS0834', '2W', 4, 'PID042W006'),
('20172WS0841', '2W', 7, 'PID072W036'),
('20172WS0871', '2W', 8, 'PID082W061'),
('20172WS0877', '2W', 8, 'PID082W062'),
('20172WS0882', '2W', 7, 'PID072W037'),
('20172WS0885', '2W', 8, 'PID082W063'),
('20172WS0922', '2W', 7, 'PID072W038'),
('20172WS0970', '2W', 9, 'PID092W008'),
('20172WS1067', '2W', 8, 'PID082W064'),
('20172WS1146', '2W', 8, 'PID082W065'),
('20172WS1173', '2W', 8, 'PID082W066'),
('20172WS1176', '2W', 8, 'PID082W067'),
('20172WS1217', '2W', 7, 'PID072W039'),
('20172WS1283', '2W', 7, 'PID072W040'),
('20172WS1320', '2W', 1, 'PID012W016'),
('20172WS1328', '2W', 7, 'PID072W041'),
('20172WS1331', '2W', 7, 'PID072W042'),
('20172WS1350', '2W', 7, 'PID072W043'),
('20172WS1375', '2W', 7, 'PID072W044'),
('20172WS1386', '2W', 7, 'PID072W045'),
('20172WS1394', '2W', 8, 'PID082W068'),
('20172WS1400', '2W', 1, 'PID012W017'),
('20172WS1436', '2W', 9, 'PID092W009'),
('20172WS1439', '2W', 4, 'PID042W007'),
('20172WS1440', '2W', 8, 'PID082W069'),
('20172WS1446', '2W', 1, 'PID012W018'),
('20172WS1462', '2W', 3, 'PID032W009'),
('20172WS1463', '2W', 10, 'PID102W006'),
('20172WS1503', '2W', 8, 'PID082W070'),
('20172WS1593', '2W', 3, 'PID032W010'),
('20172WS1616', '2W', 8, 'PID082W071'),
('20172WS1636', '2W', 4, 'PID042W008'),
('20172WS1656', '2W', 8, 'PID082W072'),
('20172WS1755', '2W', 7, 'PID072W046'),
('20172WS1772', '2W', 7, 'PID072W047'),
('20172WS1859', '2W', 8, 'PID082W073'),
('20172WS1894', '2W', 3, 'PID032W011'),
('20172WS1938', '2W', 1, 'PID012W019'),
('20172WS1978', '2W', 8, 'PID082W074'),
('20172WS1982', '2W', 7, 'PID072W048'),
('20172WS2044', '2W', 4, 'PID042W009'),
('20172WS2063', '2W', 3, 'PID032W012'),
('20172WS2090', '2W', 8, 'PID082W075'),
('20172WS2105', '2W', 8, 'PID082W076'),
('20172WS2121', '2W', 8, 'PID082W077'),
('20172WS2130', '2W', 3, 'PID032W013'),
('20172WS2188', '2W', 10, 'PID102W007'),
('20172WS2192', '2W', 8, 'PID082W078'),
('20172WS2198', '2W', 3, 'PID032W014'),
('20172WS2210', '2W', 7, 'PID072W049'),
('20172WS2214', '2W', 3, 'PID032W015'),
('20172WS2246', '2W', 8, 'PID082W079'),
('20172WS2270', '2W', 8, 'PID082W080'),
('20172WS2314', '2W', 10, 'PID102W008'),
('20172WS2329', '2W', 7, 'PID072W050'),
('20172WS2364', '2W', 10, 'PID102W009'),
('20172WS2370', '2W', 9, 'PID092W010'),
('20172WS2379', '2W', 8, 'PID082W081'),
('20172WS2394', '2W', 7, 'PID072W051'),
('20172WS2537', '2W', 1, 'PID012W020'),
('20172WS2557', '2W', 7, 'PID072W052'),
('20172WS2595', '2W', 7, 'PID072W053'),
('20172WS2638', '2W', 7, 'PID072W054'),
('20172WS2736', '2W', 8, 'PID082W082'),
('20172WS2757', '2W', 8, 'PID082W083'),
('20172WS2778', '2W', 9, 'PID092W011'),
('20172WS2780', '2W', 7, 'PID072W055'),
('20172WS2805', '2W', 1, 'PID012W021'),
('20172WS2858', '2W', 1, 'PID012W022'),
('20172WS2950', '2W', 7, 'PID072W056'),
('20172WS3043', '2W', 7, 'PID072W057'),
('20172WS3100', '2W', 10, 'PID102W010'),
('20172WS3132', '2W', 8, 'PID082W084'),
('20172WS3141', '2W', 9, 'PID092W012'),
('20172WS3162', '2W', 8, 'PID082W085'),
('20172WS3231', '2W', 7, 'PID072W058'),
('20172WS3261', '2W', 7, 'PID072W059'),
('20172WS3265', '2W', 3, 'PID032W016'),
('20172WS3269', '2W', 8, 'PID082W086'),
('20172WS3326', '2W', 7, 'PID072W060'),
('20172WS3356', '2W', 9, 'PID092W013'),
('20172WS3371', '2W', 10, 'PID102W011'),
('20172WS3417', '2W', 8, 'PID082W087'),
('20172WS3507', '2W', 8, 'PID082W088'),
('20172WS3519', '2W', 8, 'PID082W089'),
('20172WS3557', '2W', 3, 'PID032W017'),
('20172WS3570', '2W', 10, 'PID102W012'),
('20172WS3571', '2W', 7, 'PID072W061'),
('20172WS3578', '2W', 9, 'PID092W014'),
('20172WS3606', '2W', 1, 'PID012W023'),
('20172WS3621', '2W', 4, 'PID042W010'),
('20172WS3625', '2W', 8, 'PID082W090'),
('20172WS3644', '2W', 8, 'PID082W091'),
('20172WS3680', '2W', 8, 'PID082W092'),
('20172WS3721', '2W', 4, 'PID042W011'),
('20172WS3874', '2W', 10, 'PID102W013'),
('20172WS3876', '2W', 7, 'PID072W062'),
('20172WS3908', '2W', 3, 'PID032W018'),
('20172WS3930', '2W', 8, 'PID082W093'),
('20172WS3981', '2W', 1, 'PID012W024'),
('20172WS3996', '2W', 7, 'PID072W063'),
('20172WS4020', '2W', 8, 'PID082W094'),
('20172WS4051', '2W', 8, 'PID082W095'),
('20172WS4071', '2W', 5, 'PID052W005'),
('20172WS4099', '2W', 8, 'PID082W096'),
('20172WS4202', '2W', 8, 'PID082W097'),
('20172WS4214', '2W', 7, 'PID072W064'),
('20172WS4218', '2W', 7, 'PID072W065'),
('20172WS4242', '2W', 9, 'PID092W015'),
('20172WS4293', '2W', 1, 'PID012W025'),
('20172WS4296', '2W', 8, 'PID082W098'),
('20172WS4307', '2W', 7, 'PID072W067'),
('20172WS4308', '2W', 7, 'PID072W066'),
('20172WS4360', '2W', 1, 'PID012W026'),
('20172WS4372', '2W', 1, 'PID012W027'),
('20172WS4403', '2W', 10, 'PID102W014'),
('20172WS4480', '2W', 4, 'PID042W012'),
('20172WS4517', '2W', 9, 'PID092W016'),
('20172WS4557', '2W', 7, 'PID072W068'),
('20172WS4572', '2W', 7, 'PID072W069'),
('20172WS4596', '2W', 1, 'PID012W028'),
('20172WS4630', '2W', 10, 'PID102W015'),
('20172WS4638', '2W', 4, 'PID042W013'),
('20172WS4652', '2W', 1, 'PID012W029'),
('20172WS4762', '2W', 8, 'PID082W099'),
('20172WS4852', '2W', 8, 'PID082W100'),
('20172WS4881', '2W', 4, 'PID042W014'),
('20172WS4888', '2W', 4, 'PID042W015'),
('20172WS4899', '2W', 8, 'PID082W101'),
('20172WS4918', '2W', 8, 'PID082W102'),
('20172WS4930', '2W', 1, 'PID012W030'),
('20172WS4933', '2W', 7, 'PID072W070'),
('20172WS5029', '2W', 8, 'PID082W103'),
('20172WS5045', '2W', 1, 'PID012W031'),
('20172WS5108', '2W', 7, 'PID072W071'),
('20172WS5151', '2W', 10, 'PID102W016'),
('20172WS5152', '2W', 10, 'PID102W017'),
('20172WS5157', '2W', 7, 'PID072W072'),
('20172WS5233', '2W', 3, 'PID032W019'),
('20172WS5276', '2W', 3, 'PID032W020'),
('20172WS5319', '2W', 9, 'PID092W017'),
('20172WS5330', '2W', 1, 'PID012W032'),
('20172WS5344', '2W', 4, 'PID042W016'),
('20172WS5348', '2W', 4, 'PID042W017'),
('20172WS5526', '2W', 7, 'PID072W073'),
('20172WS5554', '2W', 7, 'PID072W074'),
('20172WS5597', '2W', 4, 'PID042W018'),
('20172WS5603', '2W', 1, 'PID012W033'),
('20172WS5659', '2W', 10, 'PID102W018'),
('20172WS5675', '2W', 10, 'PID102W019'),
('20172WS5707', '2W', 10, 'PID102W020'),
('20172WS5719', '2W', 8, 'PID082W104'),
('20172WS5782', '2W', 8, 'PID082W105'),
('20172WS5815', '2W', 8, 'PID082W106'),
('20172WS5868', '2W', 4, 'PID042W019'),
('20172WS5873', '2W', 8, 'PID082W107'),
('20172WS5929', '2W', 7, 'PID072W075'),
('20172WS5946', '2W', 8, 'PID082W108'),
('20172WS6059', '2W', 4, 'PID042W020'),
('20172WS6064', '2W', 10, 'PID102W021'),
('20172WS6071', '2W', 8, 'PID082W109'),
('20172WS6089', '2W', 3, 'PID032W021'),
('20172WS6106', '2W', 7, 'PID072W076'),
('20172WS6108', '2W', 7, 'PID072W077'),
('20172WS6112', '2W', 7, 'PID072W078'),
('20172WS6170', '2W', 3, 'PID032W022'),
('20172WS6177', '2W', 7, 'PID072W079'),
('20172WS6180', '2W', 4, 'PID042W021'),
('20172WS6194', '2W', 1, 'PID012W034'),
('20172WS6226', '2W', 4, 'PID042W022'),
('20172WS6228', '2W', 4, 'PID042W023'),
('20172WS6248', '2W', 1, 'PID012W035'),
('20172WS6263', '2W', 7, 'PID072W080'),
('20172WS6278', '2W', 8, 'PID082W110'),
('20172WS6284', '2W', 7, 'PID072W081'),
('20172WS6324', '2W', 3, 'PID032W023'),
('20172WS6329', '2W', 1, 'PID012W036'),
('20172WS6345', '2W', 8, 'PID082W111'),
('20172WS6358', '2W', 9, 'PID092W018'),
('20172WS6417', '2W', 7, 'PID072W082'),
('20172WS6517', '2W', 5, 'PID052W006'),
('20172WS6562', '2W', 4, 'PID042W024'),
('20172WS6592', '2W', 8, 'PID082W112'),
('20172WS6593', '2W', 8, 'PID082W113'),
('20172WS6609', '2W', 8, 'PID082W114'),
('20172WS6818', '2W', 7, 'PID072W083'),
('20172WS6819', '2W', 7, 'PID072W084'),
('20172WS6850', '2W', 8, 'PID082W115'),
('20172WS6857', '2W', 7, 'PID072W085'),
('20172WS6893', '2W', 8, 'PID082W116'),
('20172WS6897', '2W', 3, 'PID032W024'),
('20172WS6983', '2W', 7, 'PID072W086'),
('20172WS6992', '2W', 8, 'PID082W117'),
('20172WS7033', '2W', 1, 'PID012W037'),
('20172WS7042', '2W', 4, 'PID042W025'),
('20172WS7079', '2W', 3, 'PID032W025'),
('20172WS7085', '2W', 8, 'PID082W118'),
('20172WS7128', '2W', 7, 'PID072W087'),
('20172WS7140', '2W', 5, 'PID052W007'),
('20172WS7214', '2W', 7, 'PID072W088'),
('20172WS7278', '2W', 7, 'PID072W089'),
('20172WS7413', '2W', 1, 'PID012W038'),
('20172WS7482', '2W', 4, 'PID042W026'),
('20172WS7552', '2W', 9, 'PID092W019'),
('20172WS7606', '2W', 3, 'PID032W026'),
('20172WS7678', '2W', 7, 'PID072W090'),
('20172WS7747', '2W', 8, 'PID082W119'),
('20172WS7767', '2W', 8, 'PID082W120'),
('20172WS7770', '2W', 9, 'PID092W020'),
('20172WS7777', '2W', 9, 'PID092W021'),
('20172WS7800', '2W', 7, 'PID072W091'),
('20172WS7823', '2W', 8, 'PID082W121'),
('20172WS7892', '2W', 7, 'PID072W092'),
('20172WS7903', '2W', 3, 'PID032W027'),
('20172WS7912', '2W', 7, 'PID072W093'),
('20172WS7917', '2W', 8, 'PID082W122'),
('20172WS7960', '2W', 7, 'PID072W094'),
('20172WS8048', '2W', 10, 'PID102W022'),
('20172WS8061', '2W', 7, 'PID072W095'),
('20172WS8078', '2W', 3, 'PID032W028'),
('20172WS8081', '2W', 1, 'PID012W039'),
('20172WS8105', '2W', 5, 'PID052W008'),
('20172WS8144', '2W', 10, 'PID102W023'),
('20172WS8167', '2W', 4, 'PID042W027'),
('20172WS8191', '2W', 8, 'PID082W123'),
('20172WS8219', '2W', 8, 'PID082W124'),
('20172WS8249', '2W', 1, 'PID012W040'),
('20172WS8250', '2W', 7, 'PID072W096'),
('20172WS8251', '2W', 7, 'PID072W097'),
('20172WS8325', '2W', 8, 'PID082W125'),
('20172WS8340', '2W', 8, 'PID082W126'),
('20172WS8348', '2W', 8, 'PID082W127'),
('20172WS8386', '2W', 9, 'PID092W022'),
('20172WS8448', '2W', 4, 'PID042W028'),
('20172WS8513', '2W', 8, 'PID082W128'),
('20172WS8516', '2W', 8, 'PID082W129'),
('20172WS8541', '2W', 8, 'PID082W130'),
('20172WS8646', '2W', 1, 'PID012W041'),
('20172WS8651', '2W', 4, 'PID042W029'),
('20172WS8679', '2W', 3, 'PID032W029'),
('20172WS8694', '2W', 3, 'PID032W030'),
('20172WS8725', '2W', 10, 'PID102W024'),
('20172WS8735', '2W', 1, 'PID012W042'),
('20172WS8838', '2W', 3, 'PID032W031'),
('20172WS8840', '2W', 8, 'PID082W131'),
('20172WS8872', '2W', 8, 'PID082W132'),
('20172WS8921', '2W', 8, 'PID082W133'),
('20172WS9017', '2W', 4, 'PID042W030'),
('20172WS9064', '2W', 9, 'PID092W023'),
('20172WS9168', '2W', 7, 'PID072W098'),
('20172WS9302', '2W', 7, 'PID072W099'),
('20172WS9339', '2W', 3, 'PID032W032'),
('20172WS9344', '2W', 7, 'PID072W100'),
('20172WS9347', '2W', 8, 'PID082W134'),
('20172WS9365', '2W', 8, 'PID082W135'),
('20172WS9378', '2W', 4, 'PID042W031'),
('20172WS9393', '2W', 7, 'PID072W101'),
('20172WS9405', '2W', 8, 'PID082W136'),
('20172WS9418', '2W', 8, 'PID082W137'),
('20172WS9468', '2W', 1, 'PID012W043'),
('20172WS9508', '2W', 8, 'PID082W138'),
('20172WS9534', '2W', 7, 'PID072W102'),
('20172WS9556', '2W', 10, 'PID102W025'),
('20172WS9561', '2W', 10, 'PID102W026'),
('20172WS9597', '2W', 8, 'PID082W139'),
('20172WS9644', '2W', 7, 'PID072W103'),
('20172WS9679', '2W', 7, 'PID072W104'),
('20172WS9725', '2W', 3, 'PID032W033'),
('20172WS9726', '2W', 8, 'PID082W140'),
('20172WS9740', '2W', 7, 'PID072W105'),
('20172WS9746', '2W', 7, 'PID072W106'),
('20172WS9752', '2W', 5, 'PID052W009'),
('20172WS9755', '2W', 8, 'PID082W141'),
('20172WS9768', '2W', 7, 'PID072W107'),
('20172WS9783', '2W', 8, 'PID082W142'),
('20172WS9825', '2W', 3, 'PID032W034'),
('20172WS9854', '2W', 8, 'PID082W143'),
('20172WS9885', '2W', 9, 'PID092W024'),
('20172WS9915', '2W', 8, 'PID082W144'),
('20172WS9945', '2W', 7, 'PID072W108'),
('20172WS9954', '2W', 4, 'PID042W032'),
('20172WS9990', '2W', 7, 'PID072W109'),
('20172WS9991', '2W', 8, 'PID082W145'),
('20172WS9996', '2W', 9, 'PID092W025'),
('20174WF0536', '4W', 8, 'PID084W015'),
('20174WF1039', '4W', 8, 'PID084W018'),
('20174WF1235', '4W', 5, 'PID054W002'),
('20174WF1392', '4W', 7, 'PID074W031'),
('20174WF1752', '4W', 7, 'PID074W038'),
('20174WF2145', '4W', 6, 'PID064W005'),
('20174WF2175', '4W', 7, 'PID074W043'),
('20174WF2499', '4W', 7, 'PID074W040'),
('20174WF2630', '4W', 7, 'PID074W044'),
('20174WF2680', '4W', 6, 'PID064W003'),
('20174WF2830', '4W', 7, 'PID074W048'),
('20174WF2926', '4W', 7, 'PID074W045'),
('20174WF3048', '4W', 7, 'PID074W019'),
('20174WF3547', '4W', 7, 'PID074W030'),
('20174WF3634', '4W', 7, 'PID074W033'),
('20174WF3902', '4W', 4, 'PID044W009'),
('20174WF4398', '4W', 1, 'PID014W009'),
('20174WF4416', '4W', 3, 'PID034W003'),
('20174WF4421', '4W', 7, 'PID074W034'),
('20174WF4967', '4W', 7, 'PID074W015'),
('20174WF4980', '4W', 7, 'PID074W037'),
('20174WF5051', '4W', 8, 'PID084W020'),
('20174WF5322', '4W', 8, 'PID084W019'),
('20174WF5383', '4W', 5, 'PID054W004'),
('20174WF5468', '4W', 6, 'PID064W004'),
('20174WF5714', '4W', 8, 'PID084W001'),
('20174WF5737', '4W', 3, 'PID034W002'),
('20174WF5866', '4W', 5, 'PID054W003'),
('20174WF5903', '4W', 7, 'PID074W004'),
('20174WF6074', '4W', 7, 'PID074W047'),
('20174WF6171', '4W', 7, 'PID074W050'),
('20174WF6257', '4W', 8, 'PID084W013'),
('20174WF6266', '4W', 1, 'PID014W008'),
('20174WF6279', '4W', 7, 'PID074W007'),
('20174WF6381', '4W', 7, 'PID074W042'),
('20174WF6570', '4W', 7, 'PID074W036'),
('20174WF6674', '4W', 3, 'PID034W001'),
('20174WF6905', '4W', 8, 'PID084W014'),
('20174WF7177', '4W', 7, 'PID074W032'),
('20174WF7245', '4W', 6, 'PID064W002'),
('20174WF7419', '4W', 7, 'PID074W049'),
('20174WF7564', '4W', 7, 'PID074W012'),
('20174WF8026', '4W', 1, 'PID014W007'),
('20174WF8101', '4W', 1, 'PID014W004'),
('20174WF8203', '4W', 5, 'PID054W001'),
('20174WF8263', '4W', 4, 'PID044W005'),
('20174WF8539', '4W', 4, 'PID044W008'),
('20174WF8616', '4W', 4, 'PID044W007'),
('20174WF8797', '4W', 7, 'PID074W041'),
('20174WF8884', '4W', 7, 'PID074W023'),
('20174WF8941', '4W', 7, 'PID074W035'),
('20174WF9209', '4W', 7, 'PID074W016'),
('20174WF9726', '4W', 7, 'PID074W039'),
('20174WH0305', '4W', 12, 'PID124W049'),
('20174WH0356', '4W', 12, 'PID124W032'),
('20174WH0394', '4W', 12, 'PID124W003'),
('20174WH0423', '4W', 12, 'PID124W020'),
('20174WH0478', '4W', 12, 'PID124W012'),
('20174WH0627', '4W', 12, 'PID124W043'),
('20174WH0757', '4W', 12, 'PID124W006'),
('20174WH0762', '4W', 12, 'PID124W014'),
('20174WH1028', '4W', 12, 'PID124W056'),
('20174WH1072', '4W', 11, 'PID114W019'),
('20174WH1202', '4W', 12, 'PID124W016'),
('20174WH1431', '4W', 12, 'PID124W027'),
('20174WH1590', '4W', 12, 'PID124W058'),
('20174WH1622', '4W', 12, 'PID124W037'),
('20174WH1757', '4W', 12, 'PID124W053'),
('20174WH1766', '4W', 11, 'PID114W010'),
('20174WH1798', '4W', 12, 'PID124W039'),
('20174WH1832', '4W', 12, 'PID124W052'),
('20174WH1955', '4W', 11, 'PID114W005'),
('20174WH2026', '4W', 12, 'PID124W010'),
('20174WH2187', '4W', 11, 'PID114W012'),
('20174WH2212', '4W', 12, 'PID124W057'),
('20174WH2222', '4W', 12, 'PID124W048'),
('20174WH2310', '4W', 11, 'PID114W018'),
('20174WH2599', '4W', 11, 'PID114W015'),
('20174WH2613', '4W', 12, 'PID124W013'),
('20174WH2622', '4W', 12, 'PID124W005'),
('20174WH2766', '4W', 12, 'PID124W042'),
('20174WH2996', '4W', 12, 'PID124W002'),
('20174WH3070', '4W', 12, 'PID124W023'),
('20174WH3183', '4W', 12, 'PID124W054'),
('20174WH3725', '4W', 11, 'PID114W009'),
('20174WH4183', '4W', 12, 'PID124W021'),
('20174WH4220', '4W', 11, 'PID114W007'),
('20174WH4285', '4W', 12, 'PID124W046'),
('20174WH4294', '4W', 12, 'PID124W030'),
('20174WH4622', '4W', 12, 'PID124W060'),
('20174WH4644', '4W', 12, 'PID124W009'),
('20174WH4750', '4W', 12, 'PID124W025'),
('20174WH4976', '4W', 12, 'PID124W029'),
('20174WH5211', '4W', 11, 'PID114W008'),
('20174WH5271', '4W', 11, 'PID114W003'),
('20174WH5504', '4W', 12, 'PID124W022'),
('20174WH5656', '4W', 11, 'PID114W004'),
('20174WH5734', '4W', 12, 'PID124W018'),
('20174WH5940', '4W', 12, 'PID124W019'),
('20174WH5987', '4W', 12, 'PID124W024'),
('20174WH6197', '4W', 12, 'PID124W031'),
('20174WH6560', '4W', 12, 'PID124W034'),
('20174WH6793', '4W', 11, 'PID114W020'),
('20174WH6872', '4W', 12, 'PID124W050'),
('20174WH6929', '4W', 12, 'PID124W038'),
('20174WH7006', '4W', 12, 'PID124W045'),
('20174WH7083', '4W', 12, 'PID124W007'),
('20174WH7226', '4W', 12, 'PID124W055'),
('20174WH7282', '4W', 11, 'PID114W006'),
('20174WH7439', '4W', 11, 'PID114W013'),
('20174WH7498', '4W', 12, 'PID124W036'),
('20174WH7540', '4W', 11, 'PID114W001'),
('20174WH7796', '4W', 12, 'PID124W008'),
('20174WH7940', '4W', 12, 'PID124W001'),
('20174WH8068', '4W', 11, 'PID114W011'),
('20174WH8301', '4W', 11, 'PID114W016'),
('20174WH8370', '4W', 11, 'PID114W002'),
('20174WH8463', '4W', 12, 'PID124W015'),
('20174WH8477', '4W', 12, 'PID124W017'),
('20174WH8698', '4W', 12, 'PID124W028'),
('20174WH8795', '4W', 11, 'PID114W017'),
('20174WH8833', '4W', 12, 'PID124W059'),
('20174WH8877', '4W', 12, 'PID124W035'),
('20174WH8989', '4W', 12, 'PID124W044'),
('20174WH9330', '4W', 12, 'PID124W004'),
('20174WH9370', '4W', 12, 'PID124W011'),
('20174WH9410', '4W', 12, 'PID124W047'),
('20174WH9463', '4W', 12, 'PID124W051'),
('20174WH9465', '4W', 12, 'PID124W026'),
('20174WH9532', '4W', 12, 'PID124W033'),
('20174WH9649', '4W', 12, 'PID124W040'),
('20174WH9804', '4W', 11, 'PID114W014'),
('20174WH9854', '4W', 12, 'PID124W041'),
('20174WN2466', '4W', 8, 'PID084W016'),
('20174WN4863', '4W', 7, 'PID074W028'),
('20174WN6101', '4W', 8, 'PID084W017'),
('20174WN7362', '4W', 7, 'PID074W010'),
('20174WN7722', '4W', 6, 'PID064W001'),
('20174WN7943', '4W', 7, 'PID074W046'),
('20174WN8052', '4W', 8, 'PID084W010'),
('20174WS0042', '4W', 7, 'PID074W018'),
('20174WS0747', '4W', 8, 'PID084W012'),
('20174WS0840', '4W', 7, 'PID074W009'),
('20174WS1299', '4W', 7, 'PID074W021'),
('20174WS1639', '4W', 8, 'PID084W007'),
('20174WS1756', '4W', 8, 'PID084W008'),
('20174WS2499', '4W', 1, 'PID014W001'),
('20174WS2808', '4W', 1, 'PID014W006'),
('20174WS2931', '4W', 4, 'PID044W006'),
('20174WS2932', '4W', 7, 'PID074W011'),
('20174WS3099', '4W', 1, 'PID014W002'),
('20174WS3357', '4W', 7, 'PID074W014'),
('20174WS3387', '4W', 7, 'PID074W005'),
('20174WS3390', '4W', 7, 'PID074W013'),
('20174WS3408', '4W', 7, 'PID074W006'),
('20174WS3419', '4W', 7, 'PID074W001'),
('20174WS3879', '4W', 1, 'PID014W003'),
('20174WS4190', '4W', 8, 'PID084W002'),
('20174WS4723', '4W', 7, 'PID074W029'),
('20174WS5250', '4W', 7, 'PID074W027'),
('20174WS5639', '4W', 8, 'PID084W003'),
('20174WS6152', '4W', 7, 'PID074W026'),
('20174WS6426', '4W', 4, 'PID044W003'),
('20174WS6432', '4W', 7, 'PID074W008'),
('20174WS6637', '4W', 7, 'PID074W025'),
('20174WS7045', '4W', 8, 'PID084W009'),
('20174WS7313', '4W', 8, 'PID084W004'),
('20174WS7467', '4W', 7, 'PID074W022'),
('20174WS7721', '4W', 1, 'PID014W005'),
('20174WS7828', '4W', 8, 'PID084W011'),
('20174WS7886', '4W', 8, 'PID084W005'),
('20174WS7974', '4W', 4, 'PID044W004'),
('20174WS8188', '4W', 7, 'PID074W020'),
('20174WS8484', '4W', 8, 'PID084W006'),
('20174WS8628', '4W', 7, 'PID074W017'),
('20174WS9177', '4W', 7, 'PID074W002'),
('20174WS9643', '4W', 4, 'PID044W001'),
('20174WS9687', '4W', 7, 'PID074W024'),
('20174WS9705', '4W', 4, 'PID044W002'),
('20174WS9934', '4W', 7, 'PID074W003'),
('20182WF0001', '2W', 6, 'PID062W003'),
('20182WH0001', '2W', 11, 'PID112W046'),
('20182WS0001', '2W', 4, 'PID042W033'),
('20184WH0001', '4W', 11, 'PID114W021');

-- --------------------------------------------------------

--
-- Table structure for table `vehicleattendance`
--

CREATE TABLE IF NOT EXISTS `vehicleattendance` (
  `VID` char(11) NOT NULL,
  `Date` date NOT NULL,
  `Attendance` char(1) DEFAULT NULL
) ENGINE=InnoDB DEFAULT CHARSET=latin1;

--
-- Dumping data for table `vehicleattendance`
--

INSERT INTO `vehicleattendance` (`VID`, `Date`, `Attendance`) VALUES
('20172WF0155', '2017-03-05', 'Y'),
('20172WF0298', '2017-03-05', 'Y'),
('20172WF0317', '2017-03-05', 'Y'),
('20172WF0399', '2017-03-05', 'Y'),
('20172WF0505', '2017-03-05', 'Y'),
('20172WF0528', '2017-03-05', 'Y'),
('20172WF0803', '2017-03-05', 'Y'),
('20172WF0811', '2017-03-05', 'Y'),
('20172WF0904', '2017-03-05', 'Y'),
('20172WF1008', '2017-03-05', 'Y'),
('20172WF1162', '2017-03-05', 'Y'),
('20172WF1205', '2017-03-05', 'Y'),
('20172WF1421', '2017-03-05', 'Y'),
('20172WF1541', '2017-03-05', 'Y'),
('20172WF1548', '2017-03-05', 'Y'),
('20172WF1581', '2017-03-05', 'Y'),
('20172WF1596', '2017-03-05', 'Y'),
('20172WF1619', '2017-03-05', 'Y'),
('20172WF1626', '2017-03-05', 'Y'),
('20172WF1771', '2017-03-05', 'Y'),
('20172WF1773', '2017-03-05', 'Y'),
('20172WF1789', '2017-03-05', 'N'),
('20172WF1810', '2017-03-05', 'Y'),
('20172WF2057', '2017-03-05', 'Y'),
('20172WF2213', '2017-03-05', 'Y'),
('20172WF2324', '2017-03-05', 'Y'),
('20172WF2344', '2017-03-05', 'Y'),
('20172WF2430', '2017-03-05', 'Y'),
('20172WF2502', '2017-03-05', 'Y'),
('20172WF2768', '2017-03-05', 'Y'),
('20172WF2823', '2017-03-05', 'Y'),
('20172WF2970', '2017-03-05', 'Y'),
('20172WF3032', '2017-03-05', 'Y'),
('20172WF3091', '2017-03-05', 'Y'),
('20172WF3288', '2017-03-05', 'Y'),
('20172WF3317', '2017-03-05', 'Y'),
('20172WF3329', '2017-03-05', 'N'),
('20172WF3606', '2017-03-05', 'Y'),
('20172WF3639', '2017-03-05', 'Y'),
('20172WF3648', '2017-03-05', 'Y'),
('20172WF3724', '2017-03-05', 'N'),
('20172WF3785', '2017-03-05', 'Y'),
('20172WF3813', '2017-03-05', 'Y'),
('20172WF3886', '2017-03-05', 'N'),
('20172WF4020', '2017-03-05', 'Y'),
('20172WF4100', '2017-03-05', 'Y'),
('20172WF4141', '2017-03-05', 'Y'),
('20172WF4203', '2017-03-05', 'Y'),
('20172WF4229', '2017-03-05', 'Y'),
('20172WF4280', '2017-03-05', 'Y'),
('20172WF4335', '2017-03-05', 'N'),
('20172WF4409', '2017-03-05', 'N'),
('20172WF4470', '2017-03-05', 'Y'),
('20172WF4559', '2017-03-05', 'Y'),
('20172WF4571', '2017-03-05', 'Y'),
('20172WF4571', '2018-05-01', 'Y'),
('20172WF4586', '2017-03-05', 'Y'),
('20172WF4616', '2017-03-05', 'Y'),
('20172WF4625', '2017-03-05', 'Y'),
('20172WF4768', '2017-03-05', 'Y'),
('20172WF4772', '2017-03-05', 'Y'),
('20172WF4825', '2017-03-05', 'Y'),
('20172WF4961', '2017-03-05', 'Y'),
('20172WF5091', '2017-03-05', 'Y'),
('20172WF5227', '2017-03-05', 'Y'),
('20172WF5285', '2017-03-05', 'Y'),
('20172WF5362', '2017-03-05', 'Y'),
('20172WF5432', '2017-03-05', 'Y'),
('20172WF5510', '2017-03-05', 'Y'),
('20172WF5612', '2017-03-05', 'Y'),
('20172WF5716', '2017-03-05', 'Y'),
('20172WF5779', '2017-03-05', 'Y'),
('20172WF6000', '2017-03-05', 'Y'),
('20172WF6001', '2017-03-05', 'Y'),
('20172WF6005', '2017-03-05', 'Y'),
('20172WF6139', '2017-03-05', 'Y'),
('20172WF6219', '2017-03-05', 'Y'),
('20172WF6326', '2017-03-05', 'Y'),
('20172WF6667', '2017-03-05', 'Y'),
('20172WF6711', '2017-03-05', 'Y'),
('20172WF7232', '2017-03-05', 'N'),
('20172WF7290', '2017-03-05', 'Y'),
('20172WF7296', '2017-03-05', 'Y'),
('20172WF7376', '2017-03-05', 'Y'),
('20172WF7376', '2018-05-01', 'Y'),
('20172WF7486', '2017-03-05', 'Y'),
('20172WF7537', '2017-03-05', 'Y'),
('20172WF7556', '2017-03-05', 'N'),
('20172WF7570', '2017-03-05', 'Y'),
('20172WF7676', '2017-03-05', 'Y'),
('20172WF7777', '2017-03-05', 'Y'),
('20172WF7910', '2017-03-05', 'N'),
('20172WF7956', '2017-03-05', 'Y'),
('20172WF8140', '2017-03-05', 'Y'),
('20172WF8397', '2017-03-05', 'Y'),
('20172WF8535', '2017-03-05', 'N'),
('20172WF8666', '2017-03-05', 'Y'),
('20172WF8689', '2017-03-05', 'Y'),
('20172WF8793', '2017-03-05', 'Y'),
('20172WF8809', '2017-03-05', 'Y'),
('20172WF8895', '2017-03-05', 'Y'),
('20172WF8905', '2017-03-05', 'Y'),
('20172WF8958', '2017-03-05', 'Y'),
('20172WF8988', '2017-03-05', 'N'),
('20172WF9002', '2017-03-05', 'Y'),
('20172WF9122', '2017-03-05', 'Y'),
('20172WF9437', '2017-03-05', 'Y'),
('20172WF9567', '2017-03-05', 'N'),
('20172WF9619', '2017-03-05', 'Y'),
('20172WF9654', '2017-03-05', 'Y'),
('20172WF9873', '2017-03-05', 'Y'),
('20172WH0211', '2017-03-05', 'Y'),
('20172WH0243', '2017-03-05', 'Y'),
('20172WH0243', '2018-04-16', 'N'),
('20172WH0251', '2017-03-05', 'Y'),
('20172WH0271', '2017-03-05', 'Y'),
('20172WH0373', '2017-03-05', 'Y'),
('20172WH0389', '2017-03-05', 'Y'),
('20172WH0389', '2018-04-16', 'N'),
('20172WH0617', '2017-03-05', 'Y'),
('20172WH0617', '2018-04-16', 'N'),
('20172WH0971', '2017-03-05', 'Y'),
('20172WH1002', '2017-03-05', 'Y'),
('20172WH1096', '2017-03-05', 'Y'),
('20172WH1243', '2017-03-05', 'Y'),
('20172WH1343', '2017-03-05', 'Y'),
('20172WH1353', '2017-03-05', 'Y'),
('20172WH1429', '2017-03-05', 'Y'),
('20172WH1429', '2018-04-16', 'N'),
('20172WH1595', '2017-03-05', 'Y'),
('20172WH1803', '2017-03-05', 'Y'),
('20172WH1803', '2018-04-16', 'N'),
('20172WH1836', '2017-03-05', 'Y'),
('20172WH1907', '2017-03-05', 'N'),
('20172WH1907', '2018-04-16', 'N'),
('20172WH2070', '2017-03-05', 'Y'),
('20172WH2070', '2018-04-16', 'N'),
('20172WH2081', '2017-03-05', 'Y'),
('20172WH2108', '2017-03-05', 'Y'),
('20172WH2108', '2018-04-16', 'N'),
('20172WH2133', '2017-03-05', 'Y'),
('20172WH2133', '2018-04-16', 'N'),
('20172WH2221', '2017-03-05', 'Y'),
('20172WH2367', '2017-03-05', 'Y'),
('20172WH2367', '2018-04-16', 'N'),
('20172WH2391', '2017-03-05', 'Y'),
('20172WH2391', '2018-04-16', 'N'),
('20172WH2439', '2017-03-05', 'Y'),
('20172WH2439', '2018-04-16', 'N'),
('20172WH2474', '2017-03-05', 'Y'),
('20172WH2518', '2017-03-05', 'Y'),
('20172WH2625', '2017-03-05', 'Y'),
('20172WH2636', '2017-03-05', 'N'),
('20172WH2698', '2017-03-05', 'Y'),
('20172WH2791', '2017-03-05', 'Y'),
('20172WH2902', '2017-03-05', 'Y'),
('20172WH2902', '2018-04-16', 'N'),
('20172WH2910', '2017-03-05', 'Y'),
('20172WH2910', '2018-04-16', 'N'),
('20172WH2912', '2017-03-05', 'Y'),
('20172WH2914', '2017-03-05', 'Y'),
('20172WH3057', '2017-03-05', 'Y'),
('20172WH3275', '2017-03-05', 'Y'),
('20172WH3275', '2018-04-16', 'N'),
('20172WH3433', '2017-03-05', 'Y'),
('20172WH3591', '2017-03-05', 'Y'),
('20172WH3675', '2017-03-05', 'Y'),
('20172WH3733', '2017-03-05', 'Y'),
('20172WH3733', '2018-04-16', 'N'),
('20172WH3898', '2017-03-05', 'N'),
('20172WH3930', '2017-03-05', 'Y'),
('20172WH3930', '2018-04-16', 'N'),
('20172WH4074', '2017-03-05', 'Y'),
('20172WH4074', '2018-04-16', 'N'),
('20172WH4227', '2017-03-05', 'Y'),
('20172WH4227', '2018-04-16', 'N'),
('20172WH4236', '2017-03-05', 'N'),
('20172WH4318', '2017-03-05', 'Y'),
('20172WH4318', '2018-04-16', 'N'),
('20172WH4356', '2017-03-05', 'Y'),
('20172WH4549', '2017-03-05', 'Y'),
('20172WH4602', '2017-03-05', 'Y'),
('20172WH4631', '2017-03-05', 'Y'),
('20172WH4651', '2017-03-05', 'Y'),
('20172WH4651', '2018-04-16', 'N'),
('20172WH4755', '2017-03-05', 'Y'),
('20172WH4878', '2017-03-05', 'Y'),
('20172WH4878', '2018-04-16', 'N'),
('20172WH4904', '2017-03-05', 'N'),
('20172WH4904', '2018-04-16', 'N'),
('20172WH4911', '2017-03-05', 'Y'),
('20172WH4911', '2018-04-16', 'N'),
('20172WH4999', '2017-03-05', 'Y'),
('20172WH5030', '2017-03-05', 'Y'),
('20172WH5065', '2017-03-05', 'Y'),
('20172WH5065', '2018-04-16', 'N'),
('20172WH5073', '2017-03-05', 'Y'),
('20172WH5147', '2017-03-05', 'Y'),
('20172WH5375', '2017-03-05', 'Y'),
('20172WH5376', '2017-03-05', 'Y'),
('20172WH5398', '2017-03-05', 'Y'),
('20172WH5576', '2017-03-05', 'N'),
('20172WH5702', '2017-03-05', 'Y'),
('20172WH5918', '2017-03-05', 'Y'),
('20172WH6026', '2017-03-05', 'Y'),
('20172WH6026', '2018-04-16', 'N'),
('20172WH6158', '2017-03-05', 'Y'),
('20172WH6183', '2017-03-05', 'Y'),
('20172WH6184', '2017-03-05', 'Y'),
('20172WH6209', '2017-03-05', 'Y'),
('20172WH6221', '2017-03-05', 'Y'),
('20172WH6221', '2018-04-16', 'N'),
('20172WH6288', '2017-03-05', 'Y'),
('20172WH6424', '2017-03-05', 'Y'),
('20172WH6508', '2017-03-05', 'Y'),
('20172WH6508', '2018-04-16', 'N'),
('20172WH6711', '2017-03-05', 'Y'),
('20172WH6737', '2017-03-05', 'N'),
('20172WH6786', '2017-03-05', 'Y'),
('20172WH6786', '2018-04-16', 'N'),
('20172WH6894', '2017-03-05', 'N'),
('20172WH6995', '2017-03-05', 'Y'),
('20172WH6995', '2018-04-16', 'N'),
('20172WH7285', '2017-03-05', 'Y'),
('20172WH7302', '2017-03-05', 'Y'),
('20172WH7302', '2018-04-16', 'N'),
('20172WH7350', '2017-03-05', 'Y'),
('20172WH7350', '2018-04-16', 'N'),
('20172WH7457', '2017-03-05', 'N'),
('20172WH7457', '2018-04-16', 'N'),
('20172WH7514', '2017-03-05', 'Y'),
('20172WH7680', '2017-03-05', 'Y'),
('20172WH7769', '2017-03-05', 'Y'),
('20172WH7950', '2017-03-05', 'Y'),
('20172WH8153', '2017-03-05', 'N'),
('20172WH8153', '2018-04-16', 'N'),
('20172WH8206', '2017-03-05', 'Y'),
('20172WH8206', '2018-04-16', 'N'),
('20172WH8216', '2017-03-05', 'Y'),
('20172WH8253', '2017-03-05', 'Y'),
('20172WH8253', '2018-04-16', 'N'),
('20172WH8259', '2017-03-05', 'Y'),
('20172WH8284', '2017-03-05', 'Y'),
('20172WH8349', '2017-03-05', 'N'),
('20172WH8349', '2018-04-16', 'N'),
('20172WH8437', '2017-03-05', 'Y'),
('20172WH8440', '2017-03-05', 'Y'),
('20172WH8660', '2017-03-05', 'Y'),
('20172WH8660', '2018-04-16', 'N'),
('20172WH8754', '2017-03-05', 'Y'),
('20172WH8754', '2018-04-16', 'N'),
('20172WH8823', '2017-03-05', 'Y'),
('20172WH8854', '2017-03-05', 'Y'),
('20172WH8900', '2017-03-05', 'Y'),
('20172WH8901', '2017-03-05', 'N'),
('20172WH8947', '2017-03-05', 'N'),
('20172WH8979', '2017-03-05', 'Y'),
('20172WH8986', '2017-03-05', 'Y'),
('20172WH9043', '2017-03-05', 'N'),
('20172WH9078', '2017-03-05', 'Y'),
('20172WH9149', '2017-03-05', 'Y'),
('20172WH9149', '2018-04-16', 'N'),
('20172WH9157', '2017-03-05', 'Y'),
('20172WH9182', '2017-03-05', 'Y'),
('20172WH9182', '2018-04-16', 'N'),
('20172WH9207', '2017-03-05', 'Y'),
('20172WH9207', '2018-04-16', 'N'),
('20172WH9528', '2017-03-05', 'Y'),
('20172WH9528', '2018-04-16', 'N'),
('20172WH9648', '2017-03-05', 'Y'),
('20172WH9648', '2018-04-16', 'N'),
('20172WH9763', '2017-03-05', 'Y'),
('20172WH9780', '2017-03-05', 'Y'),
('20172WH9804', '2017-03-05', 'Y'),
('20172WH9804', '2018-04-16', 'N'),
('20172WH9908', '2017-03-05', 'Y'),
('20172WN0015', '2017-03-05', 'Y'),
('20172WN1115', '2017-03-05', 'Y'),
('20172WN1281', '2017-03-05', 'Y'),
('20172WN3848', '2017-03-05', 'Y'),
('20172WN5288', '2017-03-05', 'Y'),
('20172WN5853', '2017-03-05', 'Y'),
('20172WN7122', '2017-03-05', 'Y'),
('20172WN7726', '2017-03-05', 'Y'),
('20172WN8447', '2017-03-05', 'Y'),
('20172WN8878', '2017-03-05', 'Y'),
('20172WN8878', '2018-05-01', 'Y'),
('20172WN9582', '2017-03-05', 'Y'),
('20172WS0006', '2017-03-05', 'Y'),
('20172WS0008', '2017-03-05', 'Y'),
('20172WS0017', '2017-03-05', 'Y'),
('20172WS0165', '2017-03-05', 'Y'),
('20172WS0238', '2017-03-05', 'Y'),
('20172WS0271', '2017-03-05', 'Y'),
('20172WS0275', '2017-03-05', 'Y'),
('20172WS0290', '2017-03-05', 'Y'),
('20172WS0291', '2017-03-05', 'Y'),
('20172WS0303', '2017-03-05', 'Y'),
('20172WS0349', '2017-03-05', 'Y'),
('20172WS0350', '2017-03-05', 'Y'),
('20172WS0399', '2017-03-05', 'Y'),
('20172WS0446', '2017-03-05', 'Y'),
('20172WS0457', '2017-03-05', 'Y'),
('20172WS0523', '2017-03-05', 'Y'),
('20172WS0547', '2017-03-05', 'N'),
('20172WS0561', '2017-03-05', 'Y'),
('20172WS0609', '2017-03-05', 'N'),
('20172WS0612', '2017-03-05', 'Y'),
('20172WS0653', '2017-03-05', 'Y'),
('20172WS0662', '2017-03-05', 'Y'),
('20172WS0710', '2017-03-05', 'N'),
('20172WS0720', '2017-03-05', 'Y'),
('20172WS0766', '2017-03-05', 'N'),
('20172WS0829', '2017-03-05', 'N'),
('20172WS0834', '2017-03-05', 'Y'),
('20172WS0841', '2017-03-05', 'Y'),
('20172WS0871', '2017-03-05', 'Y'),
('20172WS0877', '2017-03-05', 'Y'),
('20172WS0882', '2017-03-05', 'Y'),
('20172WS0885', '2017-03-05', 'Y'),
('20172WS0922', '2017-03-05', 'Y'),
('20172WS0970', '2017-03-05', 'Y'),
('20172WS1067', '2017-03-05', 'Y'),
('20172WS1146', '2017-03-05', 'Y'),
('20172WS1173', '2017-03-05', 'Y'),
('20172WS1176', '2017-03-05', 'Y'),
('20172WS1217', '2017-03-05', 'Y'),
('20172WS1283', '2017-03-05', 'Y'),
('20172WS1320', '2017-03-05', 'N'),
('20172WS1328', '2017-03-05', 'Y'),
('20172WS1331', '2017-03-05', 'Y'),
('20172WS1350', '2017-03-05', 'Y'),
('20172WS1375', '2017-03-05', 'Y'),
('20172WS1386', '2017-03-05', 'Y'),
('20172WS1394', '2017-03-05', 'Y'),
('20172WS1400', '2017-03-05', 'Y'),
('20172WS1436', '2017-03-05', 'Y'),
('20172WS1439', '2017-03-05', 'Y'),
('20172WS1440', '2017-03-05', 'Y'),
('20172WS1446', '2017-03-05', 'N'),
('20172WS1462', '2017-03-05', 'Y'),
('20172WS1463', '2017-03-05', 'Y'),
('20172WS1503', '2017-03-05', 'Y'),
('20172WS1593', '2017-03-05', 'N'),
('20172WS1616', '2017-03-05', 'Y'),
('20172WS1636', '2017-03-05', 'Y'),
('20172WS1656', '2017-03-05', 'N'),
('20172WS1755', '2017-03-05', 'Y'),
('20172WS1772', '2017-03-05', 'N'),
('20172WS1859', '2017-03-05', 'Y'),
('20172WS1894', '2017-03-05', 'Y'),
('20172WS1938', '2017-03-05', 'Y'),
('20172WS1978', '2017-03-05', 'N'),
('20172WS1982', '2017-03-05', 'Y'),
('20172WS2044', '2017-03-05', 'Y'),
('20172WS2063', '2017-03-05', 'Y'),
('20172WS2090', '2017-03-05', 'Y'),
('20172WS2105', '2017-03-05', 'Y'),
('20172WS2121', '2017-03-05', 'Y'),
('20172WS2130', '2017-03-05', 'N'),
('20172WS2188', '2017-03-05', 'N'),
('20172WS2192', '2017-03-05', 'Y'),
('20172WS2198', '2017-03-05', 'Y'),
('20172WS2210', '2017-03-05', 'Y'),
('20172WS2214', '2017-03-05', 'Y'),
('20172WS2246', '2017-03-05', 'Y'),
('20172WS2270', '2017-03-05', 'Y'),
('20172WS2314', '2017-03-05', 'Y'),
('20172WS2329', '2017-03-05', 'Y'),
('20172WS2364', '2017-03-05', 'Y'),
('20172WS2370', '2017-03-05', 'N'),
('20172WS2379', '2017-03-05', 'Y'),
('20172WS2394', '2017-03-05', 'Y'),
('20172WS2537', '2017-03-05', 'Y'),
('20172WS2557', '2017-03-05', 'N'),
('20172WS2595', '2017-03-05', 'Y'),
('20172WS2638', '2017-03-05', 'Y'),
('20172WS2736', '2017-03-05', 'Y'),
('20172WS2757', '2017-03-05', 'Y'),
('20172WS2778', '2017-03-05', 'Y'),
('20172WS2780', '2017-03-05', 'Y'),
('20172WS2805', '2017-03-05', 'N'),
('20172WS2858', '2017-03-05', 'Y'),
('20172WS2950', '2017-03-05', 'Y'),
('20172WS3043', '2017-03-05', 'Y'),
('20172WS3100', '2017-03-05', 'Y'),
('20172WS3132', '2017-03-05', 'Y'),
('20172WS3141', '2017-03-05', 'Y'),
('20172WS3162', '2017-03-05', 'Y'),
('20172WS3231', '2017-03-05', 'Y'),
('20172WS3261', '2017-03-05', 'Y'),
('20172WS3265', '2017-03-05', 'Y'),
('20172WS3269', '2017-03-05', 'Y'),
('20172WS3326', '2017-03-05', 'Y'),
('20172WS3356', '2017-03-05', 'Y'),
('20172WS3371', '2017-03-05', 'Y'),
('20172WS3417', '2017-03-05', 'Y'),
('20172WS3507', '2017-03-05', 'Y'),
('20172WS3519', '2017-03-05', 'Y'),
('20172WS3557', '2017-03-05', 'Y'),
('20172WS3570', '2017-03-05', 'Y'),
('20172WS3571', '2017-03-05', 'Y'),
('20172WS3578', '2017-03-05', 'Y'),
('20172WS3606', '2017-03-05', 'Y'),
('20172WS3621', '2017-03-05', 'Y'),
('20172WS3625', '2017-03-05', 'Y'),
('20172WS3644', '2017-03-05', 'Y'),
('20172WS3680', '2017-03-05', 'Y'),
('20172WS3721', '2017-03-05', 'Y'),
('20172WS3874', '2017-03-05', 'Y'),
('20172WS3876', '2017-03-05', 'Y'),
('20172WS3908', '2017-03-05', 'Y'),
('20172WS3930', '2017-03-05', 'Y'),
('20172WS3981', '2017-03-05', 'Y'),
('20172WS3996', '2017-03-05', 'Y'),
('20172WS4020', '2017-03-05', 'N'),
('20172WS4051', '2017-03-05', 'Y'),
('20172WS4071', '2017-03-05', 'Y'),
('20172WS4099', '2017-03-05', 'N'),
('20172WS4202', '2017-03-05', 'Y'),
('20172WS4214', '2017-03-05', 'Y'),
('20172WS4218', '2017-03-05', 'Y'),
('20172WS4242', '2017-03-05', 'Y'),
('20172WS4293', '2017-03-05', 'Y'),
('20172WS4296', '2017-03-05', 'Y'),
('20172WS4307', '2017-03-05', 'Y'),
('20172WS4308', '2017-03-05', 'Y'),
('20172WS4360', '2017-03-05', 'Y'),
('20172WS4372', '2017-03-05', 'Y'),
('20172WS4403', '2017-03-05', 'Y'),
('20172WS4480', '2017-03-05', 'Y'),
('20172WS4517', '2017-03-05', 'Y'),
('20172WS4557', '2017-03-05', 'Y'),
('20172WS4572', '2017-03-05', 'N'),
('20172WS4596', '2017-03-05', 'Y'),
('20172WS4630', '2017-03-05', 'Y'),
('20172WS4638', '2017-03-05', 'Y'),
('20172WS4652', '2017-03-05', 'Y'),
('20172WS4762', '2017-03-05', 'N'),
('20172WS4852', '2017-03-05', 'Y'),
('20172WS4881', '2017-03-05', 'Y'),
('20172WS4888', '2017-03-05', 'N'),
('20172WS4899', '2017-03-05', 'Y'),
('20172WS4918', '2017-03-05', 'Y'),
('20172WS4930', '2017-03-05', 'Y'),
('20172WS4933', '2017-03-05', 'Y'),
('20172WS5029', '2017-03-05', 'Y'),
('20172WS5045', '2017-03-05', 'Y'),
('20172WS5108', '2017-03-05', 'Y'),
('20172WS5151', '2017-03-05', 'Y'),
('20172WS5152', '2017-03-05', 'Y'),
('20172WS5157', '2017-03-05', 'Y'),
('20172WS5233', '2017-03-05', 'Y'),
('20172WS5276', '2017-03-05', 'Y'),
('20172WS5319', '2017-03-05', 'Y'),
('20172WS5330', '2017-03-05', 'Y'),
('20172WS5344', '2017-03-05', 'Y'),
('20172WS5348', '2017-03-05', 'Y'),
('20172WS5526', '2017-03-05', 'Y'),
('20172WS5554', '2017-03-05', 'Y'),
('20172WS5597', '2017-03-05', 'N'),
('20172WS5603', '2017-03-05', 'N'),
('20172WS5659', '2017-03-05', 'Y'),
('20172WS5675', '2017-03-05', 'N'),
('20172WS5707', '2017-03-05', 'Y'),
('20172WS5719', '2017-03-05', 'Y'),
('20172WS5782', '2017-03-05', 'Y'),
('20172WS5815', '2017-03-05', 'Y'),
('20172WS5868', '2017-03-05', 'Y'),
('20172WS5873', '2017-03-05', 'Y'),
('20172WS5929', '2017-03-05', 'Y'),
('20172WS5946', '2017-03-05', 'Y'),
('20172WS6059', '2017-03-05', 'Y'),
('20172WS6064', '2017-03-05', 'N'),
('20172WS6071', '2017-03-05', 'Y'),
('20172WS6089', '2017-03-05', 'Y'),
('20172WS6106', '2017-03-05', 'Y'),
('20172WS6108', '2017-03-05', 'Y'),
('20172WS6112', '2017-03-05', 'Y'),
('20172WS6170', '2017-03-05', 'Y'),
('20172WS6177', '2017-03-05', 'Y'),
('20172WS6180', '2017-03-05', 'Y'),
('20172WS6194', '2017-03-05', 'Y'),
('20172WS6226', '2017-03-05', 'Y'),
('20172WS6228', '2017-03-05', 'Y'),
('20172WS6248', '2017-03-05', 'N'),
('20172WS6263', '2017-03-05', 'Y'),
('20172WS6278', '2017-03-05', 'Y'),
('20172WS6284', '2017-03-05', 'Y'),
('20172WS6324', '2017-03-05', 'Y'),
('20172WS6329', '2017-03-05', 'Y'),
('20172WS6345', '2017-03-05', 'Y'),
('20172WS6358', '2017-03-05', 'Y'),
('20172WS6417', '2017-03-05', 'Y'),
('20172WS6517', '2017-03-05', 'Y'),
('20172WS6562', '2017-03-05', 'Y'),
('20172WS6592', '2017-03-05', 'Y'),
('20172WS6593', '2017-03-05', 'N'),
('20172WS6609', '2017-03-05', 'Y'),
('20172WS6818', '2017-03-05', 'Y'),
('20172WS6819', '2017-03-05', 'Y'),
('20172WS6850', '2017-03-05', 'Y'),
('20172WS6857', '2017-03-05', 'Y'),
('20172WS6893', '2017-03-05', 'N'),
('20172WS6897', '2017-03-05', 'Y'),
('20172WS6983', '2017-03-05', 'N'),
('20172WS6992', '2017-03-05', 'Y'),
('20172WS7033', '2017-03-05', 'Y'),
('20172WS7042', '2017-03-05', 'Y'),
('20172WS7079', '2017-03-05', 'N'),
('20172WS7085', '2017-03-05', 'Y'),
('20172WS7128', '2017-03-05', 'Y'),
('20172WS7140', '2017-03-05', 'Y'),
('20172WS7214', '2017-03-05', 'N'),
('20172WS7278', '2017-03-05', 'Y'),
('20172WS7413', '2017-03-05', 'N'),
('20172WS7482', '2017-03-05', 'Y'),
('20172WS7552', '2017-03-05', 'Y'),
('20172WS7606', '2017-03-05', 'Y'),
('20172WS7678', '2017-03-05', 'Y'),
('20172WS7747', '2017-03-05', 'Y'),
('20172WS7767', '2017-03-05', 'Y'),
('20172WS7770', '2017-03-05', 'Y'),
('20172WS7777', '2017-03-05', 'Y'),
('20172WS7800', '2017-03-05', 'N'),
('20172WS7823', '2017-03-05', 'Y'),
('20172WS7892', '2017-03-05', 'Y'),
('20172WS7903', '2017-03-05', 'N'),
('20172WS7912', '2017-03-05', 'Y'),
('20172WS7917', '2017-03-05', 'Y'),
('20172WS7960', '2017-03-05', 'Y'),
('20172WS8048', '2017-03-05', 'Y'),
('20172WS8061', '2017-03-05', 'Y'),
('20172WS8078', '2017-03-05', 'Y'),
('20172WS8081', '2017-03-05', 'Y'),
('20172WS8105', '2017-03-05', 'Y'),
('20172WS8144', '2017-03-05', 'Y'),
('20172WS8167', '2017-03-05', 'Y'),
('20172WS8191', '2017-03-05', 'Y'),
('20172WS8219', '2017-03-05', 'Y'),
('20172WS8249', '2017-03-05', 'Y'),
('20172WS8250', '2017-03-05', 'Y'),
('20172WS8251', '2017-03-05', 'Y'),
('20172WS8325', '2017-03-05', 'Y'),
('20172WS8340', '2017-03-05', 'Y'),
('20172WS8348', '2017-03-05', 'Y'),
('20172WS8386', '2017-03-05', 'Y'),
('20172WS8448', '2017-03-05', 'Y'),
('20172WS8513', '2017-03-05', 'Y'),
('20172WS8516', '2017-03-05', 'Y'),
('20172WS8541', '2017-03-05', 'Y'),
('20172WS8646', '2017-03-05', 'Y'),
('20172WS8651', '2017-03-05', 'Y'),
('20172WS8679', '2017-03-05', 'Y'),
('20172WS8694', '2017-03-05', 'N'),
('20172WS8725', '2017-03-05', 'N'),
('20172WS8735', '2017-03-05', 'Y'),
('20172WS8838', '2017-03-05', 'Y'),
('20172WS8840', '2017-03-05', 'Y'),
('20172WS8872', '2017-03-05', 'Y'),
('20172WS8921', '2017-03-05', 'N'),
('20172WS9017', '2017-03-05', 'N'),
('20172WS9064', '2017-03-05', 'Y'),
('20172WS9168', '2017-03-05', 'Y'),
('20172WS9302', '2017-03-05', 'Y'),
('20172WS9339', '2017-03-05', 'Y'),
('20172WS9344', '2017-03-05', 'Y'),
('20172WS9347', '2017-03-05', 'Y'),
('20172WS9365', '2017-03-05', 'N'),
('20172WS9378', '2017-03-05', 'Y'),
('20172WS9393', '2017-03-05', 'Y'),
('20172WS9405', '2017-03-05', 'Y'),
('20172WS9418', '2017-03-05', 'Y'),
('20172WS9468', '2017-03-05', 'Y'),
('20172WS9508', '2017-03-05', 'N'),
('20172WS9534', '2017-03-05', 'Y'),
('20172WS9556', '2017-03-05', 'Y'),
('20172WS9561', '2017-03-05', 'Y'),
('20172WS9597', '2017-03-05', 'Y'),
('20172WS9644', '2017-03-05', 'N'),
('20172WS9679', '2017-03-05', 'Y'),
('20172WS9725', '2017-03-05', 'Y'),
('20172WS9726', '2017-03-05', 'Y'),
('20172WS9740', '2017-03-05', 'N'),
('20172WS9746', '2017-03-05', 'Y'),
('20172WS9752', '2017-03-05', 'Y'),
('20172WS9755', '2017-03-05', 'Y'),
('20172WS9768', '2017-03-05', 'Y'),
('20172WS9783', '2017-03-05', 'Y'),
('20172WS9825', '2017-03-05', 'Y'),
('20172WS9854', '2017-03-05', 'Y'),
('20172WS9885', '2017-03-05', 'Y'),
('20172WS9915', '2017-03-05', 'Y'),
('20172WS9945', '2017-03-05', 'N'),
('20172WS9954', '2017-03-05', 'N'),
('20172WS9990', '2017-03-05', 'Y'),
('20172WS9991', '2017-03-05', 'Y'),
('20172WS9996', '2017-03-05', 'Y'),
('20174WF0536', '2017-03-05', 'Y'),
('20174WF1039', '2017-03-05', 'Y'),
('20174WF1235', '2017-03-05', 'Y'),
('20174WF1392', '2017-03-05', 'Y'),
('20174WF1752', '2017-03-05', 'Y'),
('20174WF2145', '2017-03-05', 'Y'),
('20174WF2145', '2018-05-01', 'N'),
('20174WF2175', '2017-03-05', 'N'),
('20174WF2499', '2017-03-05', 'N'),
('20174WF2630', '2017-03-05', 'Y'),
('20174WF2680', '2017-03-05', 'Y'),
('20174WF2680', '2018-05-01', 'Y'),
('20174WF2830', '2017-03-05', 'Y'),
('20174WF2926', '2017-03-05', 'Y'),
('20174WF3048', '2017-03-05', 'Y'),
('20174WF3547', '2017-03-05', 'Y'),
('20174WF3634', '2017-03-05', 'Y'),
('20174WF3902', '2017-03-05', 'Y'),
('20174WF4398', '2017-03-05', 'Y'),
('20174WF4416', '2017-03-05', 'N'),
('20174WF4421', '2017-03-05', 'Y'),
('20174WF4967', '2017-03-05', 'Y'),
('20174WF4980', '2017-03-05', 'Y'),
('20174WF5051', '2017-03-05', 'Y'),
('20174WF5322', '2017-03-05', 'Y'),
('20174WF5383', '2017-03-05', 'Y'),
('20174WF5468', '2017-03-05', 'N'),
('20174WF5468', '2018-05-01', 'Y'),
('20174WF5714', '2017-03-05', 'Y'),
('20174WF5737', '2017-03-05', 'Y'),
('20174WF5866', '2017-03-05', 'Y'),
('20174WF5903', '2017-03-05', 'N'),
('20174WF6074', '2017-03-05', 'Y'),
('20174WF6171', '2017-03-05', 'Y'),
('20174WF6257', '2017-03-05', 'Y'),
('20174WF6266', '2017-03-05', 'Y'),
('20174WF6279', '2017-03-05', 'Y'),
('20174WF6381', '2017-03-05', 'Y'),
('20174WF6570', '2017-03-05', 'Y'),
('20174WF6674', '2017-03-05', 'Y'),
('20174WF6905', '2017-03-05', 'Y'),
('20174WF7177', '2017-03-05', 'Y'),
('20174WF7245', '2017-03-05', 'Y'),
('20174WF7245', '2018-05-01', 'N'),
('20174WF7419', '2017-03-05', 'Y'),
('20174WF7564', '2017-03-05', 'Y'),
('20174WF8026', '2017-03-05', 'Y'),
('20174WF8101', '2017-03-05', 'Y'),
('20174WF8203', '2017-03-05', 'Y'),
('20174WF8263', '2017-03-05', 'Y'),
('20174WF8539', '2017-03-05', 'Y'),
('20174WF8616', '2017-03-05', 'Y'),
('20174WF8797', '2017-03-05', 'Y'),
('20174WF8884', '2017-03-05', 'N'),
('20174WF8941', '2017-03-05', 'Y'),
('20174WF9209', '2017-03-05', 'Y'),
('20174WF9726', '2017-03-05', 'Y'),
('20174WH0305', '2017-03-05', 'Y'),
('20174WH0356', '2017-03-05', 'Y'),
('20174WH0394', '2017-03-05', 'Y'),
('20174WH0423', '2017-03-05', 'Y'),
('20174WH0478', '2017-03-05', 'Y'),
('20174WH0627', '2017-03-05', 'Y'),
('20174WH0757', '2017-03-05', 'Y'),
('20174WH0762', '2017-03-05', 'N'),
('20174WH1028', '2017-03-05', 'Y'),
('20174WH1072', '2017-03-05', 'Y'),
('20174WH1072', '2018-04-16', 'N'),
('20174WH1202', '2017-03-05', 'Y'),
('20174WH1431', '2017-03-05', 'Y'),
('20174WH1590', '2017-03-05', 'Y'),
('20174WH1622', '2017-03-05', 'Y'),
('20174WH1757', '2017-03-05', 'N'),
('20174WH1766', '2017-03-05', 'Y'),
('20174WH1766', '2018-04-16', 'N'),
('20174WH1798', '2017-03-05', 'Y'),
('20174WH1832', '2017-03-05', 'Y'),
('20174WH1955', '2017-03-05', 'Y'),
('20174WH1955', '2018-04-16', 'N'),
('20174WH2026', '2017-03-05', 'Y'),
('20174WH2187', '2017-03-05', 'N'),
('20174WH2187', '2018-04-16', 'N'),
('20174WH2212', '2017-03-05', 'Y'),
('20174WH2222', '2017-03-05', 'N'),
('20174WH2310', '2017-03-05', 'Y'),
('20174WH2310', '2018-04-16', 'N'),
('20174WH2599', '2017-03-05', 'Y'),
('20174WH2599', '2018-04-16', 'N'),
('20174WH2613', '2017-03-05', 'Y'),
('20174WH2622', '2017-03-05', 'Y'),
('20174WH2766', '2017-03-05', 'Y'),
('20174WH2996', '2017-03-05', 'Y'),
('20174WH3070', '2017-03-05', 'Y'),
('20174WH3183', '2017-03-05', 'Y'),
('20174WH3725', '2017-03-05', 'N'),
('20174WH3725', '2018-04-16', 'N'),
('20174WH4183', '2017-03-05', 'Y'),
('20174WH4220', '2017-03-05', 'N'),
('20174WH4220', '2018-04-16', 'N'),
('20174WH4285', '2017-03-05', 'Y'),
('20174WH4294', '2017-03-05', 'Y'),
('20174WH4622', '2017-03-05', 'Y'),
('20174WH4644', '2017-03-05', 'Y'),
('20174WH4750', '2017-03-05', 'Y'),
('20174WH4976', '2017-03-05', 'Y'),
('20174WH5211', '2017-03-05', 'Y'),
('20174WH5211', '2018-04-16', 'N'),
('20174WH5271', '2017-03-05', 'Y'),
('20174WH5271', '2018-04-16', 'N'),
('20174WH5504', '2017-03-05', 'Y'),
('20174WH5656', '2017-03-05', 'Y'),
('20174WH5656', '2018-04-16', 'N'),
('20174WH5734', '2017-03-05', 'Y'),
('20174WH5940', '2017-03-05', 'Y'),
('20174WH5987', '2017-03-05', 'Y'),
('20174WH6197', '2017-03-05', 'N'),
('20174WH6560', '2017-03-05', 'Y'),
('20174WH6793', '2017-03-05', 'Y'),
('20174WH6793', '2018-04-16', 'N'),
('20174WH6872', '2017-03-05', 'Y'),
('20174WH6929', '2017-03-05', 'Y'),
('20174WH7006', '2017-03-05', 'Y'),
('20174WH7083', '2017-03-05', 'Y'),
('20174WH7226', '2017-03-05', 'Y'),
('20174WH7282', '2017-03-05', 'Y'),
('20174WH7282', '2018-04-16', 'N'),
('20174WH7439', '2017-03-05', 'Y'),
('20174WH7439', '2018-04-16', 'N'),
('20174WH7498', '2017-03-05', 'Y'),
('20174WH7540', '2017-03-05', 'Y'),
('20174WH7540', '2018-04-16', 'N'),
('20174WH7796', '2017-03-05', 'Y'),
('20174WH7940', '2017-03-05', 'Y'),
('20174WH8068', '2017-03-05', 'Y'),
('20174WH8068', '2018-04-16', 'N'),
('20174WH8301', '2017-03-05', 'Y'),
('20174WH8301', '2018-04-16', 'N'),
('20174WH8370', '2017-03-05', 'Y'),
('20174WH8370', '2018-04-16', 'N'),
('20174WH8463', '2017-03-05', 'Y'),
('20174WH8477', '2017-03-05', 'Y'),
('20174WH8698', '2017-03-05', 'N'),
('20174WH8795', '2017-03-05', 'Y'),
('20174WH8795', '2018-04-16', 'N'),
('20174WH8833', '2017-03-05', 'Y'),
('20174WH8877', '2017-03-05', 'Y'),
('20174WH8989', '2017-03-05', 'Y'),
('20174WH9330', '2017-03-05', 'Y'),
('20174WH9370', '2017-03-05', 'N'),
('20174WH9410', '2017-03-05', 'Y'),
('20174WH9463', '2017-03-05', 'Y'),
('20174WH9465', '2017-03-05', 'N'),
('20174WH9532', '2017-03-05', 'Y'),
('20174WH9649', '2017-03-05', 'Y'),
('20174WH9804', '2017-03-05', 'Y'),
('20174WH9804', '2018-04-16', 'N'),
('20174WH9854', '2017-03-05', 'Y'),
('20174WN2466', '2017-03-05', 'Y'),
('20174WN4863', '2017-03-05', 'Y'),
('20174WN6101', '2017-03-05', 'Y'),
('20174WN7362', '2017-03-05', 'Y'),
('20174WN7722', '2017-03-05', 'Y'),
('20174WN7722', '2018-05-01', 'Y'),
('20174WN7943', '2017-03-05', 'Y'),
('20174WN8052', '2017-03-05', 'N'),
('20174WS0042', '2017-03-05', 'Y'),
('20174WS0747', '2017-03-05', 'N'),
('20174WS0840', '2017-03-05', 'Y'),
('20174WS1299', '2017-03-05', 'Y'),
('20174WS1639', '2017-03-05', 'Y'),
('20174WS1756', '2017-03-05', 'Y'),
('20174WS2499', '2017-03-05', 'Y'),
('20174WS2808', '2017-03-05', 'Y'),
('20174WS2931', '2017-03-05', 'Y'),
('20174WS2932', '2017-03-05', 'Y'),
('20174WS3099', '2017-03-05', 'Y'),
('20174WS3357', '2017-03-05', 'Y'),
('20174WS3387', '2017-03-05', 'Y'),
('20174WS3390', '2017-03-05', 'Y'),
('20174WS3408', '2017-03-05', 'Y'),
('20174WS3419', '2017-03-05', 'N'),
('20174WS3879', '2017-03-05', 'Y'),
('20174WS4190', '2017-03-05', 'Y'),
('20174WS4723', '2017-03-05', 'Y'),
('20174WS5250', '2017-03-05', 'Y'),
('20174WS5639', '2017-03-05', 'Y'),
('20174WS6152', '2017-03-05', 'N'),
('20174WS6426', '2017-03-05', 'Y'),
('20174WS6432', '2017-03-05', 'Y'),
('20174WS6637', '2017-03-05', 'Y'),
('20174WS7045', '2017-03-05', 'Y'),
('20174WS7313', '2017-03-05', 'Y'),
('20174WS7467', '2017-03-05', 'Y'),
('20174WS7721', '2017-03-05', 'Y'),
('20174WS7828', '2017-03-05', 'Y'),
('20174WS7886', '2017-03-05', 'Y'),
('20174WS7974', '2017-03-05', 'Y'),
('20174WS8188', '2017-03-05', 'Y'),
('20174WS8484', '2017-03-05', 'Y'),
('20174WS8628', '2017-03-05', 'Y'),
('20174WS9177', '2017-03-05', 'Y'),
('20174WS9643', '2017-03-05', 'Y'),
('20174WS9687', '2017-03-05', 'Y'),
('20174WS9705', '2017-03-05', 'Y'),
('20174WS9934', '2017-03-05', 'Y'),
('20184WH0001', '2018-04-16', 'Y');

-- --------------------------------------------------------

--
-- Table structure for table `vehicledetails`
--

CREATE TABLE IF NOT EXISTS `vehicledetails` (
  `VID` char(11) NOT NULL,
  `VNo` varchar(15) NOT NULL,
  `VName` varchar(30) DEFAULT NULL
) ENGINE=InnoDB DEFAULT CHARSET=latin1;

--
-- Dumping data for table `vehicledetails`
--

INSERT INTO `vehicledetails` (`VID`, `VNo`, `VName`) VALUES
('20172WF0155', 'KA-08-W-3933', 'BMW F 750 GS'),
('20172WF0298', 'KA-37-S-9496', 'BMW F 750 GS'),
('20172WF0317', 'KA-46-S-5725', 'Honda Aviator'),
('20172WF0399', 'KA-43-M-1403', 'Honda CB Shine'),
('20172WF0505', 'TN-01-B-5393', 'Yamaha Fazer-FI'),
('20172WF0528', 'KA-15-J-1735', 'Mahindra Centuro'),
('20172WF0803', 'KA-01-R-6222', 'Suzuki GSX R1000R'),
('20172WF0811', 'KA-34-N-3835', 'Honda Grazia'),
('20172WF0904', 'AP-06-Z-1592', 'Suzuki Access 125'),
('20172WF1008', 'TG-10-C-5037', 'Honda Activa'),
('20172WF1162', 'KA-12-D-3178', 'Bajaj Pulsar'),
('20172WF1205', 'KA-41-R-9468', 'Bajaj Platina'),
('20172WF1421', 'KL-46-J-8535', 'BMW F 750 GS'),
('20172WF1541', 'DL-05-N-7539', 'KTM 390 Duke'),
('20172WF1548', 'TG-39-H-2553', 'Hero Electric E-Sprint'),
('20172WF1581', 'TN-47-A-4969', 'Mahindra Gusto 125'),
('20172WF1596', 'DL-05-V-8772', 'KTM 390 Duke'),
('20172WF1619', 'KA-49-J-1246', 'Hero Electric NYX'),
('20172WF1626', 'AP-37-G-5258', 'BMW S1000 RR'),
('20172WF1771', 'KA-07-I-0278', 'Honda CB Shine'),
('20172WF1773', 'KA-18-G-3646', 'Honda Activa 4G'),
('20172WF1789', 'AP-46-I-8330', 'Suzuki Intruder'),
('20172WF1810', 'AP-44-W-5260', 'Hero Electric NYX'),
('20172WF2057', 'KA-50-J-9091', 'Honda Activa 4G'),
('20172WF2213', 'TG-25-E-2149', 'Hero Electric Maxi'),
('20172WF2324', 'DL-24-P-9905', 'Hero Electric Photon'),
('20172WF2344', 'KA-48-J-7571', 'Suzuki Hayate'),
('20172WF2430', 'KA-16-O-3291', 'Hero Electric NYX'),
('20172WF2502', 'KA-42-L-8662', 'Honda Activa 4G'),
('20172WF2768', 'KA-44-Z-4668', 'Bajaj V Commuter'),
('20172WF2823', 'KA-06-E-7905', 'Hero Electric Maxi'),
('20172WF2970', 'KA-10-D-0844', 'Yamaha Ray ZR'),
('20172WF3032', 'KA-17-U-9670', 'BMW R 1200 R'),
('20172WF3091', 'KA-18-U-5039', 'Hero Electric Cruz'),
('20172WF3288', 'AP-34-U-9723', 'Yamaha Fazer-FI'),
('20172WF3317', 'KA-35-H-4709', 'Mahindra MOJO UT 300'),
('20172WF3329', 'KL-47-C-0228', 'Suzuki GSX R1000R'),
('20172WF3606', 'KA-43-R-2299', 'Honda Dio'),
('20172WF3639', 'KA-30-G-4902', 'TVS Apache RTR 180'),
('20172WF3648', 'KA-13-O-4864', 'Honda CB Shine SP'),
('20172WF3724', 'AP-20-O-0159', 'Hero Electric NYX'),
('20172WF3785', 'KA-31-E-3745', 'Suzuki Gixxer SF'),
('20172WF3813', 'KL-12-V-8315', 'Yamaha Fazer'),
('20172WF3886', 'KA-18-X-4976', 'Yamaha Fascino'),
('20172WF4020', 'KA-33-A-5181', 'Yamaha Fazer-FI'),
('20172WF4100', 'KA-21-E-4823', 'Honda Grazia'),
('20172WF4141', 'KA-45-J-5717', 'Bajaj Avenger Cruiser'),
('20172WF4203', 'KA-05-K-5350', 'Hero Electric Photon'),
('20172WF4229', 'KA-13-S-5443', 'Honda Activa 4G'),
('20172WF4280', 'KA-01-J-8780', 'BMW S1000 RR'),
('20172WF4335', 'KA-26-R-3447', 'Honda CB Hornet'),
('20172WF4409', 'AP-41-X-7856', 'Hero Electric Optima Plus'),
('20172WF4470', 'AP-36-J-0296', 'BMW K 1600'),
('20172WF4559', 'KA-17-I-0575', 'BMW K 1600'),
('20172WF4571', 'KA-43-C-8047', 'Yamaha YZF R15 V3'),
('20172WF4586', 'TN-13-P-1166', 'BMW K 1600'),
('20172WF4616', 'KA-49-R-5840', 'TVS Apache RTR 160'),
('20172WF4625', 'KA-02-Q-9006', 'Yamaha Fazer-FI'),
('20172WF4768', 'KA-24-B-2610', 'Honda Activa 125'),
('20172WF4772', 'KL-44-O-9724', 'Suzuki Hayabusa'),
('20172WF4825', 'KA-50-P-1962', 'Mahindra MOJO UT 300'),
('20172WF4961', 'KA-46-K-6241', 'Honda CB Shine SP'),
('20172WF5091', 'TN-41-N-3903', 'TVS Apache RTR 160'),
('20172WF5227', 'TN-39-P-5079', 'Suzuki Gixxer'),
('20172WF5285', 'KA-06-B-0288', 'Honda CB Shine SP'),
('20172WF5362', 'KL-17-E-6181', 'Hero Electric Flash'),
('20172WF5432', 'KA-21-X-2529', 'Honda CB Shine SP'),
('20172WF5510', 'AP-12-D-8525', 'BMW K 1600'),
('20172WF5612', 'KA-38-M-6507', 'Yamaha YZF R15 V3'),
('20172WF5716', 'TN-47-N-9085', 'TVS Apache RTR 160'),
('20172WF5779', 'TG-18-R-0947', 'Yamaha FZ S FI '),
('20172WF6000', 'KL-33-Q-9610', 'Suzuki Hayate'),
('20172WF6001', 'KA-08-C-6717', 'Mahindra Centuro'),
('20172WF6005', 'KA-15-T-4736', 'Hero Electric Wave Dx'),
('20172WF6139', 'KL-09-X-3351', 'Suzuki GSX R1000R'),
('20172WF6219', 'KA-44-K-8999', 'Suzuki Hayabusa'),
('20172WF6326', 'KA-48-E-5546', 'KTM 390 Duke'),
('20172WF6667', 'AP-44-X-5822', 'Hero Electric Photon'),
('20172WF6711', 'KA-15-G-6318', 'Hero Electric Flash'),
('20172WF7232', 'KA-07-B-7624', 'Honda CB Shine'),
('20172WF7290', 'KA-44-C-1182', 'Bajaj CT 100'),
('20172WF7296', 'KL-04-V-8119', 'Honda Dio'),
('20172WF7376', 'AP-28-X-1588', 'KTM 200 Duke'),
('20172WF7486', 'KL-31-I-6672', 'Yamaha Fascino'),
('20172WF7537', 'TG-09-E-9524', 'Suzuki GSX R1000R'),
('20172WF7556', 'AP-46-O-1543', 'TVS Apache RTR 200'),
('20172WF7570', 'KA-25-V-6327', 'TVS Apache RTR 160'),
('20172WF7676', 'KL-06-P-6284', 'Yamaha Fazer-FI'),
('20172WF7777', 'DL-18-B-4963', 'Mahindra MOJO XT 300'),
('20172WF7910', 'TN-27-U-3578', 'BMW K 1600'),
('20172WF7956', 'KA-31-W-4291', 'TVS Victor'),
('20172WF8140', 'DL-22-N-7967', 'Honda Livo'),
('20172WF8397', 'TG-09-S-5291', 'KTM 200 Duke'),
('20172WF8535', 'TN-14-D-6469', 'Honda Dio'),
('20172WF8666', 'KA-30-N-4317', 'Hero Electric Wave Dx'),
('20172WF8689', 'KA-25-J-0383', 'Suzuki Intruder'),
('20172WF8793', 'KL-38-R-9064', 'TVS Victor'),
('20172WF8809', 'KL-20-G-8481', 'BMW S1000 RR'),
('20172WF8895', 'TG-32-O-6611', 'Mahindra Gusto'),
('20172WF8905', 'KA-27-P-1075', 'Bajaj CT 100'),
('20172WF8958', 'KL-09-O-5588', 'Yamaha Fazer-FI'),
('20172WF8988', 'TN-07-D-7324', 'Yamaha FZ FI'),
('20172WF9002', 'KA-07-R-8718', 'Yamaha Fascino'),
('20172WF9122', 'TG-32-C-1796', 'Mahindra Gusto'),
('20172WF9437', 'KA-05-V-0472', 'Honda Dio'),
('20172WF9567', 'KA-09-K-6829', 'TVS Victor'),
('20172WF9619', 'TG-36-J-8354', 'Honda Activa 125'),
('20172WF9654', 'KA-42-X-7139', 'Mahindra MOJO UT 300'),
('20172WF9873', 'KA-20-V-2694', 'Suzuki GSX R1000R'),
('20172WH0211', 'KA-06-Q-4032', 'Suzuki Hayabusa'),
('20172WH0243', 'AP-04-U-6653', 'TVS Apache RTR 180'),
('20172WH0251', 'AP-37-O-1209', 'Hero Electric Wave Dx'),
('20172WH0271', 'KL-11-N-3314', 'BMW R NineT Racer'),
('20172WH0373', 'TN-47-I-9502', 'Bajaj Pulsar'),
('20172WH0389', 'KA-04-G-9171', 'Bajaj CT 100'),
('20172WH0617', 'KA-14-P-7318', 'TVS Apache RTR 200'),
('20172WH0971', 'KA-36-M-6869', 'BMW S1000 R'),
('20172WH1002', 'TG-06-H-9636', 'Yamaha YZF R15 V3'),
('20172WH1096', 'KL-45-B-6000', 'Hero Electric Cruz'),
('20172WH1243', 'TN-18-D-2132', 'BMW K 1600'),
('20172WH1343', 'KA-10-G-6185', 'Hero Electric Cruz'),
('20172WH1353', 'KA-04-J-4618', 'TVS Apache RR 310'),
('20172WH1429', 'KA-44-L-8062', 'Honda Activa 4G'),
('20172WH1595', 'KA-07-O-6101', 'Honda Activa 4G'),
('20172WH1803', 'KA-17-I-0676', 'Suzuki Hayabusa'),
('20172WH1836', 'AP-23-U-1324', 'Honda Activa 4G'),
('20172WH1907', 'TN-45-Y-4982', 'Mahindra Centuro'),
('20172WH2070', 'KA-07-B-2245', 'TVS Apache RR 310'),
('20172WH2081', 'KA-03-E-8384', 'Yamaha FZ FI'),
('20172WH2108', 'DL-05-V-5349', 'Bajaj V Commuter'),
('20172WH2133', 'KL-39-U-9093', 'BMW S1000 R'),
('20172WH2221', 'KL-38-Y-3826', 'Hero Electric E-Sprint'),
('20172WH2367', 'KA-18-J-2956', 'Honda Activa 4G'),
('20172WH2391', 'KA-19-X-7903', 'Hero Electric NYX'),
('20172WH2439', 'KA-23-M-2490', 'Suzuki Lets'),
('20172WH2474', 'AP-10-Z-0510', 'Hero Electric Photon'),
('20172WH2518', 'KA-36-C-1341', 'KTM RC 200'),
('20172WH2625', 'KL-24-L-5293', 'TVS Wego'),
('20172WH2636', 'KA-33-Z-6391', 'Hero Electric NYX'),
('20172WH2698', 'KA-29-J-6197', 'Bajaj Pulsar Commuter'),
('20172WH2791', 'KA-07-H-8586', 'Mahindra Gusto'),
('20172WH2902', 'KA-42-M-2989', 'Suzuki Access 125'),
('20172WH2910', 'AP-49-Y-7038', 'BMW F 850 GS'),
('20172WH2912', 'TN-36-Z-2898', 'TVS Apache RTR 200'),
('20172WH2914', 'KA-17-W-6096', 'Yamaha Fazer'),
('20172WH3057', 'KA-30-R-3487', 'Suzuki GSX R1000R'),
('20172WH3275', 'KA-25-L-6263', 'TVS Apache RTR 160'),
('20172WH3433', 'KA-47-C-9615', 'Hero Electric Wave Dx'),
('20172WH3591', 'KL-05-V-2471', 'Honda CB Hornet'),
('20172WH3675', 'KA-01-X-1153', 'Honda CLIQ'),
('20172WH3733', 'DL-26-B-2244', 'TVS Jupiter'),
('20172WH3898', 'KA-47-O-4438', 'Honda CB Shine SP'),
('20172WH3930', 'KA-49-Z-8488', 'TVS Apache RTR 160'),
('20172WH4074', 'TG-15-Z-1061', 'BMW R 1200 R'),
('20172WH4227', 'KA-03-Q-1854', 'TVS Apache RTR 160'),
('20172WH4236', 'DL-35-J-3411', 'Suzuki GSX R1000R'),
('20172WH4318', 'KA-03-Y-9755', 'Bajaj Dominar 400 '),
('20172WH4356', 'KA-11-R-9784', 'Honda CLIQ'),
('20172WH4549', 'TG-06-I-0700', 'BMW S1000 RR'),
('20172WH4602', 'DL-32-E-9473', 'Honda CB Shine SP'),
('20172WH4631', 'DL-29-X-5338', 'Honda Aviator'),
('20172WH4651', 'KA-15-D-4741', 'BMW S1000 RR'),
('20172WH4755', 'KA-14-S-0318', 'Mahindra MOJO XT 300'),
('20172WH4878', 'KA-41-L-3581', 'Suzuki Hayate'),
('20172WH4904', 'TN-08-B-1776', 'Suzuki Access 125'),
('20172WH4911', 'TG-09-L-5326', 'Suzuki Gixxer SF'),
('20172WH4999', 'AP-31-Y-4001', 'Bajaj Avenger Cruiser'),
('20172WH5030', 'KA-38-I-1958', 'BMW F 750 GS'),
('20172WH5065', 'KA-12-V-7406', 'BMW R 1200 R'),
('20172WH5073', 'KA-07-A-7918', 'Yamaha YZF R15 V3'),
('20172WH5147', 'TN-40-E-4730', 'Honda Dio'),
('20172WH5375', 'KA-10-K-1060', 'Bajaj CT 100'),
('20172WH5376', 'TG-03-Y-0750', 'Bajaj Pulsar Commuter'),
('20172WH5398', 'KA-18-A-0897', 'TVS Apache RR 310'),
('20172WH5576', 'TN-11-F-9896', 'Yamaha YZF R15 V3'),
('20172WH5702', 'TN-24-D-8459', 'Suzuki GSX R1000R'),
('20172WH5918', 'KA-42-X-9019', 'Hero Electric E-Sprint'),
('20172WH6026', 'KA-35-V-2432', 'Hero Electric Maxi'),
('20172WH6158', 'KA-48-D-1094', 'Mahindra MOJO XT 300'),
('20172WH6183', 'KA-28-W-8986', 'TVS Wego'),
('20172WH6184', 'AP-41-R-1361', 'KTM 390 Duke'),
('20172WH6209', 'KA-40-S-0831', 'Honda Grazia'),
('20172WH6221', 'DL-43-B-7085', 'BMW S1000 RR'),
('20172WH6288', 'AP-19-X-3761', 'Suzuki Intruder'),
('20172WH6424', 'KA-07-Q-7009', 'Mahindra MOJO XT 300'),
('20172WH6508', 'KL-06-G-2917', 'Yamaha YZF R15 V3'),
('20172WH6711', 'KA-12-E-4122', 'Bajaj Dominar 400 '),
('20172WH6737', 'KL-12-E-1694', 'TVS Apache RTR 180'),
('20172WH6786', 'KA-26-G-8135', 'KTM RC 390'),
('20172WH6894', 'KL-13-V-1332', 'Bajaj Platina'),
('20172WH6995', 'TG-04-N-3346', 'Yamaha Fazer'),
('20172WH7285', 'DL-42-P-6142', 'Hero Electric NYX'),
('20172WH7302', 'DL-41-Q-8602', 'Bajaj Avenger Cruiser'),
('20172WH7350', 'KA-24-H-1628', 'BMW K 1600'),
('20172WH7457', 'KL-05-Z-9603', 'Honda CB Hornet'),
('20172WH7514', 'DL-33-I-6497', 'Hero Electric Cruz'),
('20172WH7680', 'KA-12-R-4898', 'KTM 250 Duke'),
('20172WH7769', 'KL-36-I-2086', 'Honda CB Shine SP'),
('20172WH7950', 'DL-38-S-7336', 'Mahindra Centuro'),
('20172WH8153', 'DL-24-D-9881', 'Bajaj CT 100'),
('20172WH8206', 'KA-27-U-2360', 'Honda Dio'),
('20172WH8216', 'KA-07-M-6654', 'BMW R NineT Racer'),
('20172WH8253', 'KA-20-N-9262', 'BMW R 1200 R'),
('20172WH8259', 'KA-15-V-8172', 'Hero Electric Cruz'),
('20172WH8284', 'KA-41-I-1904', 'Suzuki GSX R1000R'),
('20172WH8349', 'KL-32-G-3007', 'KTM RC 200'),
('20172WH8437', 'DL-06-Z-7607', 'TVS Wego'),
('20172WH8440', 'KA-22-E-7421', 'Yamaha FZ 25'),
('20172WH8660', 'AP-06-N-2416', 'TVS Wego'),
('20172WH8754', 'KA-36-P-7671', 'Mahindra Gusto 125'),
('20172WH8823', 'KA-29-O-4356', 'Honda Aviator'),
('20172WH8854', 'TN-17-U-2268', 'Suzuki Lets'),
('20172WH8900', 'KA-26-S-8798', 'Suzuki Access 125'),
('20172WH8901', 'KA-42-B-5527', 'Bajaj Dominar 400 '),
('20172WH8947', 'TN-34-L-2857', 'Bajaj V Commuter'),
('20172WH8979', 'AP-35-T-9748', 'Hero Electric Flash'),
('20172WH8986', 'KA-03-B-6749', 'Yamaha FZ 25'),
('20172WH9043', 'KA-42-Z-1252', 'BMW R NineT Racer'),
('20172WH9078', 'KA-05-Z-6853', 'Honda Dio'),
('20172WH9149', 'KA-47-L-1168', 'BMW F 850 GS'),
('20172WH9157', 'KL-29-Z-8837', 'Hero Electric E-Sprint'),
('20172WH9182', 'KA-08-G-8140', 'Honda Aviator'),
('20172WH9207', 'KL-37-A-6249', 'Yamaha Fazer-FI'),
('20172WH9528', 'KA-03-Q-1631', 'Hero Electric NYX'),
('20172WH9648', 'KA-39-A-3159', 'Mahindra MOJO XT 300'),
('20172WH9763', 'AP-29-V-5625', 'BMW R 1200 R'),
('20172WH9780', 'KA-50-Q-1637', 'Hero Electric Maxi'),
('20172WH9804', 'KA-50-Y-1020', 'Mahindra Gusto 125'),
('20172WH9908', 'TN-49-N-0279', 'BMW S1000 R'),
('20172WN0015', 'TG-34-N-1172', 'Bajaj Pulsar'),
('20172WN1115', 'KL-18-B-5164', 'KTM RC 200'),
('20172WN1281', 'KA-08-T-6173', 'Suzuki Hayabusa'),
('20172WN3848', 'KA-14-U-8894', 'Mahindra Gusto 125'),
('20172WN5288', 'KA-48-J-8018', 'TVS Apache RTR 200'),
('20172WN5853', 'TG-19-Y-3090', 'Suzuki Lets'),
('20172WN7122', 'KA-45-H-0113', 'Yamaha Fascino'),
('20172WN7726', 'KA-41-S-8548', 'Hero Electric Flash'),
('20172WN8447', 'TN-27-A-9279', 'Hero Electric Maxi'),
('20172WN8878', 'KA-45-B-9124', 'Honda Dio'),
('20172WN9582', 'KL-16-I-1497', 'Yamaha FZ S FI '),
('20172WS0006', 'KA-50-C-6450', 'BMW R 1200 R'),
('20172WS0008', 'AP-48-Q-1450', 'Bajaj Discover'),
('20172WS0017', 'KL-29-G-2953', 'Bajaj Pulsar Commuter'),
('20172WS0165', 'AP-29-D-0336', 'Honda CB Hornet'),
('20172WS0238', 'TN-49-Q-9589', 'BMW R 1200 RS'),
('20172WS0271', 'KA-21-R-9555', 'Suzuki Gixxer SF'),
('20172WS0275', 'KA-16-G-4395', 'Bajaj CT 100'),
('20172WS0290', 'KL-14-U-7884', 'TVS Wego'),
('20172WS0291', 'KA-03-T-2630', 'Bajaj Pulsar'),
('20172WS0303', 'KA-32-M-6244', 'BMW K 1600'),
('20172WS0349', 'KA-07-L-2702', 'Mahindra Gusto'),
('20172WS0350', 'AP-47-K-0245', 'Hero Electric Photon'),
('20172WS0399', 'DL-23-E-5949', 'Honda Dio'),
('20172WS0446', 'KA-03-L-1015', 'Hero Electric NYX'),
('20172WS0457', 'DL-33-D-4208', 'TVS Victor'),
('20172WS0523', 'KA-29-J-6819', 'Yamaha Fazer'),
('20172WS0547', 'KA-47-J-6892', 'BMW S1000 RR'),
('20172WS0561', 'KA-25-K-3975', 'BMW K 1600'),
('20172WS0609', 'KA-31-H-1424', 'KTM 250 Duke'),
('20172WS0612', 'KA-25-U-7212', 'Honda Dio'),
('20172WS0653', 'KA-06-I-5505', 'Mahindra MOJO UT 300'),
('20172WS0662', 'KA-46-L-2854', 'Suzuki Gixxer SF'),
('20172WS0710', 'KA-43-M-1114', 'Mahindra MOJO UT 300'),
('20172WS0720', 'KA-21-R-6311', 'KTM RC 200'),
('20172WS0766', 'KA-48-F-3771', 'Bajaj Avenger Cruiser'),
('20172WS0829', 'KL-16-L-1257', 'Suzuki Intruder'),
('20172WS0834', 'TN-41-D-1156', 'Mahindra MOJO UT 300'),
('20172WS0841', 'KA-22-W-6091', 'BMW K 1600'),
('20172WS0871', 'TN-07-M-6842', 'Bajaj Dominar 400 '),
('20172WS0877', 'KA-24-J-6517', 'Yamaha Ray ZR'),
('20172WS0882', 'TG-32-T-0098', 'Honda Livo'),
('20172WS0885', 'KA-02-D-6873', 'Hero Electric Optima Plus'),
('20172WS0922', 'TG-28-J-9106', 'Honda Activa 4G'),
('20172WS0970', 'TN-42-Q-4537', 'BMW K 1600'),
('20172WS1067', 'KA-49-O-0901', 'BMW F 750 GS'),
('20172WS1146', 'TN-35-E-2706', 'Honda Activa'),
('20172WS1173', 'KL-39-C-7042', 'Hero Electric Cruz'),
('20172WS1176', 'AP-07-Q-1923', 'BMW R NineT Racer'),
('20172WS1217', 'DL-12-I-7044', 'TVS Apache RR 310'),
('20172WS1283', 'KA-33-E-1994', 'Honda Activa 4G'),
('20172WS1320', 'DL-37-M-8749', 'Honda CB Hornet'),
('20172WS1328', 'KA-31-L-4574', 'BMW R 1200 R'),
('20172WS1331', 'KA-17-W-1388', 'Yamaha Fazer'),
('20172WS1350', 'KA-10-L-6131', 'BMW R 1200 R'),
('20172WS1375', 'DL-49-Z-1786', 'Yamaha Ray ZR'),
('20172WS1386', 'KA-36-T-2770', 'Bajaj Pulsar Commuter'),
('20172WS1394', 'KA-12-J-7025', 'Honda Grazia'),
('20172WS1400', 'TN-13-G-9286', 'TVS Victor'),
('20172WS1436', 'KA-20-N-5878', 'Bajaj Pulsar'),
('20172WS1439', 'KA-46-J-2776', 'BMW F 850 GS'),
('20172WS1440', 'KA-40-F-8055', 'Yamaha Ray ZR'),
('20172WS1446', 'KA-31-K-5073', 'KTM 200 Duke'),
('20172WS1462', 'AP-19-X-0744', 'Yamaha Ray ZR'),
('20172WS1463', 'DL-08-K-5370', 'Honda Activa 4G'),
('20172WS1503', 'TN-41-K-0169', 'Honda Activa 125'),
('20172WS1593', 'KL-32-S-5630', 'Suzuki Hayabusa'),
('20172WS1616', 'KA-35-A-3191', 'BMW F 750 GS'),
('20172WS1636', 'KA-18-D-5098', 'Bajaj Discover'),
('20172WS1656', 'TN-40-T-8400', 'TVS Apache RR 310'),
('20172WS1755', 'AP-12-F-7808', 'BMW R 1200 RS'),
('20172WS1772', 'TG-03-G-5178', 'Hero Electric Optima Plus'),
('20172WS1859', 'TN-49-N-6493', 'Suzuki Hayate'),
('20172WS1894', 'KA-32-T-0126', 'Yamaha Fazer'),
('20172WS1938', 'AP-46-Y-8046', 'BMW R 1200 R'),
('20172WS1978', 'KA-22-N-3238', 'Honda Aviator'),
('20172WS1982', 'KA-35-C-7699', 'BMW S1000 R'),
('20172WS2044', 'AP-35-W-6501', 'Bajaj CT 100'),
('20172WS2063', 'KA-45-T-7694', 'Bajaj Discover'),
('20172WS2090', 'TG-22-X-4702', 'Yamaha YZF R15 V3'),
('20172WS2105', 'KA-06-R-2820', 'Hero Electric Optima Plus'),
('20172WS2121', 'TN-38-S-4100', 'Bajaj Discover'),
('20172WS2130', 'KA-36-E-5663', 'Yamaha FZ FI'),
('20172WS2188', 'TN-20-Z-1806', 'Bajaj Discover'),
('20172WS2192', 'KA-02-F-5915', 'Bajaj Avenger Cruiser'),
('20172WS2198', 'KA-42-V-1566', 'Honda Aviator'),
('20172WS2210', 'DL-05-F-5411', 'KTM 390 Duke'),
('20172WS2214', 'KA-34-V-5488', 'Suzuki Gixxer'),
('20172WS2246', 'KA-32-I-9002', 'Bajaj Platina'),
('20172WS2270', 'TG-06-Q-3293', 'Bajaj Avenger Cruiser'),
('20172WS2314', 'DL-23-W-3819', 'TVS Wego'),
('20172WS2329', 'KA-46-U-5723', 'Mahindra MOJO UT 300'),
('20172WS2364', 'KA-03-O-3386', 'Yamaha Fascino'),
('20172WS2370', 'TN-49-B-1518', 'Mahindra Gusto 125'),
('20172WS2379', 'TN-14-D-2826', 'Bajaj Pulsar Commuter'),
('20172WS2394', 'TG-40-T-1469', 'Honda Aviator'),
('20172WS2537', 'KA-10-U-1277', 'TVS Wego'),
('20172WS2557', 'KA-02-X-7713', 'TVS Wego'),
('20172WS2595', 'AP-06-G-3183', 'KTM RC 390'),
('20172WS2638', 'KA-44-G-0367', 'Hero Electric NYX'),
('20172WS2736', 'KA-41-H-0913', 'BMW R 1200 RS'),
('20172WS2757', 'AP-21-A-8247', 'Honda CB Shine SP'),
('20172WS2778', 'KA-18-W-4813', 'Yamaha Fascino'),
('20172WS2780', 'KA-42-U-3747', 'Yamaha Fazer-FI'),
('20172WS2805', 'KA-28-H-4493', 'BMW R 1200 RS'),
('20172WS2858', 'KA-09-M-6658', 'Suzuki Hayabusa'),
('20172WS2950', 'KA-31-P-7827', 'Honda Grazia'),
('20172WS3043', 'DL-29-K-6630', 'KTM 200 Duke'),
('20172WS3100', 'TN-33-Z-8333', 'Honda Aviator'),
('20172WS3132', 'KA-48-E-4938', 'Honda CB Shine SP'),
('20172WS3141', 'TN-33-B-6325', 'BMW S1000 R'),
('20172WS3162', 'KA-34-G-0764', 'Hero Electric Cruz'),
('20172WS3231', 'KA-08-J-4634', 'Honda Activa 125'),
('20172WS3261', 'KA-22-X-4467', 'Yamaha Fascino'),
('20172WS3265', 'KA-08-F-9151', 'TVS Apache RTR 180'),
('20172WS3269', 'KA-50-N-2576', 'Suzuki Intruder'),
('20172WS3326', 'KA-08-J-7469', 'TVS Wego'),
('20172WS3356', 'TG-22-Z-9317', 'Honda Livo'),
('20172WS3371', 'KA-35-P-8786', 'TVS Apache RTR 200'),
('20172WS3417', 'DL-37-M-7892', 'Yamaha Fascino'),
('20172WS3507', 'TN-07-H-7895', 'Honda Activa'),
('20172WS3519', 'AP-12-Y-0786', 'Hero Electric Wave Dx'),
('20172WS3557', 'KA-36-J-7848', 'TVS Apache RR 310'),
('20172WS3570', 'KA-31-F-9662', 'Yamaha FZ S FI '),
('20172WS3571', 'KA-27-Z-0348', 'Suzuki Hayate'),
('20172WS3578', 'KA-46-A-7771', 'Honda Livo'),
('20172WS3606', 'KA-46-S-0996', 'Honda Activa 125'),
('20172WS3621', 'AP-42-A-5031', 'Bajaj CT 100'),
('20172WS3625', 'KA-37-V-0981', 'BMW F 850 GS'),
('20172WS3644', 'KA-48-I-0340', 'Hero Electric Wave Dx'),
('20172WS3680', 'KA-48-L-0708', 'Honda CB Shine'),
('20172WS3721', 'TG-12-R-7688', 'Honda Aviator'),
('20172WS3874', 'KA-05-R-5202', 'KTM 250 Duke'),
('20172WS3876', 'TN-41-W-3945', 'Yamaha FZ S FI '),
('20172WS3908', 'TN-37-G-2438', 'Honda Livo'),
('20172WS3930', 'KA-26-O-0832', 'Honda Dio'),
('20172WS3981', 'KA-41-S-7144', 'TVS Victor'),
('20172WS3996', 'DL-50-W-6713', 'Honda CB Hornet'),
('20172WS4020', 'KA-38-A-8473', 'Hero Electric NYX'),
('20172WS4051', 'AP-08-A-5613', 'Bajaj Dominar 400 '),
('20172WS4071', 'KA-06-P-4113', 'TVS Sport'),
('20172WS4099', 'AP-07-H-0615', 'Honda CLIQ'),
('20172WS4202', 'KL-06-M-4491', 'Hero Electric Cruz'),
('20172WS4214', 'KA-33-Q-2550', 'Honda CB Shine SP'),
('20172WS4218', 'KA-38-W-6017', 'Yamaha Fazer-FI'),
('20172WS4242', 'DL-04-C-5621', 'TVS Jupiter'),
('20172WS4293', 'DL-50-T-1558', 'KTM RC 390'),
('20172WS4296', 'TG-19-W-8113', 'Hero Electric E-Sprint'),
('20172WS4307', 'KA-31-Z-0140', 'Honda Aviator'),
('20172WS4308', 'TG-45-P-1863', 'Honda CB Shine'),
('20172WS4360', 'KA-30-Y-5112', 'Hero Electric Maxi'),
('20172WS4372', 'KL-47-L-3970', 'TVS Jupiter'),
('20172WS4403', 'KA-10-N-0317', 'Hero Electric Wave Dx'),
('20172WS4480', 'KA-48-V-5171', 'Honda Activa'),
('20172WS4517', 'KA-08-O-0779', 'Suzuki Gixxer SF'),
('20172WS4557', 'KA-43-E-0645', 'TVS Apache RTR 200'),
('20172WS4572', 'KL-11-S-9017', 'Yamaha FZ 25'),
('20172WS4596', 'AP-19-T-3577', 'Honda Activa 125'),
('20172WS4630', 'KA-48-V-7473', 'Honda Grazia'),
('20172WS4638', 'KL-02-P-3649', 'Yamaha Fascino'),
('20172WS4652', 'TN-18-U-2888', 'Bajaj Pulsar'),
('20172WS4762', 'KA-35-T-1083', 'Honda CB Shine'),
('20172WS4852', 'TG-27-L-1385', 'Honda Aviator'),
('20172WS4881', 'KA-09-K-7020', 'Yamaha Ray ZR'),
('20172WS4888', 'KL-41-R-5737', 'TVS Victor'),
('20172WS4899', 'TN-32-O-4874', 'Suzuki Gixxer'),
('20172WS4918', 'KA-04-T-0287', 'Suzuki Hayabusa'),
('20172WS4930', 'DL-03-T-7399', 'Mahindra MOJO XT 300'),
('20172WS4933', 'KA-12-N-8399', 'Yamaha FZ 25'),
('20172WS5029', 'AP-21-E-6406', 'BMW F 750 GS'),
('20172WS5045', 'KA-21-J-7575', 'Bajaj Pulsar Commuter'),
('20172WS5108', 'KA-05-R-5148', 'Yamaha YZF R15 V3'),
('20172WS5151', 'KA-21-R-4849', 'Suzuki Access 125'),
('20172WS5152', 'AP-39-E-0894', 'Yamaha Fascino'),
('20172WS5157', 'KA-20-N-9439', 'Suzuki GSX R1000R'),
('20172WS5233', 'KA-02-A-9016', 'BMW F 850 GS'),
('20172WS5276', 'TN-47-N-0079', 'Yamaha Ray ZR'),
('20172WS5319', 'DL-18-C-9790', 'KTM 390 Duke'),
('20172WS5330', 'KL-32-N-3272', 'KTM RC 390'),
('20172WS5344', 'TN-45-C-5694', 'Hero Electric Wave Dx'),
('20172WS5348', 'KA-07-Q-7199', 'Bajaj Avenger Cruiser'),
('20172WS5526', 'TN-16-W-0328', 'Honda Activa'),
('20172WS5554', 'TN-02-C-6109', 'Honda CB Shine SP'),
('20172WS5597', 'KA-38-F-8147', 'Hero Electric Photon'),
('20172WS5603', 'KA-41-C-5398', 'Yamaha Fascino'),
('20172WS5659', 'DL-45-H-8076', 'KTM 250 Duke'),
('20172WS5675', 'KA-35-C-7468', 'Mahindra Gusto 125'),
('20172WS5707', 'TG-20-S-0179', 'Hero Electric Wave Dx'),
('20172WS5719', 'KA-42-W-6562', 'Bajaj V Commuter'),
('20172WS5782', 'KL-22-J-5420', 'Yamaha FZ FI'),
('20172WS5815', 'TG-36-W-4951', 'Suzuki Lets'),
('20172WS5868', 'AP-46-E-9686', 'Yamaha FZ FI'),
('20172WS5873', 'KA-15-B-0481', 'Honda Dio'),
('20172WS5929', 'DL-09-T-1656', 'TVS Apache RTR 180'),
('20172WS5946', 'TG-37-A-6412', 'Suzuki Access 125'),
('20172WS6059', 'KL-46-X-5174', 'Yamaha FZ S FI '),
('20172WS6064', 'KA-13-B-1934', 'Bajaj Discover'),
('20172WS6071', 'AP-22-I-7555', 'Honda CB Shine SP'),
('20172WS6089', 'KL-24-N-1703', 'Mahindra Centuro'),
('20172WS6106', 'DL-46-U-4461', 'Suzuki Access 125'),
('20172WS6108', 'AP-24-A-7049', 'Honda Grazia'),
('20172WS6112', 'TG-14-R-8947', 'BMW F 750 GS'),
('20172WS6170', 'KA-18-Q-5376', 'Honda CB Shine SP'),
('20172WS6177', 'TG-20-U-5182', 'TVS Apache RTR 180'),
('20172WS6180', 'KL-14-B-2090', 'Bajaj Discover'),
('20172WS6194', 'KA-44-B-9663', 'TVS Wego'),
('20172WS6226', 'KA-42-W-4025', 'Honda Aviator'),
('20172WS6228', 'KA-19-Y-2971', 'Honda CB Shine SP'),
('20172WS6248', 'KA-18-H-5529', 'Hero Electric Flash'),
('20172WS6263', 'TG-40-T-5292', 'Suzuki Intruder'),
('20172WS6278', 'TG-11-D-3037', 'BMW S1000 RR'),
('20172WS6284', 'DL-33-Q-0051', 'Hero Electric Cruz'),
('20172WS6324', 'KA-30-L-6802', 'KTM 200 Duke'),
('20172WS6329', 'AP-27-Y-9459', 'Suzuki Gixxer SF'),
('20172WS6345', 'TG-10-I-5455', 'Honda Livo'),
('20172WS6358', 'TN-02-M-5176', 'Bajaj Pulsar'),
('20172WS6417', 'KA-30-J-8821', 'Yamaha FZ FI'),
('20172WS6517', 'TG-44-H-4647', 'Yamaha FZ FI'),
('20172WS6562', 'KA-03-B-9210', 'BMW F 850 GS'),
('20172WS6592', 'KL-35-V-9024', 'Honda Aviator'),
('20172WS6593', 'KL-05-R-9641', 'Honda CB Hornet'),
('20172WS6609', 'TN-47-U-8259', 'TVS Sport'),
('20172WS6818', 'DL-46-W-7267', 'KTM 200 Duke'),
('20172WS6819', 'DL-08-X-5360', 'Mahindra Gusto 125'),
('20172WS6850', 'KA-08-C-8838', 'Honda Activa 4G'),
('20172WS6857', 'DL-31-Y-0563', 'Mahindra Centuro'),
('20172WS6893', 'TG-42-Z-8570', 'Hero Electric NYX'),
('20172WS6897', 'KL-17-D-1227', 'Yamaha Ray ZR'),
('20172WS6983', 'KA-19-D-5709', 'Honda Grazia'),
('20172WS6992', 'TN-41-G-1243', 'Bajaj Platina'),
('20172WS7033', 'KA-18-K-9952', 'Hero Electric E-Sprint'),
('20172WS7042', 'KL-19-S-0177', 'Bajaj V Commuter'),
('20172WS7079', 'KA-35-A-6177', 'TVS Jupiter'),
('20172WS7085', 'KA-31-J-9751', 'Honda Activa 125'),
('20172WS7128', 'KA-02-T-5156', 'Suzuki Access 125'),
('20172WS7140', 'AP-18-I-3891', 'Yamaha YZF R15 V3'),
('20172WS7214', 'KL-39-K-6090', 'KTM 250 Duke'),
('20172WS7278', 'KA-06-S-3392', 'TVS Victor'),
('20172WS7413', 'KA-28-T-1586', 'Honda Activa'),
('20172WS7482', 'KA-02-H-5789', 'Yamaha FZ FI'),
('20172WS7552', 'KA-02-X-6110', 'BMW R 1200 R'),
('20172WS7606', 'KA-08-J-5734', 'Bajaj CT 100'),
('20172WS7678', 'DL-18-J-9045', 'Honda Aviator'),
('20172WS7747', 'KA-21-O-7370', 'Honda Activa 4G'),
('20172WS7767', 'DL-41-R-7527', 'Honda Activa 4G'),
('20172WS7770', 'DL-01-A-9742', 'Honda Activa 125'),
('20172WS7777', 'TG-17-N-4103', 'Mahindra MOJO XT 300'),
('20172WS7800', 'KA-36-L-2029', 'Suzuki Gixxer SF'),
('20172WS7823', 'KA-45-L-9729', 'Bajaj Discover'),
('20172WS7892', 'KL-07-M-1617', 'Bajaj Avenger Cruiser'),
('20172WS7903', 'KL-11-I-6710', 'Yamaha Fazer-FI'),
('20172WS7912', 'KL-18-X-7286', 'Honda Dio'),
('20172WS7917', 'KA-40-F-6378', 'Honda CB Shine SP'),
('20172WS7960', 'AP-15-E-4269', 'BMW R 1200 R'),
('20172WS8048', 'DL-07-W-0391', 'Hero Electric E-Sprint'),
('20172WS8061', 'KA-48-W-2659', 'Yamaha Fazer'),
('20172WS8078', 'KA-49-N-2214', 'Honda Activa 4G'),
('20172WS8081', 'KA-47-X-1706', 'Suzuki Intruder'),
('20172WS8105', 'KL-11-L-8723', 'BMW R 1200 RS'),
('20172WS8144', 'TG-16-H-5289', 'Mahindra Gusto 125'),
('20172WS8167', 'KA-19-D-8893', 'Yamaha Ray ZR'),
('20172WS8191', 'AP-33-E-4215', 'Hero Electric Flash'),
('20172WS8219', 'KA-03-X-8239', 'Mahindra Centuro'),
('20172WS8249', 'DL-35-C-6744', 'Suzuki Gixxer SF'),
('20172WS8250', 'DL-26-R-4762', 'Honda Activa'),
('20172WS8251', 'KA-04-M-6410', 'KTM RC 200'),
('20172WS8325', 'AP-26-X-7825', 'TVS Apache RR 310'),
('20172WS8340', 'KA-13-Z-4635', 'Mahindra Gusto'),
('20172WS8348', 'KA-26-O-0132', 'Bajaj V Commuter'),
('20172WS8386', 'DL-24-I-1181', 'Bajaj Pulsar'),
('20172WS8448', 'KA-36-P-4894', 'Suzuki Hayate'),
('20172WS8513', 'KA-10-E-6948', 'Bajaj Discover'),
('20172WS8516', 'AP-13-U-4689', 'BMW K 1600'),
('20172WS8541', 'TG-41-Z-1365', 'Hero Electric NYX'),
('20172WS8646', 'KA-22-S-0519', 'Hero Electric E-Sprint'),
('20172WS8651', 'KL-48-L-8716', 'Bajaj Discover'),
('20172WS8679', 'AP-44-A-1124', 'Hero Electric Wave Dx'),
('20172WS8694', 'KL-22-N-5104', 'TVS Jupiter'),
('20172WS8725', 'KA-35-I-4023', 'Mahindra MOJO UT 300'),
('20172WS8735', 'AP-31-T-9041', 'Yamaha Ray ZR'),
('20172WS8838', 'KA-21-Y-8396', 'Mahindra MOJO UT 300'),
('20172WS8840', 'KL-41-M-7342', 'Honda Activa 4G'),
('20172WS8872', 'KA-42-J-0410', 'Suzuki Hayabusa'),
('20172WS8921', 'KA-18-L-4045', 'Bajaj Discover'),
('20172WS9017', 'DL-44-O-7831', 'Yamaha Ray ZR'),
('20172WS9064', 'KA-06-G-6371', 'Bajaj Pulsar'),
('20172WS9168', 'TG-39-P-9219', 'Honda CB Shine'),
('20172WS9302', 'TG-45-L-5075', 'BMW R NineT Racer'),
('20172WS9339', 'KA-39-Y-6127', 'TVS Apache RTR 180'),
('20172WS9344', 'TG-01-M-2813', 'Yamaha FZ S FI '),
('20172WS9347', 'KA-04-F-0909', 'Mahindra Centuro'),
('20172WS9365', 'KA-40-V-9757', 'BMW R 1200 R'),
('20172WS9378', 'KA-12-G-7883', 'Mahindra MOJO UT 300'),
('20172WS9393', 'DL-20-A-6287', 'Bajaj Discover'),
('20172WS9405', 'KA-11-T-5106', 'Bajaj Pulsar Commuter'),
('20172WS9418', 'DL-17-E-2136', 'BMW S1000 R'),
('20172WS9468', 'AP-01-M-9462', 'Yamaha FZ FI'),
('20172WS9508', 'KL-08-K-1281', 'Hero Electric Flash'),
('20172WS9534', 'KA-19-J-6619', 'Yamaha Fazer-FI'),
('20172WS9556', 'TG-14-J-9367', 'BMW R 1200 R'),
('20172WS9561', 'TN-18-C-0729', 'Yamaha Fazer'),
('20172WS9597', 'TG-43-S-7881', 'Mahindra Gusto'),
('20172WS9644', 'KL-15-B-0741', 'BMW R 1200 RS'),
('20172WS9679', 'KA-38-W-0035', 'TVS Sport'),
('20172WS9725', 'KA-32-Z-7165', 'Suzuki Gixxer SF'),
('20172WS9726', 'KA-33-W-6268', 'TVS Apache RTR 160'),
('20172WS9740', 'KA-10-G-8818', 'Hero Electric Photon'),
('20172WS9746', 'DL-31-W-9470', 'Bajaj V Commuter'),
('20172WS9752', 'TN-38-E-4622', 'BMW R 1200 RS'),
('20172WS9755', 'KA-19-Y-8337', 'Yamaha Fascino'),
('20172WS9768', 'KL-05-Y-4022', 'TVS Jupiter'),
('20172WS9783', 'KA-47-I-8234', 'Bajaj Pulsar Commuter'),
('20172WS9825', 'KA-09-P-5195', 'Honda CLIQ'),
('20172WS9854', 'DL-49-V-1949', 'BMW F 750 GS'),
('20172WS9885', 'KL-09-R-1539', 'Honda Grazia'),
('20172WS9915', 'KA-30-L-6513', 'TVS Apache RTR 200'),
('20172WS9945', 'KA-15-P-5325', 'Honda CB Shine SP'),
('20172WS9954', 'KA-14-A-5268', 'Yamaha Ray ZR'),
('20172WS9990', 'KA-24-B-3039', 'Suzuki GSX R1000R'),
('20172WS9991', 'DL-22-Z-6578', 'BMW F 750 GS'),
('20172WS9996', 'KA-49-M-7310', 'Suzuki Gixxer SF'),
('20174WF0536', 'KA-23-Q-5297', 'Honda Fit'),
('20174WF1039', 'DL-12-O-4360', 'Nissan Sentra'),
('20174WF1235', 'KA-05-D-1874', 'Chevrolet Silverado 1500'),
('20174WF1392', 'AP-16-B-7502', 'Ford E-Series'),
('20174WF1752', 'DL-09-M-3884', 'Chevrolet Silverado'),
('20174WF2145', 'DL-44-I-2011', 'Nissan Altima'),
('20174WF2175', 'KL-37-I-5845', 'Chevrolet Express 1500'),
('20174WF2499', 'KA-36-P-0213', 'Toyota Matrix'),
('20174WF2630', 'DL-04-U-6101', 'Chevrolet Express 3500'),
('20174WF2680', 'KA-22-H-9511', 'Ford Expedition'),
('20174WF2830', 'DL-47-O-7505', 'Ford Bronco'),
('20174WF2926', 'KA-15-H-8456', 'Chevrolet Astro'),
('20174WF3048', 'KA-29-W-2703', 'Ford Expedition'),
('20174WF3547', 'AP-31-X-0313', 'Chevrolet Avalanche 1500'),
('20174WF3634', 'TG-21-W-8500', 'Chevrolet Volt'),
('20174WF3902', 'KA-35-S-3003', 'Chevrolet 3500'),
('20174WF4398', 'KA-36-Q-0422', 'Chevrolet Malibu'),
('20174WF4416', 'KA-33-K-5831', 'Toyota Solara'),
('20174WF4421', 'KA-44-V-0941', 'Suzuki Sidekick'),
('20174WF4967', 'KL-47-G-4815', 'Ford Fairlane'),
('20174WF4980', 'TN-32-D-1185', 'Chevrolet S10'),
('20174WF5051', 'KL-15-U-7796', 'Chevrolet Express 2500'),
('20174WF5322', 'KA-43-D-3102', 'Chevrolet Silverado Hybrid'),
('20174WF5383', 'KA-34-D-2521', 'Ford F150'),
('20174WF5468', 'KA-07-F-9193', 'Suzuki X-90'),
('20174WF5714', 'KA-29-O-8407', 'Toyota Tundra'),
('20174WF5737', 'KA-36-Q-2675', 'Chevrolet Silverado 2500'),
('20174WF5866', 'TN-47-U-4158', 'Nissan Xterra'),
('20174WF5903', 'DL-39-D-7293', 'Chevrolet Corvette'),
('20174WF6074', 'KA-24-G-7850', 'Honda S2000'),
('20174WF6171', 'KA-38-V-6852', 'Suzuki Esteem'),
('20174WF6257', 'KA-40-N-0137', 'Nissan Pathfinder'),
('20174WF6266', 'DL-12-F-9612', 'Suzuki Grand Vitara'),
('20174WF6279', 'TG-13-D-0380', 'Toyota Prius Plug-in Hybrid'),
('20174WF6381', 'AP-01-U-6639', 'Toyota RAV4'),
('20174WF6570', 'TN-07-E-5255', 'Ford Tempo'),
('20174WF6674', 'KA-14-N-6662', 'Chevrolet Silverado'),
('20174WF6905', 'TG-34-K-8313', 'Ford F-Series'),
('20174WF7177', 'AP-07-I-4439', 'Honda Accord'),
('20174WF7245', 'TG-01-W-1046', 'Ford Festiva'),
('20174WF7419', 'DL-05-L-0923', 'Suzuki XL7'),
('20174WF7564', 'TG-34-O-9581', 'Toyota Celica'),
('20174WF8026', 'KL-08-J-6050', 'Nissan Quest'),
('20174WF8101', 'KA-23-T-2769', 'Nissan Versa'),
('20174WF8203', 'KA-31-S-2621', 'Chevrolet Cavalier'),
('20174WF8263', 'KA-45-U-7939', 'Chevrolet Corvette'),
('20174WF8539', 'AP-27-S-1781', 'Toyota RAV4'),
('20174WF8616', 'DL-39-I-7875', 'Suzuki Sidekick'),
('20174WF8797', 'KA-46-W-6452', 'Nissan Quest'),
('20174WF8884', 'TG-14-D-0356', 'Ford Ranger'),
('20174WF8941', 'KA-20-U-8551', 'Ford Escort'),
('20174WF9209', 'KA-41-I-3678', 'Ford Escape'),
('20174WF9726', 'KA-08-F-2584', 'Ford Bronco'),
('20174WH0305', 'KA-17-B-4270', 'Toyota T100 Xtra'),
('20174WH0356', 'KA-10-W-5403', 'Honda Insight'),
('20174WH0394', 'KA-07-G-0623', 'Ford E-Series'),
('20174WH0423', 'KA-50-Y-3139', 'Ford LTD Crown Victoria'),
('20174WH0478', 'KA-27-S-6990', 'Chevrolet G-Series G10'),
('20174WH0627', 'KA-01-M-8431', 'Toyota 4Runner'),
('20174WH0757', 'KA-34-R-4374', 'Nissan Pathfinder'),
('20174WH0762', 'KA-38-A-6650', 'Toyota RAV4'),
('20174WH1028', 'KA-06-I-2411', 'Ford Econoline E150'),
('20174WH1072', 'KA-06-H-2776', 'Ford Escort ZX2'),
('20174WH1202', 'KA-40-D-2209', 'Honda Accord'),
('20174WH1431', 'KA-44-V-2499', 'Ford Mustang'),
('20174WH1590', 'DL-08-G-5958', 'Ford Windstar'),
('20174WH1622', 'AP-47-C-6816', 'Ford Escort'),
('20174WH1757', 'KA-14-L-6327', 'Ford Ranger'),
('20174WH1766', 'KA-47-S-1124', 'Chevrolet Corsica'),
('20174WH1798', 'TN-38-F-2860', 'Ford F-Series'),
('20174WH1832', 'KA-47-X-0048', 'Suzuki Grand Vitara'),
('20174WH1955', 'KA-27-T-7629', 'Toyota Venza'),
('20174WH2026', 'KA-32-Q-9668', 'Ford F350'),
('20174WH2187', 'KA-34-Q-5525', 'Chevrolet Silverado 3500HD'),
('20174WH2212', 'KA-08-L-4626', 'Toyota Sienna'),
('20174WH2222', 'TN-46-M-3752', 'Toyota Sienna'),
('20174WH2310', 'TG-28-H-4631', 'Chevrolet Corvette'),
('20174WH2599', 'KA-22-U-6258', 'Honda Prelude'),
('20174WH2613', 'KA-02-Z-6288', 'Ford Ranger'),
('20174WH2622', 'KA-46-P-1508', 'Ford Ranger'),
('20174WH2766', 'KA-14-B-9834', 'Toyota Tacoma'),
('20174WH2996', 'AP-29-V-7091', 'Toyota Xtra'),
('20174WH3070', 'DL-39-K-4838', 'Chevrolet Avalanche'),
('20174WH3183', 'KA-17-Q-0083', 'Ford Expedition'),
('20174WH3725', 'KA-50-K-3850', 'Chevrolet Avalanche 1500'),
('20174WH4183', 'KL-24-X-4101', 'Ford F150'),
('20174WH4220', 'KA-01-U-8422', 'Ford F250'),
('20174WH4285', 'KL-27-I-8443', 'Ford Econoline E150'),
('20174WH4294', 'DL-44-L-5751', 'Chevrolet Venture'),
('20174WH4622', 'KA-05-Q-2577', 'Chevrolet Cavalier'),
('20174WH4644', 'AP-50-F-0687', 'Ford Laser'),
('20174WH4750', 'KL-17-R-8441', 'Nissan Maxima'),
('20174WH4976', 'KA-19-Q-6199', 'Honda CR-Z'),
('20174WH5211', 'KA-30-A-8547', 'Nissan Quest'),
('20174WH5271', 'KA-45-N-4048', 'Toyota Camry'),
('20174WH5504', 'KL-14-O-5887', 'Suzuki Grand Vitara'),
('20174WH5656', 'KA-11-X-4318', 'Honda Passport'),
('20174WH5734', 'KL-12-F-1535', 'Nissan 300ZX'),
('20174WH5940', 'TN-04-X-8272', 'Ford E250'),
('20174WH5987', 'TG-10-E-3122', 'Toyota Paseo'),
('20174WH6197', 'TG-02-D-5987', 'Suzuki Daewoo Magnus'),
('20174WH6560', 'TN-19-Z-7705', 'Honda Element'),
('20174WH6793', 'KA-03-C-9032', 'Toyota Camry Hybrid'),
('20174WH6872', 'KA-38-Y-2174', 'Ford ZX2'),
('20174WH6929', 'KL-26-Y-3105', 'Ford Mustang'),
('20174WH7006', 'KA-44-T-0358', 'Ford Fiesta'),
('20174WH7083', 'KL-39-F-3468', 'Chevrolet Camaro'),
('20174WH7226', 'TG-40-E-8361', 'Chevrolet Corvette'),
('20174WH7282', 'TN-21-C-7080', 'Toyota 4Runner'),
('20174WH7439', 'DL-48-I-3910', 'Chevrolet Avalanche 2500'),
('20174WH7498', 'KA-10-V-8952', 'Chevrolet Express'),
('20174WH7540', 'KA-35-F-8694', 'Nissan Altima'),
('20174WH7796', 'KA-11-X-4881', 'Chevrolet Lumina'),
('20174WH7940', 'TN-43-D-1451', 'Toyota Avalon'),
('20174WH8068', 'KA-33-D-1083', 'Ford F-Series'),
('20174WH8301', 'TG-36-R-5366', 'Ford E350'),
('20174WH8370', 'TN-17-Q-8032', 'Ford Crown Victoria'),
('20174WH8463', 'TN-22-M-4938', 'Honda CR-V'),
('20174WH8477', 'AP-03-Q-9414', 'Suzuki Kizashi'),
('20174WH8698', 'KA-24-D-4161', 'Ford Expedition EL'),
('20174WH8795', 'AP-29-C-7915', 'Ford Econoline E350'),
('20174WH8833', 'KA-33-A-6854', 'Toyota Camry'),
('20174WH8877', 'TN-45-J-8312', 'Chevrolet Aveo'),
('20174WH8989', 'KL-47-E-0561', 'Ford F350'),
('20174WH9330', 'KA-31-H-2921', 'Ford Escort'),
('20174WH9370', 'KA-36-M-8878', 'Chevrolet Corvette'),
('20174WH9410', 'KA-50-Z-3389', 'Ford E150'),
('20174WH9463', 'TN-12-V-9512', 'Nissan 240SX'),
('20174WH9465', 'KA-35-P-7266', 'Toyota 4Runner'),
('20174WH9532', 'KA-44-J-6190', 'Ford Escape'),
('20174WH9649', 'KA-10-K-3844', 'Nissan 300ZX'),
('20174WH9804', 'KA-29-T-7282', 'Honda Civic'),
('20174WH9854', 'TG-26-X-9017', 'Toyota Prius'),
('20174WN2466', 'KA-32-M-5688', 'Chevrolet Suburban 1500'),
('20174WN4863', 'KA-33-I-8374', 'Chevrolet S10'),
('20174WN6101', 'KA-44-O-0140', 'Toyota MR2'),
('20174WN7362', 'KA-23-F-9335', 'Honda Accord'),
('20174WN7722', 'KA-31-H-0207', 'Ford Bronco II'),
('20174WN7943', 'KA-46-B-2327', 'Chevrolet Impala'),
('20174WN8052', 'TN-08-V-1599', 'Ford F150'),
('20174WS0042', 'KA-30-L-0010', 'Honda Accord'),
('20174WS0747', 'KA-04-O-6712', 'Ford Econoline E350'),
('20174WS0840', 'KA-13-I-9253', 'Honda Prelude'),
('20174WS1299', 'KA-36-T-8316', 'Ford Econoline E350'),
('20174WS1639', 'AP-40-Q-4068', 'Toyota Land Cruiser'),
('20174WS1756', 'TG-24-X-4796', 'Chevrolet Corvette'),
('20174WS2499', 'DL-06-J-9985', 'Toyota 4Runner'),
('20174WS2808', 'KL-27-H-1098', 'Honda Civic'),
('20174WS2931', 'KA-25-U-3027', 'Chevrolet Suburban 2500'),
('20174WS2932', 'KA-17-F-2111', 'Ford Focus'),
('20174WS3099', 'KA-26-A-6336', 'Ford F450'),
('20174WS3357', 'KA-37-U-1864', 'Toyota Camry Hybrid'),
('20174WS3387', 'AP-49-H-5360', 'Nissan Altima'),
('20174WS3390', 'AP-21-S-7978', 'Chevrolet Cobalt SS'),
('20174WS3408', 'KA-35-H-7246', 'Suzuki Vitara'),
('20174WS3419', 'TN-34-I-8580', 'Ford Taurus'),
('20174WS3879', 'KA-10-G-4206', 'Nissan Murano'),
('20174WS4190', 'DL-13-H-1018', 'Suzuki Sidekick'),
('20174WS4723', 'KA-28-I-0767', 'Chevrolet 1500'),
('20174WS5250', 'AP-28-B-7214', 'Chevrolet Caprice'),
('20174WS5639', 'TN-24-E-5223', 'Nissan Armada'),
('20174WS6152', 'KA-43-Z-3372', 'Ford Taurus'),
('20174WS6426', 'KA-05-D-5408', 'Suzuki Samurai'),
('20174WS6432', 'TN-38-X-0475', 'Ford Thunderbird'),
('20174WS6637', 'TN-42-O-5195', 'Ford F-Series'),
('20174WS7045', 'AP-49-E-9041', 'Honda Civic'),
('20174WS7313', 'AP-22-U-7292', 'Ford Courier'),
('20174WS7467', 'KA-13-U-7822', 'Ford Mustang'),
('20174WS7721', 'KA-23-G-7048', 'Ford F150'),
('20174WS7828', 'DL-02-T-1780', 'Suzuki Aerio'),
('20174WS7886', 'KA-48-J-5037', 'Honda Civic'),
('20174WS7974', 'DL-23-H-0372', 'Chevrolet Malibu'),
('20174WS8188', 'TG-07-D-6503', 'Nissan JUKE'),
('20174WS8484', 'KA-27-W-1443', 'Ford Mustang'),
('20174WS8628', 'KA-07-N-6248', 'Chevrolet G-Series G30'),
('20174WS9177', 'DL-04-N-2811', 'Toyota RAV4'),
('20174WS9643', 'TG-47-F-1928', 'Toyota 4Runner'),
('20174WS9687', 'KA-18-H-1574', 'Ford F250'),
('20174WS9705', 'KA-14-V-5453', 'Ford Econoline E350'),
('20174WS9934', 'KL-11-T-3833', 'Chevrolet Express 3500'),
('20182WF0001', 'a', 'a'),
('20182WF0001', 'b', 'b'),
('20182WH0001', 'KA-02-F-1222', 'Kinetic'),
('20182WS0001', 'KA-02-F-3333', 'Kinetic'),
('20184WH0001', 'v1', 'v1'),
('20184WH0001', 'v2', 'v2');

--
-- Indexes for dumped tables
--

--
-- Indexes for table `associatedwith`
--
ALTER TABLE `associatedwith`
 ADD PRIMARY KEY (`DNo`,`ParkingAreaID`), ADD KEY `ParkingAreaID` (`ParkingAreaID`);

--
-- Indexes for table `bus`
--
ALTER TABLE `bus`
 ADD PRIMARY KEY (`BusNo`), ADD KEY `RouteNo` (`RouteNo`), ADD KEY `bus_ibfk_1` (`RouteNo`,`Date`);

--
-- Indexes for table `department`
--
ALTER TABLE `department`
 ADD PRIMARY KEY (`DNo`), ADD KEY `HoDID` (`HoDID`);

--
-- Indexes for table `drives`
--
ALTER TABLE `drives`
 ADD PRIMARY KEY (`MemberID`,`BusNo`,`DrivingDate`), ADD KEY `BusNo` (`BusNo`);

--
-- Indexes for table `enrollsfor`
--
ALTER TABLE `enrollsfor`
 ADD PRIMARY KEY (`MemberID`,`RouteNo`,`RouteSetDate`,`BusNo`), ADD KEY `RouteNo` (`RouteNo`), ADD KEY `ReceiptNo` (`ReceiptNo`), ADD KEY `enrollsfor_ibfk_3` (`BusNo`), ADD KEY `enrollsfor_ibfk_4` (`RouteNo`,`RouteSetDate`,`StopNo`);

--
-- Indexes for table `member`
--
ALTER TABLE `member`
 ADD PRIMARY KEY (`ID`), ADD KEY `DNumber` (`DNumber`);

--
-- Indexes for table `memberattendance`
--
ALTER TABLE `memberattendance`
 ADD PRIMARY KEY (`MemberID`,`Date`);

--
-- Indexes for table `parkinglot`
--
ALTER TABLE `parkinglot`
 ADD PRIMARY KEY (`ParkingAreaID`);

--
-- Indexes for table `registersfor`
--
ALTER TABLE `registersfor`
 ADD PRIMARY KEY (`MemberID`,`VID`), ADD KEY `ReceiptNo` (`ReceiptNo`), ADD KEY `VID` (`VID`);

--
-- Indexes for table `route`
--
ALTER TABLE `route`
 ADD PRIMARY KEY (`RouteNo`,`Date`);

--
-- Indexes for table `routedetails`
--
ALTER TABLE `routedetails`
 ADD PRIMARY KEY (`RouteNo`,`Date`,`StopNo`);

--
-- Indexes for table `vehicle`
--
ALTER TABLE `vehicle`
 ADD PRIMARY KEY (`VID`), ADD KEY `ParkingAreaID` (`ParkingAreaID`);

--
-- Indexes for table `vehicleattendance`
--
ALTER TABLE `vehicleattendance`
 ADD PRIMARY KEY (`VID`,`Date`);

--
-- Indexes for table `vehicledetails`
--
ALTER TABLE `vehicledetails`
 ADD PRIMARY KEY (`VID`,`VNo`);

--
-- Constraints for dumped tables
--

--
-- Constraints for table `associatedwith`
--
ALTER TABLE `associatedwith`
ADD CONSTRAINT `associatedwith_ibfk_1` FOREIGN KEY (`ParkingAreaID`) REFERENCES `parkinglot` (`ParkingAreaID`) ON DELETE CASCADE ON UPDATE CASCADE,
ADD CONSTRAINT `associatedwith_ibfk_2` FOREIGN KEY (`DNo`) REFERENCES `department` (`DNo`) ON DELETE CASCADE ON UPDATE CASCADE;

--
-- Constraints for table `bus`
--
ALTER TABLE `bus`
ADD CONSTRAINT `bus_ibfk_1` FOREIGN KEY (`RouteNo`, `Date`) REFERENCES `route` (`RouteNo`, `Date`) ON DELETE CASCADE ON UPDATE CASCADE;

--
-- Constraints for table `department`
--
ALTER TABLE `department`
ADD CONSTRAINT `department_ibfk_1` FOREIGN KEY (`HoDID`) REFERENCES `member` (`ID`) ON DELETE CASCADE ON UPDATE CASCADE;

--
-- Constraints for table `drives`
--
ALTER TABLE `drives`
ADD CONSTRAINT `drives_ibfk_1` FOREIGN KEY (`MemberID`) REFERENCES `member` (`ID`) ON DELETE CASCADE ON UPDATE CASCADE,
ADD CONSTRAINT `drives_ibfk_2` FOREIGN KEY (`BusNo`) REFERENCES `bus` (`BusNo`) ON DELETE CASCADE ON UPDATE CASCADE;

--
-- Constraints for table `enrollsfor`
--
ALTER TABLE `enrollsfor`
ADD CONSTRAINT `enrollsfor_ibfk_1` FOREIGN KEY (`MemberID`) REFERENCES `member` (`ID`) ON DELETE CASCADE ON UPDATE CASCADE,
ADD CONSTRAINT `enrollsfor_ibfk_3` FOREIGN KEY (`BusNo`) REFERENCES `bus` (`BusNo`) ON DELETE CASCADE ON UPDATE CASCADE,
ADD CONSTRAINT `enrollsfor_ibfk_4` FOREIGN KEY (`RouteNo`, `RouteSetDate`, `StopNo`) REFERENCES `routedetails` (`RouteNo`, `Date`, `StopNo`) ON DELETE CASCADE ON UPDATE CASCADE;

--
-- Constraints for table `member`
--
ALTER TABLE `member`
ADD CONSTRAINT `member_ibfk_1` FOREIGN KEY (`DNumber`) REFERENCES `department` (`DNo`) ON DELETE CASCADE ON UPDATE CASCADE;

--
-- Constraints for table `memberattendance`
--
ALTER TABLE `memberattendance`
ADD CONSTRAINT `memberattendance_ibfk_1` FOREIGN KEY (`MemberID`) REFERENCES `member` (`ID`) ON DELETE CASCADE ON UPDATE CASCADE;

--
-- Constraints for table `registersfor`
--
ALTER TABLE `registersfor`
ADD CONSTRAINT `registersfor_ibfk_1` FOREIGN KEY (`MemberID`) REFERENCES `member` (`ID`) ON DELETE CASCADE ON UPDATE CASCADE,
ADD CONSTRAINT `registersfor_ibfk_3` FOREIGN KEY (`VID`) REFERENCES `vehicle` (`VID`) ON DELETE CASCADE ON UPDATE CASCADE;

--
-- Constraints for table `routedetails`
--
ALTER TABLE `routedetails`
ADD CONSTRAINT `routedetails_ibfk_1` FOREIGN KEY (`RouteNo`, `Date`) REFERENCES `route` (`RouteNo`, `Date`) ON DELETE CASCADE ON UPDATE CASCADE;

--
-- Constraints for table `vehicle`
--
ALTER TABLE `vehicle`
ADD CONSTRAINT `vehicle_ibfk_1` FOREIGN KEY (`ParkingAreaID`) REFERENCES `parkinglot` (`ParkingAreaID`) ON DELETE CASCADE ON UPDATE CASCADE;

--
-- Constraints for table `vehicleattendance`
--
ALTER TABLE `vehicleattendance`
ADD CONSTRAINT `vehicleattendance_ibfk_1` FOREIGN KEY (`VID`) REFERENCES `vehicle` (`VID`) ON DELETE CASCADE ON UPDATE CASCADE;

--
-- Constraints for table `vehicledetails`
--
ALTER TABLE `vehicledetails`
ADD CONSTRAINT `vehicledetails_ibfk_1` FOREIGN KEY (`VID`) REFERENCES `vehicle` (`VID`) ON DELETE CASCADE ON UPDATE CASCADE;

/*!40101 SET CHARACTER_SET_CLIENT=@OLD_CHARACTER_SET_CLIENT */;
/*!40101 SET CHARACTER_SET_RESULTS=@OLD_CHARACTER_SET_RESULTS */;
/*!40101 SET COLLATION_CONNECTION=@OLD_COLLATION_CONNECTION */;
